x,y,sigma
0.95667495,0.27552443,1
0.9484321,0.28155968,1
0.95457679,0.26732511,1
0.94965847,0.29255964,1
0.90984487,0.40223933,1
0.93887454,0.27560207,1
0.96083468,0.26110933,1
0.94364819,0.26626973,1
0.93960666,0.30060001,1
0.90790426,0.39011425,1
0.89915837,0.40981536,1
0.94172774,0.31423426,1
0.91725781,0.38121101,1
0.89911052,0.42219441,1
0.82245115,0.55867792,1
0.83203906,0.54684682,1
0.83860479,0.53297232,1
0.84774929,0.52070082,1
0.85449652,0.50710273,1
0.86331828,0.49451343,1
0.8700057,0.48067906,1
0.8793391,0.46455552,1
0.88657883,0.44304612,1
0.92492223,0.35891684,1
0.93341079,0.33607021,1
0.9288953,0.28045041,1
0.95497633,0.25265127,1
0.9426767,0.25649813,1
0.92840105,0.29444838,1
0.89487443,0.38915678,1
0.88926291,0.40176251,1
0.9307415,0.32204656,1
0.91407799,0.36828704,1
0.8857864,0.42956437,1
0.82314987,0.55004088,1
0.81428969,0.56238589,1
0.83088499,0.53707439,1
0.83843782,0.52383626,1
0.84630401,0.51095693,1
0.8541136,0.4979205,1
0.86199767,0.48472612,1
0.86940294,0.4704994,1
0.87639637,0.45110364,1
0.92182991,0.34484288,1
0.8146311,0.57184457,1
0.80500976,0.58352909,1
0.91588454,0.27498136,1
0.96103725,0.24610431,1
0.92849057,0.25011372,1
0.91537526,0.3000137,1
0.88922133,0.37729301,1
0.87403922,0.4052845,1
0.91559462,0.31397763,1
0.89907133,0.3653265,1
0.87061056,0.4207073,1
0.8135968,0.54110751,1
0.80304943,0.5581465,1
0.81856884,0.53241618,1
0.82928187,0.51485534,1
0.83451682,0.50633355,1
0.84457424,0.48904911,1
0.84996137,0.4802906,1
0.85954001,0.46300732,1
0.86291176,0.45047101,1
0.90652327,0.3392313,1
0.80565192,0.57476099,1
0.79650676,0.58729434,1
0.79655576,0.59676372,1
0.77975502,0.61751757,1
0.78604037,0.60950877,1
0.9130953,0.25913798,1
0.90554449,0.28763731,1
0.95717722,0.23772914,1
0.93036527,0.23513536,1
0.87271964,0.37668209,1
0.86314906,0.39206785,1
0.90295727,0.32238969,1
0.89460894,0.35034471,1
0.85560968,0.4257971,1
0.80165783,0.54550516,1
0.79730401,0.5663328,1
0.81713269,0.51933319,1
0.83316997,0.49360795,1
0.84810647,0.46875146,1
0.85383982,0.44096341,1
0.78501109,0.58259154,1
0.78671789,0.60107261,1
0.77015204,0.61962211,1
0.7657343,0.63339153,1
0.71923221,0.68630199,1
0.73330816,0.66884476,1
0.74972218,0.65172355,1
0.89532062,0.2536997,1
0.88968981,0.28556596,1
0.96684797,0.23140133,1
0.94553161,0.23153945,1
0.91887642,0.22272324,1
0.86591869,0.36144125,1
0.84497401,0.39126921,1
0.88524433,0.3168932,1
0.87795798,0.34707037,1
0.83932729,0.41955751,1
0.787866,0.53824538,1
0.78516618,0.57039811,1
0.80259136,0.50961728,1
0.82159899,0.48561075,1
0.83450622,0.46043984,1
0.83686782,0.44518811,1
0.77824114,0.5922713,1
0.76067412,0.60991614,1
0.75330217,0.63799854,1
0.72131869,0.6732715,1
0.70626338,0.68842968,1
0.73614012,0.65589245,1
0.70218835,0.70083308,1
0.55575977,0.82446789,1
0.57029344,0.81369366,1
0.58384714,0.80567242,1
0.59567297,0.79583747,1
0.60845716,0.78743826,1
0.61984233,0.7771379,1
0.63519033,0.76582343,1
0.65120005,0.75029936,1
0.66795057,0.73424465,1
0.68488715,0.71751378,1
0.88941519,0.23592604,1
0.88225518,0.26747173,1
0.87858376,0.29962908,1
0.96353215,0.22094413,1
0.95066586,0.21969625,1
0.90077126,0.22154952,1
0.92811836,0.20749462,1
0.84839697,0.3592641,1
0.83702287,0.3737063,1
0.8338098,0.40513558,1
0.87215937,0.33046047,1
0.82750563,0.43298872,1
0.78630321,0.51880765,1
0.77412998,0.54661846,1
0.77374864,0.56273262,1
0.80465432,0.49225923,1
0.82109654,0.46777766,1
0.76494303,0.5950059,1
0.74694794,0.6146101,1
0.74399373,0.62892308,1
0.70908423,0.66641504,1
0.69938473,0.67596216,1
0.72353025,0.64544508,1
0.6883701,0.70318969,1
0.54729582,0.83012332,1
0.55791662,0.81536899,1
0.57352791,0.80537713,1
0.58652164,0.79645113,1
0.59893025,0.78739748,1
0.6109923,0.77800218,1
0.62374567,0.76762405,1
0.63927384,0.75396847,1
0.65447476,0.73765378,1
0.67096246,0.72053674,1
0.53134678,0.84085846,1
0.87042663,0.23262113,1
0.86480014,0.26416378,1
0.85913375,0.29583331,1
0.97090276,0.21445888,1
0.94474146,0.20806354,1
0.89319701,0.20298887,1
0.92186944,0.19171411,1
0.84210655,0.34200275,1
0.81941692,0.37102605,1
0.81431639,0.40196973,1
0.85382967,0.32757,1
0.8104915,0.43294351,1
0.76922011,0.51188843,1
0.75833908,0.5408264,1
0.75596858,0.56802549,1
0.79312924,0.47859946,1
0.8046924,0.46272346,1
0.75167187,0.58346319,1
0.73384068,0.60727502,1
0.72780388,0.63220072,1
0.70846383,0.65154093,1
0.68369827,0.67476278,1
0.67675868,0.68958691,1
0.53589786,0.83122293,1
0.54798057,0.80535252,1
0.56820405,0.79381063,1
0.57709928,0.78790355,1
0.59370709,0.77605432,1
0.60176474,0.7698017,1
0.61865954,0.75572515,1
0.62821672,0.74702093,1
0.64438462,0.72902425,1
0.65880702,0.71049375,1
0.52271407,0.84625278,1
0.48192274,0.86956795,1
0.4974735,0.86140663,1
0.50626692,0.85627846,1
0.86422924,0.21538765,1
0.85887701,0.24708685,1
0.85278476,0.27846223,1
0.84746463,0.31020696,1
0.97304117,0.2045053,1
0.95403813,0.19549774,1
0.90505324,0.18838209,1
0.87564355,0.2001319,1
0.933532,0.17808824,1
0.824548,0.33926045,1
0.81323247,0.35384154,1
0.80787466,0.38542311,1
0.80281976,0.41634646,1
0.79877925,0.44758111,1
0.76472728,0.49368759,1
0.754992,0.52553409,1
0.74634437,0.55440954,1
0.77620858,0.47834916,1
0.73429569,0.59103836,1
0.72066843,0.61835877,1
0.69176396,0.64527161,1
0.6766979,0.65894634,1
0.66112028,0.69386801,1
0.52725301,0.82073163,1
0.55503354,0.7921107,1
0.53290372,0.80672321,1
0.58102745,0.77594673,1
0.60552864,0.75703853,1
0.63005279,0.73472228,1
0.64570499,0.71557212,1
0.51213438,0.84658944,1
0.47172397,0.8694567,1
0.48892987,0.85964828,1
0.46453641,0.8798306,1
0.4013741,0.9083781,1
0.42291514,0.89999364,1
0.44317022,0.88886195,1
0.84722752,0.21302602,1
0.84065741,0.24464347,1
0.83433636,0.27529073,1
0.82905708,0.30727714,1
0.96840233,0.19566841,1
0.94907758,0.18130295,1
0.89971794,0.16943061,1
0.86897258,0.18118195,1
0.92940919,0.15967307,1
0.81786358,0.32189788,1
0.79648122,0.35056492,1
0.78995173,0.38249169,1
0.78411153,0.4141887,1
0.77932262,0.4456649,1
0.74673696,0.48935359,1
0.73804101,0.52089531,1
0.72882419,0.55196616,1
0.76831511,0.46055694,1
0.71710655,0.58345243,1
0.70393328,0.61490825,1
0.68826757,0.62801375,1
0.65824172,0.65380855,1
0.64574352,0.68404765,1
0.51271294,0.82251272,1
0.5462183,0.77885952,1
0.5225093,0.79429009,1
0.57175186,0.76261809,1
0.5964762,0.74419394,1
0.62085224,0.72323219,1
0.63134224,0.70982401,1
0.50650293,0.83610376,1
0.46618672,0.85931629,1
0.48393874,0.84643702,1
0.45120863,0.87917099,1
0.40967085,0.89857472,1
0.3875923,0.9064373,1
0.4304092,0.88895264,1
0.45150005,0.85765168,1
0.37955429,0.91725762,1
0.84203749,0.1966896,1
0.83520531,0.22781613,1
0.82813213,0.2585489,1
0.82227781,0.28973198,1
0.97599396,0.1862231,1
0.96025105,0.16942066,1
0.91241133,0.15434746,1
0.88119073,0.16508744,1
0.85236824,0.18010127,1
0.94137864,0.14719275,1
0.80210084,0.31992751,1
0.79203402,0.33401347,1
0.78474274,0.36481802,1
0.77768523,0.39688056,1
0.77232663,0.42886954,1
0.74257202,0.47243993,1
0.7342788,0.50291565,1
0.72386791,0.53374424,1
0.71397276,0.56510033,1
0.75266886,0.45898171,1
0.69991639,0.59623856,1
0.66892942,0.62200528,1
0.65396963,0.63412535,1
0.6436601,0.66564462,1
0.6290675,0.69492527,1
0.50155473,0.81046315,1
0.55374204,0.76343369,1
0.52877092,0.77966822,1
0.50570039,0.79624894,1
0.57875542,0.74586609,1
0.60459111,0.72590671,1
0.49120847,0.83507846,1
0.47139436,0.84621629,1
0.44370952,0.86713248,1
0.40738689,0.88428681,1
0.38153245,0.89248037,1
0.42110472,0.87796336,1
0.44636395,0.8444537,1
0.36689971,0.9160501,1
0.35918623,0.92689454,1
0.82636946,0.19383143,1
0.81775467,0.22494668,1
0.80849571,0.25664498,1
0.80152235,0.28893011,1
0.97280322,0.17417014,1
0.95667491,0.15372564,1
0.90837541,0.13450682,1
0.87635679,0.14389963,1
0.84197079,0.16686878,1
0.93774241,0.12874958,1
0.7925389,0.30450491,1
0.77689094,0.32943406,1
0.76765347,0.36047328,1
0.75898056,0.39314889,1
0.75224018,0.42693902,1
0.72721309,0.46648432,1
0.71717965,0.49650907,1
0.70603187,0.5278154,1
0.69421982,0.5584844,1
0.74358992,0.44215915,1
0.68181151,0.5901266,1
0.66649025,0.60278781,1
0.63630521,0.62733231,1
0.62469141,0.65797691,1
0.61181982,0.68768955,1
0.48778232,0.81826567,1
0.54287348,0.74800809,1
0.5187613,0.76597299,1
0.49703651,0.78340118,1
0.56804919,0.73043222,1
0.59357919,0.71309788,1
0.46016725,0.83716234,1
0.42636662,0.86583415,1
0.39303029,0.88013326,1
0.36555147,0.88992922,1
0.43059048,0.84005192,1
0.35895672,0.90267863,1
0.34559912,0.92352722,1
0.33655707,0.93313579,1
0.81410885,0.2072984,1
0.82523212,0.17644089,1
0.80357034,0.2398701,1
0.79394448,0.27258494,1
0.9803447,0.168016,1
0.96716713,0.14207807,1
0.89084808,0.12840216,1
0.92173704,0.12138926,1
0.85780331,0.13637684,1
0.84256873,0.14884716,1
0.94974149,0.11842797,1
0.77625088,0.31065153,1
0.76424887,0.34164078,1
0.75415778,0.37441529,1
0.74532041,0.40852651,1
0.71427889,0.47699141,1
0.72740909,0.44694238,1
0.70310582,0.50855989,1
0.69123521,0.5394214,1
0.67924874,0.57072455,1
0.64861005,0.59590772,1
0.6333848,0.60833214,1
0.6216086,0.63934781,1
0.60952714,0.66914423,1
0.5962615,0.6965504,1
0.47305385,0.81036772,1
0.52534012,0.74973869,1
0.55017706,0.73175862,1
0.50383581,0.76774711,1
0.48155028,0.78004907,1
0.57475805,0.71595126,1
0.45857386,0.82129401,1
0.41838368,0.85195158,1
0.38904127,0.86297864,1
0.35997136,0.87291408,1
0.42711318,0.82446799,1
0.34488966,0.90735489,1
0.3239997,0.93226825,1
0.31570055,0.94352949,1
0.79737819,0.20281627,1
0.81034781,0.1707529,1
0.78529657,0.23566233,1
0.77367138,0.26950133,1
0.9820248,0.1579761,1
0.97904812,0.14658617,1
0.96386994,0.12522358,1
0.88733684,0.10785328,1
0.91867869,0.1029039,1
0.85444202,0.11384588,1
0.8238354,0.13900315,1
0.9489411,0.099651839,1
0.76091426,0.30303149,1
0.74745644,0.33577973,1
0.73599819,0.3686531,1
0.72528424,0.40300417,1
0.69741965,0.46913433,1
0.71182354,0.43713271,1
0.68524544,0.50068228,1
0.67317003,0.53232516,1
0.66110507,0.56399486,1
0.64578764,0.57651682,1
0.61528837,0.60141969,1
0.60362879,0.6327566,1
0.59083929,0.66245426,1
0.57805863,0.68913989,1
0.46986637,0.79039881,1
0.5135131,0.73538639,1
0.53833651,0.71536475,1
0.49289668,0.75540081,1
0.47877366,0.76211025,1
0.56596423,0.70119101,1
0.44129326,0.81300143,1
0.40170762,0.84887764,1
0.37196332,0.85831061,1
0.34391141,0.86725349,1
0.40978201,0.81832654,1
0.33170176,0.89909329,1
0.3158579,0.92304691,1
0.30390378,0.94135612,1
0.78275024,0.21625678,1
0.79475449,0.18366131,1
0.80835315,0.15133678,1
0.76994884,0.2493536,1
0.75852723,0.2830208,1
0.98559907,0.13855934,1
0.97311215,0.11664468,1
0.86948426,0.10081979,1
0.90180583,0.095472576,1
0.93388366,0.091488086,1
0.836036,0.106446,1
0.82066396,0.11913295,1
0.96361324,0.093285611,1
0.74476191,0.31595297,1
0.73270145,0.34885004,1
0.7207848,0.38186435,1
0.70940621,0.4161213,1
0.68246003,0.48077439,1
0.6947683,0.44881758,1
0.67010631,0.51284156,1
0.65801096,0.54465848,1
0.62737694,0.56971001,1
0.61210292,0.58218846,1
0.60022897,0.61382866,1
0.58802374,0.64469574,1
0.5749291,0.67358908,1
0.45221943,0.78261083,1
0.5192059,0.71726192,1
0.49599515,0.7392744,1
0.54741482,0.69927811,1
0.46430075,0.75355383,1
0.43812631,0.79428717,1
0.39658325,0.83083653,1
0.36820148,0.83949783,1
0.33911369,0.84780613,1
0.33033546,0.87987467,1
0.40593002,0.80057603,1
0.31697268,0.90867607,1
0.30311797,0.92967351,1
0.29439713,0.94960618,1
0.27515995,0.95528817,1
0.76460811,0.20999241,1
0.77718404,0.17711831,1
0.78979881,0.14429095,1
0.75163219,0.24277356,1
0.7390835,0.27578919,1
0.98697179,0.12847282,1
0.98356961,0.12041859,1
0.97365584,0.10348285,1
0.86640189,0.081102618,1
0.89897621,0.076471033,1
0.93157806,0.072260862,1
0.83293739,0.086236781,1
0.80215527,0.11159908,1
0.96870969,0.079560692,1
0.72692304,0.30897904,1
0.71445907,0.34205885,1
0.70190649,0.37504868,1
0.68923105,0.40792466,1
0.66419084,0.47324555,1
0.67684616,0.44071996,1
0.65173904,0.5056328,1
0.63949053,0.53779842,1
0.62417393,0.550328,1
0.59366771,0.57532678,1
0.58179942,0.60713574,1
0.56935021,0.63854705,1
0.55556579,0.66819882,1
0.44943043,0.76370468,1
0.50585076,0.70460475,1
0.4815791,0.7256392,1
0.54014591,0.68183672,1
0.46400773,0.73320919,1
0.42009424,0.78800321,1
0.38015506,0.82612475,1
0.3514118,0.83465394,1
0.32203991,0.84226768,1
0.31274202,0.87253902,1
0.3878378,0.79451626,1
0.30154463,0.90073648,1
0.29184409,0.92579314,1
0.28303269,0.94699304,1
0.26647429,0.95266787,1
0.26062298,0.96031253,1
0.76166561,0.19000891,1
0.74883779,0.22281792,1
0.77422302,0.15716408,1
0.78677239,0.12442345,1
0.735911,0.25568969,1
0.72363167,0.28882596,1
0.98929172,0.11163547,1
0.98472264,0.10220302,1
0.84826104,0.073919497,1
0.88142485,0.069134564,1
0.91354348,0.064675132,1
0.94584723,0.058793184,1
0.81439298,0.079198636,1
0.7989829,0.091873982,1
0.96203304,0.063587803,1
0.98409413,0.079981403,1
0.7113752,0.32201461,1
0.6988775,0.35504624,1
0.68623077,0.38799185,1
0.67372623,0.42083845,1
0.66122832,0.45350788,1
0.64860898,0.4859447,1
0.63628233,0.51825635,1
0.6056615,0.54334664,1
0.59042929,0.55586697,1
0.57842361,0.58786509,1
0.56652571,0.619915,1
0.55280246,0.65091531,1
0.43194016,0.75632209,1
0.507581,0.68797979,1
0.48574191,0.70909402,1
0.52212727,0.67737281,1
0.44616999,0.72394501,1
0.41669708,0.76894429,1
0.3752616,0.80755499,1
0.34355142,0.81562805,1
0.30924419,0.85437939,1
0.31671521,0.82633324,1
0.29868028,0.88381806,1
0.38342371,0.77574729,1
0.28915598,0.91122696,1
0.28126546,0.93486261,1
0.26051823,0.94133392,1
0.25161505,0.95659239,1
0.32592861,0.8128458,1
0.24555443,0.96317545,1
0.15409071,0.98230901,1
0.17173834,0.97913574,1
0.18992943,0.97623496,1
0.19991333,0.97424904,1
0.21877402,0.97032172,1
0.22869262,0.96803183,1
0.74403432,0.18202639,1
0.73062905,0.21469559,1
0.75764506,0.1508565,1
0.76751295,0.11699318,1
0.71730098,0.24815218,1
0.70501405,0.28227598,1
0.99006448,0.092426489,1
0.84533119,0.05457077,1
0.87863801,0.05011924,1
0.91101088,0.045651285,1
0.94163989,0.039133168,1
0.81128562,0.059368309,1
0.7823671,0.085324194,1
0.97214202,0.052118527,1
0.99053463,0.068898903,1
0.6920651,0.31597114,1
0.67969582,0.34885361,1
0.66950466,0.3822197,1
0.65612491,0.41420106,1
0.64299016,0.44605229,1
0.62990499,0.47890796,1
0.61757713,0.51127177,1
0.60227291,0.52383249,1
0.57192367,0.54864664,1
0.55980421,0.58091527,1
0.54771502,0.61328994,1
0.53425571,0.64498151,1
0.42897274,0.73690707,1
0.48946061,0.68099349,1
0.47604286,0.6940816,1
0.5190004,0.6578011,1
0.44278554,0.70398088,1
0.39811878,0.76274814,1
0.35544764,0.80190218,1
0.29168036,0.84801795,1
0.30059849,0.81997462,1
0.28114504,0.8773046,1
0.36455583,0.7694597,1
0.27237428,0.90546957,1
0.26743667,0.93182379,1
0.25056123,0.94388741,1
0.31534268,0.8003334,1
0.23447055,0.96049928,1
0.14402515,0.98383577,1
0.16080711,0.97531248,1
0.18159881,0.97183526,1
0.20866666,0.96699309,1
0.12480085,0.98668426,1
0.74297479,0.16282821,1
0.72876808,0.19388756,1
0.71481344,0.22711372,1
0.75396142,0.1305531,1
0.76628004,0.097619017,1
0.70185587,0.2617017,1
0.68899533,0.29638559,1
0.82690018,0.047057726,1
0.8606852,0.042738568,1
0.89365678,0.038431863,1
0.92483813,0.033577,1
0.95250535,0.026138367,1
0.79264198,0.052807772,1
0.77913355,0.066088311,1
0.98525918,0.057008915,1
0.97312193,0.038110319,1
0.67596729,0.32982276,1
0.6659987,0.3630839,1
0.65490362,0.39551512,1
0.64100667,0.42662699,1
0.62724869,0.45875322,1
0.61432985,0.49161148,1
0.58343855,0.51676809,1
0.55654269,0.56115663,1
0.56832151,0.52906192,1
0.54436933,0.59356086,1
0.53199278,0.62598819,1
0.4101914,0.73018086,1
0.48635384,0.66441361,1
0.45777161,0.69041904,1
0.50134737,0.65182819,1
0.42203569,0.69733263,1
0.39458052,0.74339973,1
0.34915596,0.78257586,1
0.27764295,0.85966413,1
0.28835936,0.82954762,1
0.29944579,0.80524056,1
0.26722769,0.88846564,1
0.36034808,0.75012702,1
0.2612336,0.91699693,1
0.24082369,0.93939848,1
0.31525262,0.78550475,1
0.23079363,0.9494273,1
0.13399604,0.97980819,1
0.1565006,0.96215476,1
0.18129376,0.95802458,1
0.20718666,0.95346985,1
0.11469336,0.98790293,1
0.093063326,0.9887119,1
0.72694017,0.15074145,1
0.71104793,0.18392078,1
0.69648951,0.21892678,1
0.7336401,0.12934349,1
0.75087931,0.083749934,1
0.68306394,0.25499952,1
0.66966129,0.29079062,1
0.82404103,0.027099403,1
0.85833589,0.023921823,1
0.89102691,0.019657761,1
0.92236499,0.014831859,1
0.95032959,0.008871318,1
0.96638569,0.027489062,1
0.78954265,0.032623165,1
0.75972388,0.063067441,1
0.9928525,0.046244346,1
0.98659997,0.035252263,1
0.65464311,0.32609264,1
0.64503066,0.36316792,1
0.6382135,0.38465133,1
0.62277443,0.41798021,3
0.60842117,0.45096963,3
0.59524453,0.48446015,1
0.57965745,0.49705604,1
0.53763574,0.55393267,1
0.54855897,0.52213722,1
0.52517204,0.5868468,1
0.51251191,0.61992259,1
0.4066388,0.71057056,1
0.46752708,0.65795247,1
0.45236259,0.67086979,1
0.49712181,0.632943,1
0.41851183,0.67771617,1
0.37567769,0.7370662,1
0.32963228,0.77577152,1
0.25999036,0.85342825,1
0.27100175,0.82297487,1
0.28821753,0.79342145,1
0.24939387,0.8830427,1
0.34138304,0.74372562,1
0.24268651,0.91309792,1
0.23441954,0.92571814,1
0.29670679,0.77924987,1
0.21855891,0.94450581,1
0.13227764,0.96855835,1
0.16712679,0.95216734,1
0.14303302,0.95866484,1
0.19312116,0.94783184,1
0.10589774,0.98198127,1
0.081169352,0.98285303,1
0.069450014,0.99064611,1
0.71027954,0.15997285,1
0.69458497,0.19654187,1
0.68018513,0.23326305,1
0.72463787,0.11276387,1
0.73366625,0.08923155,1
0.66688809,0.26997882,1
0.65140688,0.30664605,1
0.80532714,0.019225379,1
0.84012273,0.015795702,1
0.87365883,0.012528393,1
0.90590787,0.0081320421,1
0.93699099,0.0031209774,1
0.96391804,0.0021837688,1
0.97295842,0.013349124,1
0.77066196,0.025172084,1
0.75435162,0.042335821,1
0.9929579,0.023901114,1
0.63740359,0.34520751,3
0.62120255,0.39469049,3
0.6059304,0.42962192,3
0.59199215,0.46397304,3
0.56001782,0.48988196,3
0.52169996,0.56697724,1
0.53325417,0.53449799,1
0.54403637,0.50266931,3
0.50903686,0.60051028,1
0.38745262,0.70413143,1
0.46472314,0.64116122,1
0.43385266,0.66481516,1
0.47932435,0.62873716,1
0.39986146,0.67158817,1
0.37210239,0.71740821,1
0.32606712,0.75625397,1
0.24565863,0.86564579,1
0.25667016,0.83520933,1
0.27201262,0.80158276,1
0.23599337,0.89614762,1
0.33761989,0.7240895,1
0.21913294,0.92841046,1
0.29205428,0.7632585,1
0.11857343,0.96197468,1
0.16315185,0.93611734,1
0.13580477,0.94424919,1
0.19126304,0.93091374,1
0.10644246,0.96791219,1
0.080288686,0.96894369,1
0.05741235,0.98433497,1
0.04609667,0.99181682,1
-0.069160544,0.99083505,1
-0.092747975,0.98978907,1
-0.045622535,0.99126834,1
-0.02243332,0.99240433,1
1.7354617e-16,0.99339164,1
0.022303687,0.99206257,1
0.6921835,0.14877175,1
0.67582269,0.18824738,1
0.6610138,0.22637661,1
0.70397636,0.1110489,1
0.71762317,0.075714044,1
0.64733298,0.2641721,1
0.63167049,0.30150978,3
0.80240662,-0.0010741377,1
0.83884461,-0.0057992254,1
0.87116685,-0.0049550864,1
0.90178458,-0.010168051,1
0.93280203,-0.015341885,1
0.96956261,-0.01072545,1
0.98605259,0.012619231,1
0.76742576,0.0040367591,1
0.73438729,0.036669091,1
0.616653,0.34198379,3
0.60227228,0.38354635,3
0.58640671,0.42129729,3
0.57209275,0.45629944,3
0.5557055,0.46961247,3
0.49976,0.56191618,1
0.51199582,0.52856793,3
0.52311183,0.49590737,3
0.4861041,0.59668381,1
0.38419915,0.68476551,1
0.44671676,0.63352039,1
0.43101076,0.64425701,1
0.4717817,0.61189029,1
0.39714164,0.6525931,1
0.35300963,0.7108329,1
0.30703496,0.74999583,1
0.2281145,0.85971652,1
0.23886017,0.82889619,1
0.25747881,0.79296287,1
0.21824505,0.891068,1
0.31843782,0.71755414,1
0.20590257,0.9204564,1
0.27288039,0.75760789,1
0.12048295,0.94608326,1
0.17546069,0.92505647,1
0.1452974,0.93168912,1
0.092727381,0.96073349,1
0.067957915,0.96364784,1
0.056800917,0.97124603,1
0.033507159,0.98466896,1
-0.056648745,0.98397543,1
-0.08056453,0.98411914,1
-0.10263023,0.98457416,1
-0.033162658,0.98446224,1
-0.010800154,0.98604416,1
0.010670521,0.9857024,1
-0.1117412,0.98941865,1
-0.12824481,0.98678026,1
0.68965603,0.12571207,1
0.6741896,0.16442519,1
0.6585559,0.20374584,1
0.64433751,0.24230635,1
0.70028426,0.089314767,1
0.71697904,0.053831129,1
0.63036979,0.27984763,3
0.61415612,0.31773265,3
0.78338594,-0.008811677,1
0.8198424,-0.014795041,1
0.8545658,-0.015156585,1
0.88441164,-0.016125812,1
0.91405274,-0.021931096,1
0.94448836,-0.029574499,1
0.96190198,-0.026451373,1
0.98539691,-0.011828043,1
0.9928465,0.00035128261,1
0.74814922,-0.0033245664,1
0.73142109,0.012144028,1
0.60027493,0.35886763,3
0.58432048,0.39851143,3
0.56899809,0.4349714,3
0.53519908,0.4619917,3
0.49443742,0.54294154,3
0.48029932,0.57795927,1
0.50637608,0.50944521,3
0.51858686,0.47549924,3
0.36512176,0.67854508,1
0.45047929,0.61444816,1
0.4129501,0.63816295,1
0.37804882,0.64764623,1
0.34928247,0.69133569,1
0.30316881,0.73093212,1
0.21410142,0.87203382,1
0.22463624,0.84118585,1
0.23865795,0.80804184,1
0.25746831,0.77113315,1
0.2041429,0.90291792,1
0.31455306,0.69777954,1
0.26860569,0.73783225,1
0.10846716,0.93665426,1
0.1717282,0.90765209,1
0.13964087,0.91453907,1
0.092842555,0.94536697,1
0.063736674,0.9501697,1
0.044296841,0.96205268,1
0.032318764,0.96799376,1
-0.055686138,0.96910006,1
-0.080963323,0.97095308,1
-0.10387354,0.97408139,1
-0.031069013,0.96835043,1
-0.0072073885,0.97087919,1
0.0065064431,0.97053743,1
-0.12029631,0.98350501,1
-0.13833133,0.98540754,1
-0.15771465,0.98171742,1
0.66923177,0.11791458,1
0.6546276,0.15613606,1
0.63881677,0.19618233,1
0.62442127,0.23584049,1
0.68241697,0.082313395,1
0.69668939,0.045741132,1
0.61021566,0.27336834,3
0.59549829,0.31052979,3
0.78047737,-0.02974904,1
0.81690201,-0.036248956,1
0.85887701,-0.03326973,1
0.87802584,-0.032772286,1
0.90690257,-0.03957436,1
0.93688109,-0.046917949,1
0.97168884,-0.039222544,1
0.99230222,-0.023812492,1
0.74485531,-0.023870376,1
0.711111,0.0063403618,1
0.58005794,0.34991807,3
0.56435455,0.38952198,3
0.54879368,0.42693163,3
0.53138193,0.44063889,3
0.47168591,0.53771193,3
0.45735973,0.57276906,1
0.48470632,0.50300016,3
0.49732786,0.46800603,3
0.36169126,0.66042087,1
0.43740855,0.60282657,1
0.40603038,0.61903583,1
0.37406456,0.63040705,1
0.33000797,0.68481768,1
0.28391343,0.72441916,1
0.19662397,0.86587998,1
0.20737432,0.83430377,1
0.22257226,0.79985379,1
0.23768952,0.76481814,1
0.18577088,0.89597088,1
0.294669,0.69201352,1
0.24919105,0.73130123,1
0.10713891,0.91957011,1
0.15376282,0.90156291,1
0.12097562,0.90841441,1
0.076182618,0.94009904,1
0.047942552,0.94830581,1
0.016951214,0.96022241,1
-0.06859673,0.96279362,1
-0.042566283,0.96028115,1
-0.094390081,0.96613024,1
-0.11648587,0.97362158,1
-0.016746909,0.96112755,1
-0.14609671,0.97854922,1
-0.16775455,0.98003732,1
0.41561384,0.60479075,1
0.66568481,0.09625005,1
0.65219724,0.13268513,1
0.63652156,0.17239474,1
0.62135844,0.21234724,1
0.60726262,0.25122695,3
0.67946623,0.060622675,1
0.69378755,0.022775428,1
0.59285853,0.28782764,3
0.57777817,0.32583138,3
0.76122328,-0.037446413,1
0.79655766,-0.043465415,1
0.83224658,-0.051474621,1
0.8511967,-0.048585738,1
0.88824862,-0.044457788,1
0.9180446,-0.050328598,1
0.94431493,-0.062248595,1
0.98625478,-0.035481069,1
0.97097884,-0.053622408,1
0.72506678,-0.031291689,1
0.7080506,-0.016549546,1
0.56208936,0.36560734,3
0.54623638,0.40426806,3
0.51103792,0.43236464,3
0.46757455,0.51689327,3
0.4540689,0.55149636,3
0.4400861,0.58357851,1
0.48018307,0.4819691,3
0.49359608,0.44622423,3
0.34239495,0.65562199,1
0.38623766,0.6162268,1
0.35418204,0.62669391,1
0.32655095,0.6672282,1
0.27929838,0.70527516,1
0.18239558,0.87796712,1
0.19337513,0.84668061,1
0.20551256,0.81382607,1
0.22161433,0.77845981,1
0.23368696,0.74476185,1
0.2899278,0.67393471,1
0.24402376,0.71181247,1
0.088518344,0.91281573,1
0.14973746,0.88331759,1
0.11664381,0.88908117,1
0.073186653,0.92463196,1
0.041230295,0.93362968,1
0.012152131,0.94203278,1
-0.069380888,0.94773679,1
-0.041413781,0.94376266,1
-0.097278349,0.95282486,1
-0.12378312,0.96241195,1
-0.015478226,0.94530222,1
-0.14041268,0.96482772,1
-0.17390869,0.97249584,1
0.40560183,0.58636608,1
-0.1862231,0.97599396,1
-0.20454638,0.97294884,1
-0.21449996,0.97081044,1
-0.23189188,0.96681738,1
-0.2469636,0.96499939,1
0.64504423,0.088586438,1
0.63104114,0.12554696,1
0.61595159,0.16445928,1
0.60075739,0.20473943,1
0.58623854,0.24315707,3
0.6590565,0.052647218,1
0.67326326,0.015382107,1
0.5720957,0.27996128,3
0.55741503,0.31770029,3
0.75834805,-0.05880312,1
0.79376336,-0.065361154,1
0.82777956,-0.073147552,1
0.86484685,-0.063906705,1
0.88274994,-0.060276199,1
0.91363842,-0.065725486,1
0.92979198,-0.073694873,1
0.95959691,-0.064830085,1
0.99316299,-0.046561774,1
0.98518389,-0.057629377,1
0.72179236,-0.052118281,1
0.68751492,-0.02303071,1
0.54140134,0.35693252,3
0.52561397,0.3956222,3
0.50782727,0.41001151,3
0.44609076,0.50981615,3
0.4335196,0.54419816,3
0.41961036,0.57435989,1
0.45888566,0.47434191,3
0.47258979,0.4381777,3
0.33886998,0.63913422,1
0.37963191,0.59980132,1
0.35049571,0.60862071,1
0.30635483,0.66211124,1
0.25882335,0.69919949,1
0.16432754,0.87140301,1
0.17563832,0.83986159,1
0.18865288,0.80621788,1
0.20204508,0.7719343,1
0.21417191,0.73821074,1
0.2680966,0.66887094,1
0.22364375,0.70601893,1
0.083962028,0.89559383,1
0.1312837,0.87696051,1
0.098250785,0.88301496,1
0.054028452,0.92002648,1
0.024495707,0.9288913,1
-0.0039456883,0.93571566,1
-0.055317795,0.93752474,1
-0.084635751,0.94259087,1
-0.028647828,0.93600661,1
-0.11405906,0.94956638,1
-0.15232903,0.95380374,1
-0.16919998,0.95922038,1
0.38941262,0.58418568,1
-0.19570949,0.96831001,1
-0.22147576,0.96340924,1
-0.23907899,0.96110876,1
-0.25329114,0.9594056,1
-0.2608899,0.96130181,1
0.64136666,0.066674325,1
0.62743509,0.1031128,1
0.61290154,0.14106243,1
0.59764575,0.18063906,1
0.58279613,0.2201628,3
0.56842875,0.2574321,3
0.65575537,0.030372354,1
0.67005103,-0.0075341228,1
0.55437231,0.29453235,3
0.53900678,0.33311216,3
0.73870567,-0.066053675,1
0.77480784,-0.073001486,1
0.8096407,-0.079817626,1
0.84318769,-0.087580841,1
0.86130485,-0.081228876,1
0.89699771,-0.070789659,1
0.92728683,-0.089551454,1
0.96603596,-0.080534917,1
0.99014886,-0.069201936,1
0.70169063,-0.059719819,1
0.68442937,-0.045374391,1
0.52304413,0.37220129,3
0.48702812,0.40136881,3
0.44192512,0.48829585,3
0.42965283,0.52333661,3
0.41633468,0.55625223,3
0.45502416,0.45233231,3
0.46923248,0.41567541,3
0.31891647,0.63384589,1
0.36377248,0.59590836,1
0.33099926,0.60238373,1
0.30224532,0.64521672,1
0.25236277,0.68087409,1
0.16081912,0.85249685,1
0.17277783,0.81987657,1
0.18614333,0.7857201,1
0.19860522,0.75174152,1
0.20929598,0.71895658,1
0.26323482,0.65144216,1
0.2164888,0.68782181,1
0.065427386,0.88982794,1
0.12765534,0.85813391,1
0.094343538,0.86445145,1
0.0508255,0.90244437,1
0.018048847,0.90943124,1
-0.010637861,0.91681331,1
-0.056183954,0.92082016,1
-0.087480305,0.9270292,1
-0.026086136,0.91823159,1
-0.11887315,0.93426052,1
-0.14930881,0.93838259,1
-0.18107701,0.94833524,1
0.37895635,0.57056619,1
-0.19527211,0.95392675,1
-0.22029159,0.9499463,1
-0.24197887,0.95059491,1
-0.25124921,0.95011244,1
-0.26844992,0.95362286,1
-0.27686867,0.95525389,1
0.62013218,0.058642008,1
0.60575122,0.095756757,1
0.59128099,0.13374692,1
0.57630054,0.17267201,1
0.56132956,0.21135791,3
0.54673794,0.249117,3
0.63471521,0.021918465,1
0.64927094,-0.015330043,1
0.53254837,0.28684026,3
0.51765732,0.32490804,3
0.73584045,-0.087197799,1
0.77205312,-0.094443595,1
0.80698828,-0.10142377,1
0.84084692,-0.10767246,1
0.87676185,-0.094230925,1
0.89455162,-0.087422213,1
0.94060778,-0.099116884,1
0.90868718,-0.098214622,1
0.95824711,-0.094220497,1
0.98238285,-0.080899799,1
0.69866892,-0.080926458,1
0.66381347,-0.05297701,1
0.50201794,0.36362395,3
0.48378865,0.37840216,3
0.42039333,0.48070855,3
0.40897541,0.51600545,3
0.39848842,0.5476432,3
0.43366863,0.44434438,3
0.44840687,0.40745618,3
0.31473207,0.61516861,1
0.36177797,0.57785602,1
0.3280676,0.58122477,1
0.2809565,0.6396114,1
0.23040824,0.67528995,1
0.14260068,0.84558483,1
0.15460966,0.8129539,1
0.16723755,0.77908115,1
0.17916062,0.7451568,1
0.18976707,0.71266244,1
0.24189637,0.64686582,1
0.197519,0.68323592,1
0.0611406,0.87092143,1
0.1091082,0.85169106,1
0.075767995,0.85812381,1
0.031580484,0.89658752,1
-0.00098690122,0.90367037,1
-0.073091601,0.91547054,1
-0.039718248,0.90928306,1
-0.104937,0.92195733,1
-0.13489476,0.92952159,1
-0.16327261,0.92824137,1
-0.17816986,0.93277738,1
0.38175286,0.55536245,3
-0.20790161,0.94403345,1
-0.2336076,0.94284059,1
-0.26150576,0.94570073,1
-0.28918218,0.9515934,1
0.61678186,0.036161011,1
0.60212588,0.073198076,1
0.58773672,0.11087541,1
0.57298583,0.14917672,1
0.5579456,0.18796748,3
0.54308116,0.22603707,3
0.52858096,0.26395408,3
0.63144301,-0.00086770294,1
0.64611893,-0.038429249,1
0.51424163,0.30180408,3
0.4990257,0.34015105,3
0.71590544,-0.094469044,1
0.75272812,-0.10138935,1
0.78835621,-0.10840941,1
0.82278638,-0.11484532,1
0.85614721,-0.12023494,1
0.87394498,-0.11314536,1
0.93630407,-0.11722695,1
0.90507013,-0.11635768,1
0.96802579,-0.10729095,1
0.98873897,-0.093041852,1
0.67836274,-0.089141475,1
0.66076855,-0.075537456,1
0.4631758,0.36970298,3
0.41599835,0.45876669,3
0.40388156,0.4948977,3
0.39499593,0.52825798,3
0.43040865,0.42197054,3
0.44558967,0.38445041,3
0.29392038,0.60817583,1
0.34556953,0.5694094,1
0.30781285,0.573275,1
0.27681597,0.62124779,1
0.2248036,0.65871047,1
0.13925172,0.82602689,1
0.15157893,0.79265625,1
0.1636947,0.75871063,1
0.17519839,0.72533188,1
0.18514503,0.69513889,1
0.23820713,0.62862344,1
0.19081737,0.6670259,1
0.042186733,0.86482801,1
0.10552702,0.83227845,1
0.07163665,0.8388785,1
0.027228502,0.87787767,1
-0.0066976823,0.88483756,1
-0.076139121,0.89773652,1
-0.041503025,0.89133159,1
-0.10871646,0.90455295,1
-0.14029659,0.912019,1
-0.15765923,0.91197286,1
-0.19162434,0.920656,1
0.36470621,0.54056414,3
-0.20716099,0.92632055,1
-0.2369333,0.92827829,1
-0.26568117,0.93343184,1
-0.29623149,0.94002135,1
-0.31324321,0.9402075,1
0.59532286,0.027494835,1
0.58054285,0.065134358,1
0.56589086,0.10301648,1
0.55059694,0.14081288,1
0.53556488,0.17895639,3
0.52052777,0.21742261,3
0.50584629,0.2557764,3
0.61013973,-0.0096187912,1
0.62510359,-0.047072784,1
0.49189615,0.29387248,3
0.47741697,0.33159452,3
0.71313918,-0.11570404,1
0.74987367,-0.1220915,1
0.7855031,-0.12884805,1
0.82002227,-0.13449559,1
0.85343202,-0.13942062,1
0.8881177,-0.12447971,1
0.94874896,-0.12663171,1
0.91936608,-0.12580458,1
0.98217076,-0.10574742,1
0.96283134,-0.1215921,1
0.67573614,-0.11068827,1
0.639911,-0.084139323,1
0.45979636,0.34636825,3
0.39475084,0.45107432,3
0.38159202,0.48766908,3
0.37298894,0.52361562,3
0.40990405,0.41393757,3
0.42544527,0.37646844,3
0.28993282,0.58744118,1
0.34570127,0.54732126,1
0.30509033,0.55066342,1
0.25540505,0.61483617,1
0.20418255,0.65503231,1
0.12072519,0.81916336,1
0.13258941,0.78584951,1
0.14426837,0.75211691,1
0.15570224,0.71872377,1
0.1682089,0.68557491,1
0.21694165,0.62222787,1
0.1722689,0.66760399,1
0.037828018,0.84570832,1
0.086631009,0.82579354,1
0.052650541,0.83255643,1
0.0079860841,0.87188859,1
-0.025935628,0.87874125,1
-0.094307281,0.89189081,1
-0.061016251,0.88513467,1
-0.12805445,0.89935356,1
-0.16803914,0.90102675,1
-0.187107,0.90517387,1
-0.22287667,0.9176711,1
-0.25356224,0.92265786,1
-0.28457688,0.92841089,1
-0.32218715,0.93041058,1
-0.33720186,0.93460012,1
-0.35827083,0.92550154,1
-0.37985015,0.91675346,1
0.59195294,0.0045012006,1
0.57709015,0.041912114,1
0.56232232,0.079834113,1
0.54704623,0.11752416,1
0.53153094,0.15529709,3
0.51639546,0.19373237,3
0.50144989,0.23232486,3
0.48746823,0.27073098,3
0.60695232,-0.032724667,1
0.62194058,-0.070222411,1
0.4737031,0.3084199,3
0.69327606,-0.12370825,1
0.73021975,-0.12913494,1
0.76634557,-0.13558439,1
0.80137105,-0.14151268,1
0.83536762,-0.14650842,1
0.86965782,-0.15203346,1
0.88654574,-0.14418213,1
0.94773624,-0.14276879,1
0.91891785,-0.14332838,1
0.98806535,-0.11456452,1
0.97116722,-0.13203406,1
0.65509718,-0.119479,1
0.63686624,-0.10653407,1
0.43958806,0.33829163,3
0.39191652,0.42861904,3
0.37685628,0.46578757,3
0.36467889,0.50413448,3
0.40775787,0.39144124,3
0.4228231,0.3536444,3
0.26889723,0.57945181,1
0.32547681,0.53652504,3
0.28370654,0.5421287,1
0.25147387,0.59377484,1
0.20000983,0.63679209,1
0.11709361,0.79928363,1
0.1288217,0.76568069,1
0.14023814,0.73195497,1
0.15333479,0.69649034,1
0.21282003,0.60058262,1
0.16453375,0.64898851,1
0.01865763,0.83967666,1
0.08268209,0.80609455,1
0.048463259,0.81308157,1
0.0037739263,0.85280727,1
-0.030388741,0.8597286,1
-0.097819081,0.87320003,1
-0.06446129,0.86648221,1
-0.1320057,0.88074428,1
-0.16597206,0.88436355,1
-0.19569763,0.89122115,1
-0.2265659,0.90038725,1
-0.25881248,0.90595853,1
-0.29102855,0.91161768,1
-0.32170083,0.91576086,1
-0.34532852,0.92359854,1
-0.36628017,0.91415294,1
-0.38784979,0.90607309,1
-0.40133574,0.90851804,1
0.57039086,-0.0054565884,1
0.55496987,0.032063565,1
0.540458,0.071381447,1
0.52362344,0.10791144,1
0.50667833,0.14524347,3
0.49227175,0.18450528,3
0.47742773,0.2236455,3
0.46461994,0.26187807,3
0.58574914,-0.041863687,1
0.60058917,-0.079168761,1
0.45264425,0.29980922,3
0.69087085,-0.1449387,1
0.72753485,-0.14991378,1
0.76344735,-0.15554065,1
0.79851694,-0.16060302,1
0.83258579,-0.1655726,1
0.86663166,-0.17115608,1
0.90304993,-0.1535839,1
0.95952609,-0.14966163,1
0.93484312,-0.15088783,1
0.98684668,-0.124672,1
0.98164691,-0.13160375,1
0.96887468,-0.14396651,1
0.65236176,-0.14104963,1
0.61545597,-0.11551483,1
0.43614981,0.31490721,3
0.37199925,0.42115464,3
0.35524805,0.45806449,3
0.34117209,0.49712743,3
0.38808601,0.38388476,3
0.40305781,0.34623317,3
0.26539347,0.55675091,1
0.32263915,0.51280808,3
0.28047724,0.51883317,1
0.23015433,0.58591686,1
0.17890951,0.6301702,1
0.097946517,0.79269973,1
0.10928198,0.75908136,1
0.12071352,0.72518803,1
0.13413006,0.68904153,1
0.19114603,0.59290881,1
0.14527552,0.64758462,1
0.014437116,0.82061412,1
0.06350045,0.79970466,1
0.029420223,0.80717092,1
-0.015362953,0.84674359,1
-0.049401177,0.85366648,1
-0.11617951,0.8672529,1
-0.083095959,0.86039328,1
-0.15074816,0.8743999,1
-0.18312466,0.87777219,1
-0.213111,0.88820134,1
-0.24587278,0.8942951,1
-0.27738309,0.8999393,1
-0.30955284,0.90611714,1
-0.33754547,0.9115806,1
-0.36017001,0.89839412,1
-0.38268601,0.89273164,1
-0.40941932,0.8980542,1
-0.42270197,0.89933317,1
-0.48248622,0.87155891,1
-0.48682611,0.86472648,1
-0.49480626,0.86449387,1
0.56737448,-0.0287156,1
0.55164051,0.0076884964,1
0.53655825,0.046833142,1
0.52060375,0.084951103,1
0.50232154,0.12114654,1
0.48658857,0.15967568,3
0.47238189,0.19951616,3
0.45897583,0.23824413,3
0.447989,0.27640889,3
0.582549,-0.065158154,1
0.59714932,-0.10206643,1
0.70804907,-0.15771333,1
0.6705955,-0.15348936,1
0.74429056,-0.16282661,1
0.77975078,-0.16789465,1
0.81438633,-0.17265011,1
0.84762403,-0.17760742,1
0.87946462,-0.18386009,1
0.90742929,-0.1713131,1
0.96235319,-0.16318479,1
0.93705704,-0.16675728,1
0.98551208,-0.14176171,1
0.97859099,-0.14856898,1
0.63162711,-0.14991314,1
0.61295226,-0.13732326,1
0.41633988,0.30754412,3
0.37031492,0.3989167,3
0.35322534,0.43588684,3
0.336477,0.47293895,3
0.38600811,0.36150073,3
0.40001284,0.3235173,3
0.24401621,0.54841522,1
0.29902336,0.50365093,3
0.25842289,0.51026053,1
0.22620042,0.56325814,1
0.17416733,0.60793218,1
0.093902596,0.77266628,1
0.10520403,0.73875064,1
0.11697289,0.70450802,1
0.13056237,0.6676778,1
0.18670896,0.57019039,1
0.13766934,0.63056707,1
-0.0045637572,0.81471026,1
0.059319093,0.78007395,1
0.024769356,0.78851489,1
-0.019480122,0.82770912,1
-0.05318516,0.83478435,1
-0.12000619,0.84853505,1
-0.086810032,0.84163698,1
-0.15345147,0.85487222,1
-0.18633847,0.86175824,1
-0.21860999,0.86919574,1
-0.25059566,0.87627424,1
-0.28262617,0.88252591,1
-0.3144962,0.88836945,1
-0.34437762,0.89772477,1
-0.36857621,0.88765319,1
-0.39302586,0.87961057,1
-0.40627321,0.88248818,1
-0.43003071,0.88612801,1
-0.47336279,0.87018364,1
-0.48253422,0.85724121,1
-0.49727506,0.85630795,1
-0.44300489,0.88669778,1
-0.46561174,0.87856658,1
0.54569164,-0.039709026,1
0.52916801,-0.0039589339,1
0.51297643,0.034799098,1
0.49656939,0.073859225,1
0.47754622,0.1104162,1
0.46114227,0.14955519,3
0.44673383,0.19019125,3
0.43288372,0.22954234,3
0.42710287,0.26724306,3
0.56097577,-0.074252966,1
0.57560519,-0.11124787,1
0.70567588,-0.17846523,1
0.66862577,-0.17435934,1
0.7416479,-0.18310464,1
0.77707672,-0.18760171,1
0.81176917,-0.19199823,1
0.84510394,-0.19669813,1
0.87566465,-0.20198381,1
0.89688285,-0.18333277,1
0.92551112,-0.17692704,1
0.97476545,-0.16567723,1
0.95277726,-0.1721614,1
0.98165466,-0.15675654,1
0.62984749,-0.17083682,1
0.59170023,-0.14617422,1
0.41194819,0.28328029,3
0.34931836,0.39167027,3
0.33078774,0.42811189,3
0.31428111,0.46494771,3
0.36584568,0.35514567,3
0.38017882,0.31680123,3
0.24027493,0.52522037,1
0.29536042,0.47997904,3
0.25482198,0.48669878,1
0.20442906,0.55520547,1
0.15158801,0.60038771,1
0.074456812,0.7664304,1
0.085791032,0.73219015,1
0.097266066,0.69748029,1
0.10946369,0.66233177,1
0.16454582,0.56230184,1
0.11976567,0.63107678,1
0.13848952,0.61225423,1
-0.0095497282,0.79663097,1
0.039631035,0.77479484,1
0.0048002783,0.7838788,1
-0.038289893,0.821812,1
-0.071959346,0.82884378,1
-0.10535984,0.83572588,1
-0.1385357,0.84249875,1
-0.17188918,0.84882191,1
-0.20441045,0.8562016,1
-0.23678778,0.86336078,1
-0.26877845,0.87052428,1
-0.30121499,0.8764566,1
-0.33347634,0.88415734,1
-0.3682894,0.87149094,1
-0.38551522,0.86558097,1
-0.41986408,0.87386061,1
-0.47350675,0.86020144,1
-0.48854729,0.85131962,1
-0.50616445,0.85551529,1
-0.45211864,0.87574281,1
-0.52177427,0.84620794,1
0.54249307,-0.061951924,1
0.52623553,-0.028097445,1
0.50891555,0.0083820896,1
0.49284182,0.048255524,1
0.47481375,0.08608922,1
0.45645671,0.12439263,3
0.44117738,0.16505989,3
0.42568755,0.2056188,3
0.4176417,0.24401046,3
0.55747181,-0.097445013,1
0.57265981,-0.13354722,1
0.722519,-0.19094371,1
0.68652793,-0.18656058,1
0.64861241,-0.18284329,1
0.75813064,-0.19552575,1
0.79322572,-0.1996582,1
0.82744854,-0.20401143,1
0.8603116,-0.20837051,1
0.89038889,-0.2108748,1
0.90328277,-0.20032401,1
0.93051201,-0.19280577,1
0.97924305,-0.17394263,1
0.95659457,-0.18642165,1
0.60949618,-0.17897551,1
0.59002378,-0.16690278,1
0.3924424,0.27757055,3
0.34692701,0.37028328,3
0.32856509,0.40613327,3
0.31061456,0.4422983,3
0.36306135,0.33316204,3
0.37700007,0.29511831,3
0.21845912,0.51688761,1
0.27321339,0.47159954,3
0.23334108,0.4783483,1
0.20042904,0.5320298,1
0.14640357,0.5774758,1
0.070423193,0.74628499,1
0.081593693,0.71159982,1
0.093324557,0.67666777,1
0.10627317,0.6427483,1
0.16013553,0.53914983,1
0.12058584,0.61276395,1
-0.027796143,0.79294841,1
0.035381639,0.755248,1
-0.00099307145,0.76557503,1
-0.041619943,0.80513058,1
-0.075993312,0.80916356,1
-0.10865382,0.81865351,1
-0.14106318,0.82327689,1
-0.17474984,0.82988872,1
-0.20834791,0.83725394,1
-0.24110349,0.84457573,1
-0.27329629,0.85191593,1
-0.30563224,0.85884609,1
-0.33864906,0.86647044,1
-0.35644292,0.86089683,1
-0.3917752,0.84960008,1
-0.42288315,0.85787345,1
-0.46438706,0.85367113,1
-0.48662275,0.83959302,1
-0.5110921,0.84578142,1
-0.45074999,0.86082955,1
-0.53040698,0.84081362,1
-0.54723676,0.83038624,1
0.52271612,-0.072825031,1
0.50272238,-0.042442906,1
0.48497641,-0.0050209272,1
0.46761781,0.03448946,1
0.45012693,0.074509814,1
0.43229757,0.11419772,1
0.41579402,0.15519946,3
0.39992827,0.19687142,3
0.39106797,0.23850332,3
0.53592995,-0.10669208,1
0.55128109,-0.14282361,1
0.72008089,-0.21140392,1
0.68431266,-0.20697836,1
0.64711641,-0.20298004,1
0.75560195,-0.21571288,1
0.79070898,-0.21962676,1
0.82497176,-0.22328197,1
0.85829025,-0.22713639,1
0.89212668,-0.22817603,1
0.9188301,-0.20418308,1
0.94587524,-0.19689627,1
0.97740961,-0.18395687,1
0.96973138,-0.19071756,1
0.60817515,-0.19911641,1
0.56857737,-0.1745835,1
0.38102336,0.25602618,3
0.32462779,0.36370002,3
0.30592052,0.3982728,3
0.28818312,0.4343301,3
0.34140782,0.32610922,3
0.35670366,0.28711342,3
0.21512619,0.49357729,1
0.26970263,0.44860001,3
0.22974577,0.45497175,1
0.17829865,0.5238627,1
0.12386257,0.56965856,1
0.051036077,0.74038171,1
0.062433445,0.70536493,1
0.073412709,0.67098139,1
0.0865154,0.63790841,1
0.13779208,0.53106223,1
0.10546322,0.60535573,1
-0.036259167,0.77630374,1
0.01472661,0.75066429,1
-0.023806102,0.76168253,1
-0.060549176,0.79842271,1
-0.09413798,0.80488439,1
-0.12582765,0.81224082,1
-0.15883961,0.81671716,1
-0.19313659,0.82387739,1
-0.22686317,0.83146304,1
-0.25942922,0.83888085,1
-0.29156127,0.84630706,1
-0.32408616,0.85307205,1
-0.36023444,0.84190099,1
-0.3783409,0.83651421,1
-0.40955525,0.84489063,1
-0.438623,0.8517665,1
-0.47148999,0.8389843,1
-0.50027817,0.83484748,1
-0.53489899,0.83144101,1
-0.55570071,0.82473081,1
0.51965696,-0.094373144,1
0.50240155,-0.064927594,1
0.48171571,-0.031707412,1
0.46381328,0.0076300169,1
0.44665855,0.048513755,1
0.42870025,0.088641878,1
0.41159977,0.12949986,3
0.39559119,0.17158344,3
0.38055071,0.21528783,3
0.53268462,-0.12977133,1
0.54887511,-0.16313132,1
0.7366811,-0.22375199,1
0.70102249,-0.21934321,1
0.6649145,-0.21491387,1
0.62703046,-0.21111447,1
0.77203128,-0.22775741,1
0.80677564,-0.23123733,1
0.84060581,-0.23473455,1
0.87538109,-0.23805091,1
0.90976835,-0.23394563,1
0.92357789,-0.22050346,1
0.95100833,-0.21115211,1
0.97295457,-0.20182068,1
0.58801825,-0.20712632,1
0.56789288,-0.19466614,1
0.35721819,0.26221834,3
0.32189293,0.34150959,3
0.30437458,0.37722655,3
0.28571173,0.41228322,3
0.33822888,0.30174352,3
0.19262421,0.48270778,1
0.24771592,0.44032271,3
0.21078634,0.44775763,1
0.17382676,0.49785101,1
0.11966137,0.54639699,1
0.10463529,0.5843618,1
0.047243667,0.72005198,1
0.058193969,0.68555902,1
0.069794077,0.6518055,1
0.084885283,0.61882867,1
0.13350843,0.50756612,1
-0.057823115,0.77932608,1
0.0094125265,0.73130812,1
-0.03050713,0.74291575,1
-0.10414802,0.7876309,1
-0.12476282,0.79265168,1
-0.15970197,0.7962946,1
-0.1961239,0.80407687,1
-0.23092915,0.81181281,1
-0.2640858,0.81970052,1
-0.29617743,0.827568,1
-0.32835753,0.83494815,1
-0.34671194,0.82935071,1
-0.38310836,0.8185204,1
-0.4142098,0.82645456,1
-0.44285256,0.83347286,1
-0.46208247,0.82784908,1
-0.50589224,0.82220792,1
-0.52555574,0.82113801,1
-0.55984269,0.81522991,1
-0.57227858,0.81329166,1
0.49700451,-0.10302385,1
0.48496621,-0.084151503,1
0.45728341,-0.04417095,1
0.43995146,-0.0040108681,1
0.42211205,0.036911943,1
0.40440132,0.078150911,1
0.38707248,0.11969389,1
0.37052276,0.16230507,3
0.35488241,0.20715093,3
0.51098148,-0.13942816,1
0.52727922,-0.17446705,1
0.73428061,-0.24409503,1
0.69878238,-0.24014801,1
0.66244823,-0.23586948,1
0.62500425,-0.23208603,1
0.7695616,-0.24798526,1
0.80421405,-0.25122278,1
0.83810314,-0.25419517,1
0.8733919,-0.25678055,1
0.91405431,-0.24900416,1
0.94039289,-0.223382,1
0.96495084,-0.21178061,1
0.58708676,-0.22827532,1
0.55016908,-0.2030037,1
0.33553468,0.25084754,3
0.29848584,0.33300818,3
0.28160421,0.37051487,3
0.26388249,0.40492429,3
0.3150577,0.29231741,3
0.19187967,0.46026467,1
0.24436716,0.41869388,3
0.2066245,0.42645325,1
0.15137999,0.48964203,1
0.097250112,0.53833179,1
0.082323178,0.57640507,1
0.026275145,0.7155621,1
0.038045926,0.68115892,1
0.050151813,0.64698771,1
0.065056266,0.61241796,1
0.11116301,0.49952255,1
-0.071843298,0.76793826,1
-0.013008183,0.72745208,1
-0.052430689,0.73690347,1
-0.095760508,0.77205504,1
-0.1408607,0.78326519,1
-0.17859952,0.78966564,1
-0.2154012,0.79780319,1
-0.24982606,0.80574517,1
-0.28256904,0.81399655,1
-0.31451977,0.82198314,1
-0.35115654,0.81092483,1
-0.3694465,0.8054813,1
-0.40119722,0.8131702,1
-0.43176726,0.82114374,1
-0.46823688,0.80976408,1
-0.49818152,0.80884752,1
-0.53260626,0.80742347,1
-0.55036666,0.80546249,1
-0.58056587,0.80738039,1
-0.48358909,0.80279336,1
0.49157437,-0.12499961,1
0.46448228,-0.08519299,1
0.43668228,-0.029125351,1
0.45173118,-0.066752131,1
0.41920949,0.011246763,1
0.40128149,0.052417035,1
0.38347135,0.09390079,1
0.3661983,0.13611513,3
0.34919154,0.17945615,3
0.33274625,0.22424575,3
0.50798207,-0.16381617,1
0.52925768,-0.19425678,1
0.75073178,-0.25628379,1
0.7154403,-0.25255177,1
0.67960628,-0.24873877,1
0.64262393,-0.24490721,1
0.60521745,-0.24123696,1
0.78567771,-0.25984006,1
0.81990749,-0.26272805,1
0.85379839,-0.26532665,1
0.8881065,-0.26833359,1
0.90458154,-0.26353001,1
0.9325177,-0.25005542,1
0.94504674,-0.23787542,1
0.96957395,-0.21998061,1
0.56783415,-0.23623293,1
0.55104185,-0.2234215,1
0.31184898,0.2663165,3
0.29482956,0.30818169,3
0.27845035,0.34848693,3
0.26132092,0.38420219,3
0.17620825,0.44503648,1
0.22223518,0.41203854,3
0.1864591,0.42410121,1
0.14288303,0.46539461,1
0.093035398,0.51495346,1
0.079139197,0.55363662,1
0.063322093,0.59098827,1
0.021316881,0.69647496,1
0.033622402,0.6617635,1
0.047044119,0.62667991,1
0.10760388,0.48017186,1
-0.069310617,0.74799739,1
-0.018201157,0.70779741,1
-0.056077131,0.7154924,1
-0.10539343,0.75427678,1
-0.14248385,0.76278847,1
-0.18126834,0.76936866,1
-0.21944463,0.77707409,1
-0.25462987,0.78524527,1
-0.2872263,0.79507163,1
-0.31904882,0.80321012,1
-0.33733118,0.79774926,1
-0.37386396,0.7874376,1
-0.40571334,0.79504229,1
-0.43681182,0.80269995,1
-0.45405152,0.79694407,1
-0.50810039,0.79437474,1
-0.52286163,0.79402061,1
-0.55807781,0.7899981,1
-0.58244485,0.7994296,1
-0.48610574,0.78333468,1
-0.59487745,0.79710797,1
-0.60764078,0.78389161,1
-0.62133419,0.7786621,1
0.47149024,-0.13536509,1
0.44808728,-0.10614285,1
0.41296986,-0.03967238,1
0.4282459,-0.07699643,1
0.39525129,0.00062266739,1
0.37712103,0.042007581,1
0.35903854,0.083888328,1
0.34129527,0.12656095,1
0.32338993,0.17015,3
0.30530119,0.21353969,3
0.48504051,-0.1734797,1
0.51679372,-0.21074615,1
0.74839968,-0.27651222,1
0.71345471,-0.27319039,1
0.67772621,-0.27036218,1
0.6408253,-0.26818662,1
0.60401129,-0.26423158,1
0.7830634,-0.28014247,1
0.81716814,-0.28341519,1
0.85134396,-0.28408891,1
0.88378383,-0.28613723,1
0.91450797,-0.27654204,1
0.9371927,-0.26240855,1
0.9590646,-0.23878735,1
0.96728406,-0.22989922,1
0.56774567,-0.25806846,1
0.53151709,-0.22865867,1
0.28719405,0.25606124,3
0.27015132,0.29842094,3
0.25476686,0.33972992,3
0.23816452,0.3779032,3
0.15487626,0.44561224,1
0.21859412,0.39196996,3
0.17851353,0.40438081,1
0.12145234,0.463968,1
0.070659005,0.50767553,1
0.056783191,0.54558491,1
0.042007494,0.58358017,1
-0.00073871258,0.6925663,1
0.012647261,0.65677943,1
0.026577437,0.6203597,1
0.086086596,0.47523076,1
-0.089409751,0.74015594,1
-0.039346546,0.70185001,1
-0.076426019,0.70831254,1
-0.12561437,0.74951603,1
-0.16399394,0.7555209,1
-0.20283615,0.76305079,1
-0.23977638,0.7705838,1
-0.27354686,0.7802757,1
-0.30536374,0.78987007,1
-0.34176336,0.77924928,1
-0.36000618,0.77438115,1
-0.39204195,0.78234879,1
-0.42377048,0.78988286,1
-0.45869536,0.77809851,1
-0.50051365,0.77967944,1
-0.53083749,0.78019527,1
-0.57362161,0.78892237,1
-0.54829326,0.77813374,1
-0.47539736,0.77145983,1
-0.59731835,0.78512133,1
-0.61166778,0.77597973,1
-0.62415156,0.76798352,1
-0.63410435,0.7646587,1
-0.65277556,0.75112396,1
0.46795579,-0.15945716,1
0.45150288,-0.12621075,1
0.42693987,-0.099839015,1
0.39228084,-0.025181993,1
0.41008571,-0.064962278,1
0.37399339,0.015878393,1
0.35580805,0.057728995,1
0.33773664,0.10012725,1
0.31981811,0.14344474,1
0.30163574,0.18713871,3
0.28343469,0.22988622,3
0.48032261,-0.19724744,1
0.49662047,-0.21385168,1
0.72996293,-0.28496209,1
0.76461519,-0.28851611,1
0.69491673,-0.28241004,1
0.65876954,-0.28077229,1
0.62199947,-0.27836006,1
0.58579212,-0.27310546,1
0.79886039,-0.29221233,1
0.83290936,-0.29364457,1
0.86661481,-0.29334644,1
0.89671799,-0.29615023,1
0.91096708,-0.29135862,1
0.92865573,-0.27436932,1
0.95177465,-0.26500806,1
0.96248854,-0.24866463,1
0.54857242,-0.26498399,1
0.52913614,-0.24838564,1
0.26572453,0.2723014,3
0.25012411,0.31449042,3
0.23476433,0.35545887,3
0.1417424,0.42369594,1
0.19503787,0.38666427,1
0.15512882,0.40339977,1
0.10810507,0.44585735,1
0.052517714,0.52300215,1
0.067269331,0.48730352,1
0.038652574,0.56094525,1
0.023274986,0.59868963,1
-0.0049848082,0.67226619,1
0.0087099908,0.63568342,1
0.086217549,0.45457462,1
-0.092878712,0.72188215,1
-0.043162686,0.68022864,1
-0.080591014,0.68711202,1
-0.13040543,0.72842348,1
-0.16880396,0.73533729,1
-0.2073973,0.74220578,1
-0.2453284,0.74908438,1
-0.27915157,0.75816268,1
-0.30953885,0.77104272,1
-0.32765611,0.76588281,1
-0.36412091,0.75664848,1
-0.39599592,0.76446963,1
-0.42800789,0.77160981,1
-0.44569307,0.76558133,1
-0.50840561,0.76305942,1
-0.52396821,0.76392938,1
-0.5843966,0.77763302,1
-0.55296156,0.76211278,1
-0.48094605,0.75278275,1
-0.61448515,0.76530114,1
-0.63976337,0.75362835,1
-0.65690337,0.73930882,1
0.44424755,-0.165364,1
0.43372486,-0.14567365,1
0.40776139,-0.11341811,1
0.36806611,-0.036570406,1
0.38669734,-0.076348509,1
0.34952536,0.0049709001,1
0.33113297,0.047202303,1
0.31287749,0.090028697,1
0.29446814,0.13343179,1
0.27608291,0.17704961,3
0.25721473,0.21984945,3
0.45625043,-0.20541638,1
0.49168609,-0.23802451,1
0.72796845,-0.30512361,1
0.76226402,-0.30850867,1
0.69312963,-0.30354467,1
0.65759522,-0.30341223,1
0.62115788,-0.30211358,1
0.58507276,-0.29895264,1
0.79629292,-0.31246252,1
0.83186081,-0.31367339,1
0.86552833,-0.3094677,1
0.89409795,-0.30970904,1
0.92141553,-0.30064399,1
0.93641262,-0.284382,1
0.95481067,-0.27580803,1
0.95989682,-0.25850868,1
0.54723963,-0.28725502,1
0.50947839,-0.25464594,1
0.23909172,0.26183246,3
0.22441375,0.30519204,3
0.21097807,0.3466093,3
0.1164019,0.42536765,1
0.19082202,0.36374794,1
0.14291061,0.38020823,1
0.030069859,0.51540354,1
0.045507196,0.48089494,1
0.016295783,0.55296538,1
0.0017408407,0.59130688,1
-0.026263393,0.66587593,1
-0.012772129,0.62898597,1
0.065054963,0.44551585,1
-0.11365345,0.71491044,1
-0.064058266,0.67267051,1
-0.10169355,0.67966728,1
-0.15208493,0.72151231,1
-0.19063951,0.72834003,1
-0.2295578,0.73472966,1
-0.26578659,0.74163282,1
-0.29700611,0.75413126,1
-0.33296139,0.74879644,1
-0.35118338,0.74443024,1
-0.38193267,0.75182576,1
-0.41390472,0.75889007,1
-0.44985677,0.74688779,1
-0.49954639,0.74803758,1
-0.53715219,0.75249797,1
-0.58234878,0.76329944,1
-0.56681286,0.75540896,1
-0.46840776,0.7407279,1
-0.61061804,0.75163898,1
-0.63537953,0.74272198,1
-0.66880367,0.73507508,1
-0.64666536,0.7334914,1
-0.68586558,0.71816111,1
0.43726009,-0.18755547,1
0.41113078,-0.13918485,1
0.38567905,-0.10196176,1
0.36536676,-0.062447025,1
0.34656854,-0.021673239,1
0.32797792,0.020573396,1
0.3095043,0.063263084,1
0.29108615,0.10644944,1
0.27248712,0.15004795,1
0.25352839,0.19341382,1
0.23434127,0.23555554,3
0.45292756,-0.22977673,1
0.47206536,-0.24578063,1
0.74405402,-0.3166663,1
0.70967313,-0.31448653,1
0.77814475,-0.32038522,1
0.6747648,-0.31413675,1
0.6388094,-0.31458008,1
0.60245035,-0.31383229,1
0.56569352,-0.30618666,1
0.81355212,-0.3236942,1
0.84920893,-0.32023899,1
0.88007731,-0.3158173,1
0.90614198,-0.3196088,1
0.91921048,-0.31533535,1
0.93271331,-0.29584009,1
0.94798561,-0.28322119,1
0.52731914,-0.29344241,1
0.50899418,-0.27743169,1
0.21780814,0.27865362,3
0.20527024,0.32158197,3
0.10529922,0.40751964,1
0.16207946,0.35827294,1
0.11842151,0.38265638,1
0.011978546,0.53000643,1
0.026449015,0.49366833,1
0.043161874,0.45976341,1
-0.0018834413,0.56821754,1
-0.016438828,0.60627949,1
-0.030113444,0.64369172,1
0.063396789,0.42273594,1
-0.11830329,0.69389609,1
-0.06837918,0.65063189,1
-0.10659813,0.65769439,1
-0.15695182,0.7004865,1
-0.19593339,0.70718375,1
-0.23402634,0.71359194,1
-0.27136835,0.71971629,1
-0.30507947,0.73196167,1
-0.32291749,0.73178676,1
-0.3550997,0.72675749,1
-0.38494245,0.73384004,1
-0.41748736,0.74054738,1
-0.43575423,0.73457358,1
-0.50553486,0.72932783,1
-0.53850519,0.73491111,1
-0.59543043,0.74921371,1
-0.56952169,0.73782392,1
-0.47285109,0.7219878,1
-0.62187161,0.73846364,1
-0.672794,0.7220145,1
-0.64911325,0.71936192,1
-0.69006811,0.7061892,1
-0.70290793,0.70318527,1
0.41400503,-0.1965584,1
0.39070713,-0.15371773,1
0.36273476,-0.11297431,1
0.33926876,-0.074054721,1
0.32199259,-0.032293737,1
0.30332093,0.0095402666,1
0.2847672,0.05226065,1
0.26573314,0.095434953,1
0.24693764,0.13917797,1
0.2273446,0.18307878,1
0.20741577,0.22591547,1
0.43063056,-0.23925541,1
0.46953409,-0.26988483,1
0.7419947,-0.33593005,1
0.70747745,-0.33418439,1
0.77586209,-0.34004066,1
0.67321746,-0.33657332,1
0.63780738,-0.33640898,1
0.60338843,-0.33569809,1
0.5609209,-0.32702763,1
0.81103877,-0.3432836,1
0.85259964,-0.33586526,1
0.88293064,-0.33083598,1
0.89992504,-0.33326506,1
0.93121155,-0.32278779,1
0.94199685,-0.30209056,1
0.95107625,-0.29393755,1
0.52553557,-0.31504952,1
0.48867061,-0.28491446,1
0.19110267,0.26966215,1
0.17785082,0.31345862,1
0.082005655,0.40663822,1
0.15481608,0.33301094,1
0.10127081,0.36760922,1
-0.010332242,0.52190765,1
0.0042341821,0.48562179,1
0.021101638,0.45080026,1
-0.024139985,0.56020941,1
-0.037987792,0.59845593,1
-0.051333651,0.63600581,1
0.039091172,0.41484717,1
-0.13992216,0.68638332,1
-0.089816506,0.64310051,1
-0.12812112,0.65026618,1
-0.17896473,0.6931552,1
-0.21715973,0.69991178,1
-0.2553787,0.70603013,1
-0.29280668,0.71407655,1
-0.33773901,0.71705012,1
-0.37104702,0.72099001,1
-0.40258834,0.72814122,1
-0.43927863,0.71567438,1
-0.52390745,0.72264687,1
-0.49137786,0.71533291,1
-0.55702338,0.72694088,1
-0.58687512,0.73310807,1
-0.45782451,0.70924849,1
-0.62257599,0.72102283,1
-0.66334157,0.71211876,1
-0.63853178,0.7111517,1
-0.68270643,0.69459509,1
-0.70621143,0.69025656,1
-0.71846068,0.68577669,1
0.41069838,-0.22389799,1
0.39221966,-0.18061186,1
0.36439346,-0.13896355,1
0.33765505,-0.098968762,1
0.31739217,-0.058798601,1
0.30029242,-0.016682727,1
0.28173887,0.025166739,1
0.26278738,0.068011771,1
0.24356565,0.11154732,1
0.22434963,0.15584459,1
0.20410543,0.19987434,1
0.18546074,0.24320093,1
0.42821465,-0.26408667,1
0.44798038,-0.27871219,1
0.75792204,-0.34742786,1
0.72371345,-0.34408522,1
0.68938662,-0.34567911,1
0.79149691,-0.35170735,1
0.65504587,-0.34767771,1
0.62109395,-0.34580828,1
0.58925437,-0.35121217,1
0.54068343,-0.32970309,1
0.57159675,-0.34782025,1
0.826236,-0.35502798,1
0.84356373,-0.35028422,1
0.87177236,-0.34011266,1
0.9073573,-0.34427576,1
0.93290844,-0.3366988,1
0.94270015,-0.31434691,1
0.50514223,-0.32192424,1
0.48660223,-0.30779991,1
0.17028885,0.28807721,1
0.078320344,0.38286213,1
0.12524757,0.32574321,1
0.10172171,0.343073,1
-0.028271549,0.53685847,1
-0.014455762,0.49925821,1
0.0012321268,0.46388524,1
0.018689109,0.42866393,1
-0.042064667,0.57547519,1
-0.055541301,0.6134765,1
0.036623062,0.39084486,1
-0.14483541,0.6647263,1
-0.094386545,0.62082393,1
-0.13292455,0.62814388,1
-0.18369269,0.67156871,1
-0.22165378,0.67844899,1
-0.25933173,0.68500771,1
-0.29759261,0.69290822,1
-0.33724019,0.6981078,1
-0.37312952,0.7022689,1
-0.40541206,0.70934672,1
-0.42383548,0.70285368,1
-0.52816698,0.70218773,1
-0.49518059,0.69600207,1
-0.56054197,0.70839486,1
-0.59216621,0.71608778,1
-0.46180271,0.69008433,1
-0.60990527,0.70989906,1
-0.66905146,0.69667126,1
-0.64322579,0.69381162,1
-0.69336483,0.68414737,1
-0.72106164,0.67244726,1
0.38785854,-0.23383851,1
0.36876262,-0.19230313,1
0.3434201,-0.14998537,1
0.31712205,-0.11048503,1
0.29293649,-0.066499021,1
0.275168,-0.02769706,1
0.25657401,0.012859374,1
0.23757496,0.055822023,1
0.21778934,0.099948737,1
0.19828458,0.14493748,1
0.1780141,0.19004022,1
0.15943659,0.23482338,1
0.40494308,-0.27413717,1
0.44603687,-0.30233045,1
0.75472803,-0.36682662,1
0.72195976,-0.36152444,1
0.68869079,-0.36777842,1
0.78934359,-0.37096465,1
0.65295171,-0.36941006,1
0.61929705,-0.36554506,1
0.59957622,-0.37024636,1
0.53816124,-0.35047205,1
0.55638339,-0.36260809,1
0.82211107,-0.3748219,1
0.85723005,-0.36375083,1
0.87406965,-0.35687988,1
0.92294354,-0.34536868,1
0.90267002,-0.35799148,1
0.50252543,-0.34436343,1
0.4655222,-0.31638854,1
0.1431236,0.27977816,1
0.057243369,0.37495754,1
0.12111705,0.29789184,1
0.076050031,0.33225928,1
-0.050747253,0.52884151,1
-0.036726013,0.49088548,1
-0.021302691,0.45568811,1
-0.0042392286,0.42010408,1
-0.064161801,0.5676479,1
-0.077156869,0.605826,1
0.012818037,0.38147951,1
-0.16659303,0.65724299,1
-0.11597159,0.61329552,1
-0.15421156,0.62067975,1
-0.20515541,0.66413448,1
-0.24247343,0.67110674,1
-0.28010731,0.67752554,1
-0.31803437,0.68553074,1
-0.35668338,0.68909406,1
-0.38984868,0.69632444,1
-0.42729088,0.6835287,1
-0.51359713,0.68953786,1
-0.54628331,0.69590596,1
-0.48063202,0.6834928,1
-0.57833137,0.70225762,1
-0.44671223,0.67718524,1
-0.61369776,0.69062329,1
-0.65951715,0.68657433,1
-0.63106249,0.68440698,1
-0.69356322,0.67080909,1
-0.73382265,0.66854583,1
-0.70901079,0.66358886,1
0.36770815,-0.21819018,1
0.38451915,-0.25924642,1
0.34627673,-0.17643082,1
0.3212284,-0.1355124,1
0.29352012,-0.1043963,1
0.27241248,-0.051008491,1
0.28325893,-0.087429758,1
0.25303164,-0.013781432,1
0.23438991,0.027763537,1
0.21474441,0.071646624,1
0.19509628,0.11667229,1
0.17518822,0.16233754,1
0.15530029,0.2077038,1
0.13791327,0.25298555,1
0.4036369,-0.29827223,1
0.42496495,-0.31184,1
0.77051476,-0.37869672,1
0.73704701,-0.37276803,1
0.70502793,-0.37372292,1
0.67042748,-0.38040499,1
0.80476053,-0.38233483,1
0.63391633,-0.37787811,1
0.59462783,-0.38982581,1
0.52039658,-0.35825767,1
0.55662518,-0.38382885,1
0.83626156,-0.38571168,1
0.85405281,-0.37938437,1
0.8889105,-0.36474464,1
0.92653821,-0.35881405,1
0.9154554,-0.36631792,1
0.48186194,-0.35321984,1
0.46339871,-0.33936928,1
0.054522163,0.34889091,1
0.094415195,0.28859807,1
0.07287404,0.30563573,1
-0.068712823,0.54436516,1
-0.055078198,0.50551795,1
-0.040570887,0.46905192,1
-0.024361518,0.43404327,1
-0.0076421909,0.39692196,1
-0.081700494,0.58297815,1
0.0091787887,0.3560297,1
-0.17116575,0.63531874,1
-0.12067327,0.59081351,1
-0.15910476,0.59854915,1
-0.20947162,0.64238053,1
-0.24724355,0.64979414,1
-0.28402387,0.65665625,1
-0.32089979,0.66332517,1
-0.35767386,0.66968576,1
-0.39274496,0.67648984,1
-0.41176373,0.67018715,1
-0.51780321,0.67047126,1
-0.55028046,0.67723855,1
-0.48539516,0.66438944,1
-0.58205964,0.68377855,1
-0.4519651,0.65871371,1
-0.59968697,0.67833294,1
-0.66479203,0.67071054,1
-0.63389711,0.66756544,1
-0.68047111,0.66333408,1
-0.73652106,0.65547742,1
-0.71168486,0.64860508,1
-0.74958864,0.65160746,1
0.34414179,-0.22730435,1
0.36004191,-0.26898713,1
0.32444159,-0.18657866,1
0.30207275,-0.14538868,1
0.28365451,-0.12678598,1
0.24895134,-0.06738756,1
0.25516346,-0.089302757,1
0.22758004,-0.028014798,1
0.20827798,0.013834761,1
0.18851104,0.058866547,1
0.16854307,0.10518836,1
0.14860476,0.15180639,1
0.12937876,0.19808746,1
0.11170154,0.243693,1
0.38139749,-0.30842549,1
0.42457995,-0.33473405,1
0.76902328,-0.39752684,1
0.73000665,-0.38844489,1
0.70959193,-0.38994929,1
0.6674856,-0.40206162,1
0.80266064,-0.40119524,1
0.63094974,-0.39821322,1
0.57451631,-0.39727112,1
0.61138207,-0.40545962,1
0.51808023,-0.38055901,1
0.53608668,-0.39399415,1
0.83356175,-0.40387901,1
0.86526833,-0.39031544,1
0.89074869,-0.38093897,1
0.91701925,-0.37934469,1
0.47966733,-0.37581034,1
0.44352837,-0.34820525,1
0.030262607,0.33932844,1
0.090210018,0.26119184,1
0.04821415,0.29578332,1
-0.091731442,0.53631538,1
-0.078240967,0.49714838,1
-0.063337839,0.46002557,1
-0.04798163,0.42429451,1
-0.031784069,0.38726498,1
-0.10363185,0.57549407,1
-0.015545618,0.34637171,1
-0.19258162,0.6278905,1
-0.14251943,0.58353128,1
-0.18042371,0.59204718,1
-0.2307401,0.63538245,1
-0.2680184,0.64282582,1
-0.30437459,0.64983335,1
-0.34109608,0.65649392,1
-0.37701628,0.663026,1
-0.41576404,0.65089868,1
-0.50414982,0.65783211,1
-0.53637021,0.66445373,1
-0.56826738,0.67124839,1
-0.47181872,0.65250943,1
-0.43654406,0.6457687,1
-0.60305839,0.66318333,1
-0.65133529,0.66110629,1
-0.6199038,0.65863214,1
-0.68537615,0.64671675,1
-0.72643412,0.64439508,1
-0.70114232,0.63920799,1
-0.75304546,0.63972068,1
-0.76561113,0.63522977,1
0.32336111,-0.21156513,1
0.33981494,-0.25269338,1
0.35822643,-0.29403114,1
0.3024293,-0.17000949,1
0.26293013,-0.13382544,1
0.22625526,-0.058309496,1
0.24470027,-0.11330876,1
0.20501048,-0.015302768,1
0.18522965,0.029113171,1
0.16500275,0.075684738,1
0.14514791,0.1229224,1
0.12550912,0.16989272,1
0.10730334,0.21591449,1
0.38300123,-0.33137284,1
0.40485563,-0.34411363,1
0.78575223,-0.40865519,1
0.75404148,-0.405358,1
0.7372303,-0.40054216,1
0.70145221,-0.40693617,1
0.68279481,-0.41457541,1
0.64704324,-0.41140179,1
0.81731137,-0.41184964,1
0.57169744,-0.42057052,1
0.60839998,-0.42619261,1
0.49801446,-0.38925527,1
0.53400047,-0.41588441,1
0.84644407,-0.41305078,1
0.86035941,-0.40581452,1
0.88062118,-0.3901442,1
0.90607205,-0.38721258,1
0.45998235,-0.38425879,1
0.44230662,-0.37050426,1
0.027130585,0.3128444,1
0.064662664,0.25114634,1
0.04420795,0.26870017,1
-0.096928641,0.51242216,1
-0.10911178,0.55211404,1
-0.082655733,0.47348955,1
-0.067689755,0.436913,1
-0.052001219,0.40069834,1
-0.036048248,0.36216453,1
-0.019356674,0.31922588,1
-0.19694638,0.60674954,1
-0.15109367,0.55950849,1
-0.18650639,0.57350709,1
-0.23606928,0.61481363,1
-0.27353319,0.6223807,1
-0.30963703,0.62926211,1
-0.34538924,0.63628675,1
-0.3808243,0.64295165,1
-0.40055329,0.63712703,1
-0.51092827,0.63885766,1
-0.54324726,0.64531493,1
-0.57551758,0.65232764,1
-0.47799432,0.63349894,1
-0.44114754,0.62772906,1
-0.59268125,0.64970818,1
-0.65385158,0.64493597,1
-0.62039169,0.64394049,1
-0.67221335,0.6379229,1
-0.732315,0.62926756,1
-0.7067209,0.62296519,1
-0.74585876,0.62846313,1
-0.76730016,0.62377533,1
-0.77702631,0.61983254,1
0.29894528,-0.22095117,1
0.31644617,-0.25861364,1
0.3401468,-0.30280395,1
0.27997412,-0.17976251,1
0.25889319,-0.16218116,1
0.19981284,-0.075831409,1
0.21857548,-0.12433383,1
0.17834111,-0.029905335,1
0.15791892,0.016097039,1
0.13780499,0.063786677,1
0.11763703,0.1119592,1
0.09837043,0.159703,1
0.081573633,0.20615852,1
0.36383868,-0.34049335,1
0.40489892,-0.365739,1
0.7839393,-0.42732932,1
0.75313197,-0.42429021,1
0.72838889,-0.41449512,1
0.71302552,-0.41938473,1
0.67840604,-0.43656934,1
0.64400752,-0.43187786,1
0.81561424,-0.43041915,1
0.5517201,-0.42901851,1
0.58882687,-0.4338582,1
0.62493193,-0.43942227,1
0.49605585,-0.41140383,1
0.5140354,-0.42459783,1
0.84597808,-0.43108227,1
0.8724865,-0.41288694,1
0.88474001,-0.40436297,1
0.90825123,-0.40120399,1
0.45882087,-0.40626217,1
0.42340148,-0.37865843,1
0.0022357102,0.30239984,1
0.060424479,0.22389152,1
0.022618364,0.25972665,1
-0.12028135,0.50404258,1
-0.13472744,0.54341069,1
-0.10690436,0.46349937,1
-0.091468651,0.42577133,1
-0.076790984,0.38855382,1
-0.060473576,0.35104464,1
-0.044230266,0.30964929,1
-0.21916556,0.60067075,1
-0.17376168,0.55598627,1
-0.20779235,0.56835802,1
-0.25808751,0.6087802,1
-0.2948011,0.61563988,1
-0.3304554,0.62254676,1
-0.36577505,0.62940424,1
-0.40659,0.62043164,1
-0.49834921,0.62640449,1
-0.53145871,0.63235801,1
-0.5644077,0.639179,1
-0.46274418,0.62166357,1
-0.42640423,0.61616365,1
-0.60360619,0.63771913,1
-0.63690129,0.63670346,1
-0.67471287,0.62135204,1
-0.72314432,0.61723476,1
-0.69345425,0.61390309,1
-0.75516212,0.61848876,1
-0.77839157,0.61119783,1
-0.78793924,0.60867247,1
-0.79572764,0.59521815,1
-0.80655572,0.58147558,1
0.27757058,-0.20571772,1
0.29635718,-0.24261065,1
0.30811173,-0.27928109,1
0.31880723,-0.29581489,1
0.34415531,-0.32631881,1
0.23458359,-0.17234047,1
0.19562416,-0.10705944,1
0.17446824,-0.060139278,1
0.21249573,-0.15500983,1
0.15429787,-0.013783938,1
0.13400254,0.033952354,1
0.11383442,0.082327095,1
0.093955192,0.13065346,1
0.076510366,0.17814177,1
0.36597976,-0.36043072,1
0.38518559,-0.37293558,1
0.79915059,-0.43843888,1
0.76630085,-0.43513319,1
0.73800264,-0.42844456,1
0.71119558,-0.43866316,1
0.6600611,-0.44453161,1
0.6952335,-0.44820853,1
0.83139863,-0.44048001,1
0.54921,-0.45064394,1
0.58610696,-0.45511368,1
0.62217395,-0.45986393,1
0.47654724,-0.41996229,1
0.51191678,-0.44636183,1
0.86115911,-0.43612627,1
0.87375218,-0.42516719,1
0.89704669,-0.40914915,1
0.43963594,-0.41420768,1
0.42189228,-0.40035847,1
0.0017296885,0.27636525,1
0.039167203,0.2160084,1
0.021815802,0.2342897,1
-0.1258423,0.47877862,1
-0.14069982,0.51923245,1
-0.11136536,0.43889372,1
-0.096550291,0.40100832,1
-0.080999162,0.36400057,1
-0.064844537,0.32567523,1
-0.047771356,0.28814385,1
-0.22392884,0.58081932,1
-0.18906577,0.54086001,1
-0.21073979,0.54994845,1
-0.26383186,0.58829021,1
-0.30122815,0.59500049,1
-0.33720333,0.60131476,1
-0.37500831,0.60739134,1
-0.39609427,0.60424336,1
-0.50315376,0.60826238,1
-0.53743285,0.61320746,1
-0.57132692,0.61909066,1
-0.46625798,0.60352333,1
-0.42997828,0.59976323,1
-0.60457739,0.62154596,1
-0.63863158,0.62047385,1
-0.65808139,0.61213549,1
-0.72741653,0.60115621,1
-0.69551141,0.5968826,1
-0.75660195,0.60495124,1
-0.77010526,0.60160309,1
-0.78778864,0.59869074,1
-0.7972246,0.58369525,1
-0.81246699,0.57318829,1
-0.8235555,0.55751785,1
0.25253644,-0.2161482,1
0.27400222,-0.2556385,1
0.28096281,-0.27797489,1
0.30922206,-0.31556825,1
0.32635896,-0.3327497,1
0.23063038,-0.2003523,1
0.16662075,-0.12063745,1
0.1469011,-0.07379407,1
0.18613473,-0.16633586,1
0.12663328,-0.026046407,1
0.10617419,0.022274563,1
0.085932601,0.070896015,1
0.065727517,0.1194925,1
0.047734628,0.16954302,1
0.34542393,-0.36772906,1
0.38383765,-0.39384424,1
0.7986623,-0.45703011,1
0.76538486,-0.45445705,1
0.72832742,-0.4436986,1
0.65739784,-0.46468925,1
0.69290213,-0.46857497,1
0.8315348,-0.45861547,1
0.52937174,-0.45927384,1
0.56646743,-0.46345144,1
0.60292209,-0.46788974,1
0.63858628,-0.47247714,1
0.47481912,-0.44170951,1
0.49220911,-0.45491505,1
0.86526745,-0.44905511,1
0.88755148,-0.43005762,1
0.89859248,-0.42256355,1
0.43766695,-0.43628625,1
0.40204178,-0.4083477,1
-0.017572096,0.26261954,1
0.031540619,0.18967664,1
0.0036844011,0.22244262,1
-0.15143441,0.46768838,1
-0.16500928,0.50890251,1
-0.13583852,0.42743287,1
-0.12011657,0.38841946,1
-0.10435169,0.34859067,1
-0.087322929,0.31058236,1
-0.035848842,0.26952894,1
-0.066617803,0.27516189,1
-0.24657691,0.57447219,1
-0.18729728,0.52067817,1
-0.23116306,0.54223352,1
-0.28570459,0.58125131,1
-0.32281201,0.58739071,1
-0.36137044,0.59304184,1
-0.41109678,0.59103502,1
-0.52170695,0.60156499,1
-0.48631267,0.59721658,1
-0.55614063,0.60607604,1
-0.59018933,0.6112021,1
-0.44823539,0.5931884,1
-0.62309319,0.6115377,1
-0.66066853,0.59485299,1
-0.74400924,0.59509894,1
-0.71305027,0.58986614,1
-0.67935718,0.58704904,1
-0.77635965,0.5931004,1
-0.78768707,0.5741262,1
-0.81322993,0.56256954,1
-0.82921093,0.5490539,1
0.25155618,-0.24440949,1
0.27092612,-0.30065374,1
0.28848988,-0.32171329,1
0.32548651,-0.35422258,1
0.205186,-0.21103389,1
0.14324228,-0.1030642,1
0.16321107,-0.14923787,1
0.12310936,-0.055822596,1
0.1827782,-0.19434809,1
0.10242597,-0.0078432214,1
0.082074815,0.040677805,1
0.061507532,0.089367158,1
0.041367017,0.13994329,1
0.34367081,-0.38843151,1
0.3628787,-0.40204184,1
0.78253503,-0.46524441,1
0.81526213,-0.46714584,1
0.75105676,-0.46365017,1
0.73333164,-0.45878891,1
0.67341141,-0.47709342,1
0.70787785,-0.48116212,1
0.84593775,-0.46784043,1
0.52700468,-0.48075356,1
0.56373482,-0.48476115,1
0.59993164,-0.48875004,1
0.63575912,-0.4928081,1
0.45512376,-0.45008797,1
0.48994529,-0.47648395,1
0.87917099,-0.45120863,1
0.85903403,-0.46231384,1
0.88886195,-0.44317022,1
0.41762153,-0.44447296,1
0.39974002,-0.43038362,1
-0.014814821,0.23413386,1
0.0079531221,0.19272389,1
-0.17018292,0.48262239,1
-0.15696962,0.44094828,1
-0.13950809,0.40172162,1
-0.12370979,0.36055506,1
-0.1063045,0.32054188,1
-0.085555104,0.28157447,1
-0.054695288,0.25654698,1
-0.25086367,0.55429597,1
-0.212076,0.50895257,1
-0.23426775,0.52141949,1
-0.29093012,0.56002419,1
-0.32943646,0.56611397,1
-0.36976871,0.57047529,1
-0.41174239,0.57257072,1
-0.52410842,0.58253061,1
-0.48824837,0.57878272,1
-0.55922326,0.58631748,1
-0.59352641,0.5904812,1
-0.45122787,0.5747847,1
-0.62662148,0.59309236,1
-0.64474701,0.584746,1
-0.74636381,0.57696523,1
-0.71447765,0.57260463,1
-0.68165436,0.56928337,1
-0.77476112,0.58005875,1
-0.79028877,0.56108029,1
-0.80360816,0.55593209,1
-0.82779289,0.53974786,1
-0.83834081,0.53343871,1
-0.84858408,0.51824928,1
0.22635238,-0.25606544,1
0.24514039,-0.30540771,1
0.28417329,-0.34543297,1
0.30403301,-0.3607608,1
0.20188826,-0.23848574,1
0.11705094,-0.11510343,1
0.13652164,-0.16078136,1
0.093810874,-0.069756377,1
0.15716541,-0.20556993,1
0.074396504,-0.019409454,1
0.053768656,0.028866724,1
0.033208003,0.07773874,1
0.012386183,0.1279598,1
0.32163515,-0.39811858,1
0.36032605,-0.42535311,1
0.78286657,-0.48373734,1
0.81576111,-0.48479967,1
0.75216716,-0.48262449,1
0.72441337,-0.47594217,1
0.67077884,-0.49708833,1
0.70391046,-0.5019468,1
0.84584773,-0.48416544,1
0.54411033,-0.49343338,1
0.50728589,-0.48941044,1
0.58038391,-0.49728369,1
0.61635634,-0.50105519,1
0.65193811,-0.50501512,1
0.45278724,-0.47181312,1
0.47021878,-0.48500355,1
0.8798306,-0.46453641,1
0.86931589,-0.47132681,1
0.41507931,-0.46678191,1
0.37898325,-0.43919144,1
-0.03604583,0.2185185,1
-0.012362175,0.17664237,1
-0.19556653,0.47077288,1
-0.1809531,0.43011536,1
-0.16315305,0.39005281,1
-0.14602773,0.34783512,1
-0.1279025,0.30589506,1
-0.10618046,0.26541014,1
-0.057649551,0.23402223,1
-0.27334415,0.54688687,1
-0.21517162,0.48532739,1
-0.25737526,0.51201091,1
-0.31307812,0.55249663,1
-0.35222605,0.55747146,1
-0.39348778,0.56090439,1
-0.43361636,0.56289524,1
-0.50749092,0.57079414,1
-0.54291695,0.57441452,1
-0.47118616,0.56668577,1
-0.57774664,0.57861119,1
-0.61144277,0.58237972,1
-0.64777448,0.56616759,1
-0.76198558,0.57062461,1
-0.73119847,0.56576098,1
-0.69923597,0.56185541,1
-0.66599319,0.5585089,1
-0.78006074,0.54884881,1
-0.8039057,0.54024873,1
-0.81500178,0.53339134,1
-0.83900864,0.52185111,1
-0.85384655,0.50953418,1
0.2232264,-0.2841831,1
0.2393184,-0.33325616,1
0.26078754,-0.35222187,1
0.30193478,-0.38395435,1
0.17670527,-0.24942046,1
0.091411268,-0.099767081,1
0.11373999,-0.14422017,1
0.13383251,-0.18910118,1
0.069305317,-0.051546421,1
0.15439021,-0.23319045,1
0.04983856,-0.0011027512,1
0.029326912,0.047456515,1
0.0084471533,0.095880598,1
-0.012858736,0.14591117,1
0.31976822,-0.42106232,1
0.33925123,-0.43468652,1
0.79949282,-0.49317687,1
0.7668268,-0.49192429,1
0.83194376,-0.49259431,1
0.73696744,-0.48958749,1
0.68630217,-0.50935457,1
0.7188334,-0.5142221,1
0.85905526,-0.48883763,1
0.54128784,-0.51490282,1
0.50481563,-0.51081544,1
0.57738466,-0.51839763,1
0.61306878,-0.52166988,1
0.64934059,-0.5248878,1
0.43278821,-0.48032035,1
0.46787612,-0.50652875,1
0.86942714,-0.48152558,1
0.3946113,-0.47553609,1
0.37639675,-0.46203495,1
-0.037861904,0.19074574,1
-0.2008015,0.44500594,1
-0.18346696,0.40493114,1
-0.16607947,0.36403071,1
-0.14826764,0.32122392,1
-0.12954629,0.27977122,1
-0.10673983,0.23813922,1
-0.082977916,0.22223019,1
-0.27675103,0.52541584,1
-0.24033457,0.47453276,1
-0.26034645,0.48874936,1
-0.3177339,0.5302898,1
-0.35781015,0.53484723,1
-0.39794668,0.53825617,1
-0.43653876,0.54203451,1
-0.50986476,0.55043318,1
-0.54539552,0.55457393,1
-0.47367528,0.54622193,1
-0.5801435,0.5587767,1
-0.6140335,0.56270419,1
-0.63223969,0.55483842,1
-0.7646835,0.55246058,1
-0.73315097,0.54789888,1
-0.70125489,0.54371037,1
-0.66855643,0.5395769,1
-0.78837386,0.53531011,1
-0.81596322,0.51768622,1
-0.82942216,0.51245513,1
-0.85374831,0.49878657,1
-0.86360297,0.49294804,1
0.19571681,-0.29373724,1
0.21427887,-0.33972574,1
0.25789479,-0.37646743,1
0.2791823,-0.39287208,1
0.17365979,-0.2765543,1
0.069246704,-0.11624211,1
0.089331197,-0.15772822,1
0.10854573,-0.20131182,1
0.039905311,-0.062853363,1
0.12919911,-0.2444387,1
0.02120105,-0.012576878,1
0.00076471712,0.03570091,1
-0.019896685,0.08407632,1
-0.041315431,0.13161339,1
0.2961063,-0.43202486,1
0.33718864,-0.45774711,1
0.79911485,-0.51059713,1
0.7667152,-0.5104098,1
0.83211186,-0.50857724,1
0.73535487,-0.50708274,1
0.68354072,-0.52904954,1
0.71654918,-0.53339233,1
0.86095443,-0.49777841,1
0.52171192,-0.52362799,1
0.55791308,-0.52734453,1
0.48513237,-0.51941414,1
0.59364484,-0.53047867,1
0.62987404,-0.53329548,1
0.66541988,-0.53665598,1
0.43033903,-0.50221712,1
0.44799541,-0.51523508,1
0.39206233,-0.49802296,1
0.35567696,-0.47125721,1
-0.062724119,0.17714442,1
-0.22352246,0.43512826,1
-0.20688361,0.39469182,1
-0.18959153,0.3533323,1
-0.17151102,0.31127915,1
-0.15280325,0.26858885,1
-0.13311531,0.22554984,1
-0.086236409,0.19312514,1
-0.29899278,0.51634633,1
-0.24345044,0.45010056,1
-0.28286433,0.47912543,1
-0.33967634,0.52128292,1
-0.37981172,0.52520284,1
-0.41912369,0.52906177,1
-0.45663938,0.53346013,1
-0.52896083,0.54232906,1
-0.49311132,0.53795792,1
-0.56409869,0.5466424,1
-0.59851401,0.55097118,1
-0.63512399,0.535366,1
-0.75101423,0.54093909,1
-0.71844907,0.53659748,1
-0.68623652,0.53220633,1
-0.65322203,0.52776317,1
-0.78382444,0.52125563,1
-0.80644899,0.50667177,1
-0.83189294,0.49860304,1
-0.84401242,0.49289385,1
-0.86859684,0.4840763,1
-0.79344577,0.50811493,1
0.19259126,-0.32143142,1
0.20979532,-0.36540359,1
0.23194209,-0.38317958,1
0.27522075,-0.41799885,1
0.14878794,-0.28749977,1
0.070477587,-0.14508651,1
0.044472432,-0.11344703,1
0.086826067,-0.18650004,1
0.10668752,-0.22902881,1
0.016358987,-0.042190524,1
0.03029398,-0.092462355,1
0.12664232,-0.27161417,1
-0.0034310493,0.005636992,1
-0.023698031,0.054178857,1
-0.04441435,0.10185775,1
-0.065681084,0.14874327,1
0.29534153,-0.45535593,1
0.31694086,-0.46745398,1
0.81555124,-0.51820286,1
0.782377,-0.5196431,1
0.75044298,-0.51860524,1
0.84528376,-0.5134467,1
0.69886479,-0.540812,1
0.73149465,-0.54474274,1
0.85582626,-0.50657183,1
0.5190608,-0.54485299,1
0.5550129,-0.54876524,1
0.48278722,-0.54064861,1
0.59109379,-0.55133057,1
0.62803257,-0.5528685,1
0.66309971,-0.55603329,1
0.41008116,-0.51116555,1
0.44575315,-0.5366736,1
0.37149875,-0.50715651,1
0.35332793,-0.4938919,1
-0.22709072,0.40999836,1
-0.21008177,0.36911508,1
-0.19278318,0.32719195,1
-0.17440285,0.28476793,1
-0.15581289,0.24163839,1
-0.13567031,0.19833665,1
-0.11255333,0.18182098,1
-0.30213488,0.49331748,1
-0.26659917,0.44037833,1
-0.28600117,0.4551866,1
-0.34324196,0.49800664,1
-0.38321809,0.5024992,1
-0.42193093,0.50765343,1
-0.45926138,0.51244793,1
-0.53148584,0.52191343,1
-0.49566713,0.51747045,1
-0.56653883,0.52657643,1
-0.60105565,0.53107919,1
-0.61945945,0.52333979,1
-0.75220563,0.52319519,1
-0.72091739,0.51808032,1
-0.68926514,0.51318836,1
-0.65607016,0.5082213,1
-0.76715251,0.5153065,1
-0.81006836,0.48957984,1
-0.82205336,0.48674219,1
-0.84293279,0.47785722,1
-0.86647874,0.47402894,1
-0.78623385,0.49224961,1
0.16757436,-0.33108203,1
0.18476922,-0.37359635,1
0.22706938,-0.40676346,1
0.24906053,-0.42517808,1
0.14582805,-0.31433331,1
0.049072812,-0.15835368,1
0.032648445,-0.14067017,1
0.064245643,-0.20021961,1
0.082529254,-0.24130122,1
-0.013493721,-0.053679678,1
-0.00098446387,-0.10196157,1
0.10210003,-0.28279218,1
-0.032078674,-0.0058000053,1
-0.051948379,0.04248908,1
-0.072244187,0.090242215,1
-0.092533154,0.13657029,1
0.2777144,-0.46684291,1
0.31479083,-0.49020144,1
0.81492001,-0.53355714,1
0.78131677,-0.53821274,1
0.74886698,-0.53709501,1
0.84539931,-0.52372149,1
0.69624882,-0.55981126,1
0.72889022,-0.5633858,1
0.49981936,-0.55327491,1
0.53573653,-0.55754853,1
0.57193343,-0.56067024,1
0.46328872,-0.54920174,1
0.60867626,-0.56209479,1
0.64517895,-0.56383812,1
0.67860458,-0.5674261,1
0.40777334,-0.53318517,1
0.42578895,-0.54567526,1
0.36922576,-0.52901529,1
0.33268957,-0.50312926,1
-0.25006713,0.40044531,1
-0.23387394,0.35913585,1
-0.21686031,0.31701893,1
-0.1990826,0.27419998,1
-0.18070725,0.23100209,1
-0.16156497,0.18735911,1
-0.11589311,0.15366728,1
-0.32444163,0.48398467,1
-0.2696476,0.41585298,1
-0.30811538,0.44655656,1
-0.36478216,0.48886732,1
-0.4041603,0.49414418,1
-0.441968,0.49961397,1
-0.47885308,0.50472227,1
-0.55036066,0.51409233,1
-0.51494558,0.50953008,1
-0.58512527,0.51881875,1
-0.62216012,0.50352943,1
-0.73681069,0.51163781,1
-0.70675183,0.50617524,1
-0.67443318,0.50101706,1
-0.6406728,0.49601377,1
-0.77046615,0.4959893,1
-0.79688873,0.48102915,1
-0.82846496,0.47378909,1
-0.85304752,0.4692667,1
-0.87782376,0.46468782,1
0.16423587,-0.3575691,1
0.18092299,-0.3987345,1
0.20107638,-0.41412563,1
0.24195773,-0.44814702,1
0.12121912,-0.32521776,1
0.045345998,-0.18471495,1
0.0098513033,-0.1497241,1
0.061807032,-0.22730379,1
0.080498545,-0.26788911,1
-0.037299284,-0.03550303,1
-0.021225841,-0.083841735,1
-0.0096031534,-0.13200018,1
0.099636711,-0.30956222,1
-0.056133256,0.012574136,1
-0.07597687,0.060771008,1
-0.095997338,0.10782487,1
0.28000637,-0.48859195,1
0.25678822,-0.464657,1
0.29548347,-0.49985244,1
0.8288331,-0.53848147,1
0.7974234,-0.54452105,1
0.76407897,-0.5474692,1
0.84000499,-0.5323542,1
0.71132878,-0.57103465,1
0.74471536,-0.57462683,1
0.49745933,-0.57423816,1
0.53384629,-0.57821661,1
0.57032954,-0.58093609,1
0.46123265,-0.57031327,1
0.60796808,-0.58123184,1
0.64328217,-0.58300917,1
0.67626065,-0.58653102,1
0.38748151,-0.54190136,1
0.4240257,-0.56682691,1
0.34873783,-0.53824282,1
0.33037246,-0.5256214,1
-0.2536522,0.37515954,1
-0.23746083,0.33318006,1
-0.2202679,0.29053819,1
-0.20237736,0.2473846,1
-0.18390433,0.20393601,1
-0.16489093,0.1597544,1
-0.14233605,0.14257824,1
-0.32728529,0.46116258,1
-0.29206961,0.40812957,1
-0.31113538,0.42402487,1
-0.36790004,0.46625126,1
-0.40680977,0.47265119,1
-0.44432052,0.4793668,1
-0.48095618,0.48450147,1
-0.55272158,0.4938744,1
-0.51723643,0.48932599,1
-0.58768823,0.49877929,1
-0.60631928,0.49122937,1
-0.7405812,0.4925571,1
-0.71040034,0.48704786,1
-0.67803422,0.48154033,1
-0.64393215,0.47597679,1
-0.7592898,0.48479728,1
-0.79576963,0.46598812,1
-0.82317813,0.45864061,1
-0.85054903,0.45403129,1
-0.87672651,0.45151315,1
0.13954263,-0.36734714,1
0.15732568,-0.40876076,1
0.19781336,-0.43912528,1
0.21670357,-0.45473205,1
0.11827218,-0.35174451,1
0.023560934,-0.19640897,1
0.0044906054,-0.17910164,1
0.03901076,-0.23920754,1
0.056559839,-0.27929647,1
-0.066095385,-0.047340402,1
-0.050784388,-0.096565327,1
-0.035852,-0.14445882,1
0.075275818,-0.3205028,1
-0.084131286,0.0013126304,1
-0.1036609,0.049266487,1
-0.12314155,0.096613129,1
0.26244936,-0.49828088,1
0.24818957,-0.48544405,1
0.29311719,-0.52180059,1
0.82858696,-0.54887202,1
0.79913202,-0.55738821,1
0.76253177,-0.56635796,1
0.70835613,-0.58972072,1
0.74215128,-0.59395646,1
0.47837111,-0.58272339,1
0.51481052,-0.58648432,1
0.55151877,-0.58969916,1
0.58878172,-0.59073346,1
0.44193383,-0.57893679,1
0.62542761,-0.59117659,1
0.658859,-0.59430926,1
0.69093223,-0.59760225,1
0.38617605,-0.56298896,1
0.40470462,-0.57542442,1
0.34692774,-0.55833603,1
0.31010743,-0.53464173,1
-0.27936327,0.36563637,1
-0.26174477,0.32247547,1
-0.24472632,0.27981128,1
-0.22715566,0.23690085,1
-0.20900655,0.19350516,1
-0.19077517,0.14956221,1
-0.1461203,0.11426951,1
-0.34920351,0.4525685,1
-0.29820021,0.38319873,1
-0.33262423,0.4187361,1
-0.38898544,0.45839015,1
-0.42693291,0.46591326,1
-0.463717,0.47197997,1
-0.50006109,0.47704558,1
-0.53613761,0.48149141,1
-0.57146271,0.48631904,1
-0.60911972,0.47100223,1
-0.72833642,0.47987224,1
-0.69651469,0.47458424,1
-0.66293054,0.46870759,1
-0.6282199,0.46326531,1
-0.76519596,0.46459885,1
-0.80877548,0.45417849,1
-0.78138449,0.4569325,1
-0.83514747,0.44747332,1
-0.862883,0.44561885,1
-0.88842431,0.44332332,1
0.13647867,-0.39340065,1
0.15443202,-0.43417286,1
0.17476632,-0.44914625,1
0.21277262,-0.47950329,1
0.093886074,-0.36249862,1
0.019664308,-0.22381738,1
-0.019142638,-0.19011251,1
0.035794276,-0.26461233,1
0.053800428,-0.30514012,1
-0.088872806,-0.028898884,1
-0.071848369,-0.078240643,1
-0.056791857,-0.1271438,1
-0.040030786,-0.17319361,1
0.072472117,-0.34691244,1
-0.10763044,0.019723052,1
-0.12707242,0.067525948,1
0.25992654,-0.51855669,1
0.22942814,-0.49370531,1
0.27511727,-0.53081591,1
0.82293153,-0.55733596,1
0.79141284,-0.56933277,1
0.81349015,-0.56100363,1
0.77755467,-0.57582249,1
0.72335349,-0.6014015,1
0.75571216,-0.60415119,1
0.47615497,-0.60353141,1
0.51430986,-0.60894706,1
0.55176806,-0.60876093,1
0.58861262,-0.60910897,1
0.44018643,-0.59980602,1
0.6237469,-0.61009782,1
0.6566573,-0.61326522,1
0.68840975,-0.61636185,1
0.3661102,-0.57019611,1
0.40375573,-0.59619528,1
0.3274135,-0.56608594,1
0.30895856,-0.55501306,1
-0.28386895,0.3389081,1
-0.26560267,0.29558744,1
-0.24831932,0.25298931,1
-0.23058778,0.2100875,1
-0.21255144,0.16673608,1
-0.19482545,0.12160595,1
-0.17272546,0.1034894,1
-0.35152246,0.43267371,1
-0.31994933,0.37921981,1
-0.33530758,0.39886188,1
-0.39134541,0.43868108,1
-0.42896605,0.44536279,1
-0.46489143,0.4519879,1
-0.50178196,0.45670062,1
-0.53815937,0.46132736,1
-0.573892,0.46605988,1
-0.59291796,0.458293,1
-0.73319036,0.46053288,1
-0.7003154,0.45573898,1
-0.66633568,0.44870337,1
-0.63135013,0.44268969,1
-0.75134131,0.45301932,1
-0.80258184,0.43675405,1
-0.78602213,0.43828144,1
-0.83183373,0.43185557,1
-0.86083719,0.43089986,1
-0.88731369,0.42989892,1
-0.89879232,0.42225175,1
-0.90867991,0.40140724,1
0.11362862,-0.40381012,1
0.13167858,-0.44422874,1
0.17199704,-0.4738316,1
0.19111313,-0.48858187,1
0.092306477,-0.38851072,1
-0.0038310147,-0.2338313,1
-0.023567632,-0.21743376,1
0.011689462,-0.27525112,1
0.029486174,-0.31595518,1
-0.11654676,-0.039912213,1
-0.098968236,-0.090451521,1
-0.08244929,-0.1395128,1
-0.065165304,-0.18488701,1
0.048142866,-0.35770045,1
-0.13529166,0.0084080585,1
-0.15439443,0.05597219,1
0.24182258,-0.52796289,1
0.22558396,-0.51594834,1
0.27441912,-0.55169978,1
0.80287862,-0.57713698,1
0.81335118,-0.57180426,1
0.77765303,-0.59007295,1
0.71915029,-0.61932225,1
0.75445231,-0.61868544,1
0.76951194,-0.59958842,1
0.49474251,-0.61750892,1
0.45726911,-0.61199053,1
0.53359491,-0.61974111,1
0.57040974,-0.61837336,1
0.60611828,-0.61852859,1
0.42132941,-0.60846701,1
0.63939977,-0.62088636,1
0.67153647,-0.62424658,1
0.70163045,-0.62640107,1
0.36566733,-0.59078929,1
0.38478429,-0.60435301,1
0.32795836,-0.58587233,1
0.29127016,-0.56305578,1
-0.3091589,0.32623119,1
-0.29028187,0.28409213,1
-0.27285135,0.24238363,1
-0.25532678,0.19980052,1
-0.23763698,0.15744237,1
-0.22046856,0.11447723,1
-0.17706871,0.074279261,1
-0.37257896,0.42664741,1
-0.3317645,0.36194948,1
-0.354083,0.39377355,1
-0.41120287,0.43239165,1
-0.44752808,0.43882425,1
-0.48385149,0.44416444,1
-0.52097906,0.44881699,1
-0.55717262,0.45345119,1
-0.59561755,0.43774446,1
-0.71905499,0.44886323,1
-0.68524007,0.44269084,1
-0.65046752,0.43539695,1
-0.61494954,0.42987808,1
-0.75508943,0.43378638,1
-0.81367075,0.42559842,1
-0.77358172,0.42671485,1
-0.84518948,0.42369455,1
-0.87357008,0.42336976,1
-0.89767521,0.4090406,1
-0.90793702,0.3883349,1
-0.91845554,0.38026376,1
0.1117222,-0.42922611,1
0.12996535,-0.46880854,1
0.1499495,-0.48343801,1
0.18794344,-0.51256544,1
0.068907657,-0.4010673,1
-0.0085893759,-0.25986025,1
-0.048467192,-0.22820373,1
0.0081407714,-0.30075032,1
0.026632313,-0.34210587,1
-0.13946646,-0.021015693,1
-0.1208892,-0.07056461,1
-0.10356169,-0.1211452,1
-0.08664395,-0.16852123,1
-0.069176716,-0.21257588,1
0.046158004,-0.38584321,1
-0.15864413,0.026397735,1
0.23997969,-0.54904199,1
0.20575875,-0.52572989,1
0.25738551,-0.56051966,1
0.80351639,-0.58594539,1
0.78913005,-0.59649013,1
0.73057408,-0.63079412,1
0.74528476,-0.62872277,1
0.76729631,-0.62388223,1
0.77784628,-0.61001001,1
0.49226793,-0.63881448,1
0.45514785,-0.63250025,1
0.53650741,-0.63778979,1
0.57069593,-0.63582715,1
0.60464432,-0.63696132,1
0.4197389,-0.62907809,1
0.63737948,-0.63965921,1
0.66926814,-0.64300692,1
0.69837488,-0.64496227,1
0.34702973,-0.59871561,1
0.3839406,-0.62524321,1
0.31104523,-0.59483246,1
0.29281198,-0.58308879,1
-0.31171392,0.29830326,1
-0.33024231,0.33931813,1
-0.29393755,0.25771028,1
-0.27642669,0.21600819,1
-0.25883109,0.17392448,1
-0.24150382,0.13313979,1
-0.22521222,0.084088159,1
-0.20391237,0.062006737,1
-0.37245616,0.40762147,1
-0.35278942,0.37214694,1
-0.41182161,0.41222266,1
-0.44841105,0.41765431,1
-0.48536107,0.42321799,1
-0.522868,0.42804554,1
-0.55954011,0.43288336,1
-0.57895907,0.42494352,1
-0.72256887,0.4294502,1
-0.68840462,0.42283022,1
-0.65342971,0.41480249,1
-0.61786946,0.40920477,1
-0.74045236,0.4218869,1
-0.81108891,0.40862496,1
-0.77645133,0.40751253,1
-0.84366878,0.40845312,1
-0.87199776,0.40914894,1
-0.88462426,0.40246695,1
-0.89710908,0.3802757,1
-0.91488198,0.36641189,1
0.093006935,-0.43909314,1
0.11166738,-0.47625343,1
0.14764614,-0.50770275,1
0.16652398,-0.52207991,1
0.071514539,-0.42623373,1
-0.033298764,-0.27042226,1
-0.053439963,-0.25516328,1
-0.016315092,-0.31144321,1
0.0022261366,-0.35290117,1
-0.16699405,-0.032058289,1
-0.14754736,-0.081044843,1
-0.1292155,-0.1320946,1
-0.11274738,-0.18036313,1
-0.094786171,-0.22412,1
0.021620341,-0.39706479,1
-0.18601361,0.015076421,1
0.22029776,-0.55928139,1
0.20231544,-0.54798384,1
0.25759111,-0.5812006,1
0.79747855,-0.5941424,1
0.78752975,-0.60754762,1
0.72593077,-0.64627839,1
0.75317741,-0.63989056,1
0.76574309,-0.63539964,1
0.77689051,-0.61976957,1
0.47155913,-0.64534669,1
0.50760402,-0.65537631,1
0.43647466,-0.64092682,1
0.52548134,-0.65325283,1
0.55496676,-0.64426338,1
0.58742486,-0.64499548,1
0.62025265,-0.6473034,1
0.40132153,-0.63769656,1
0.65236867,-0.65079841,1
0.68288584,-0.6536834,1
0.71125141,-0.65336772,1
0.34780924,-0.62047577,1
0.36560316,-0.63343965,1
0.31262462,-0.61595816,1
0.27616654,-0.59241373,1
-0.33580074,0.28710534,1
-0.35281307,0.32613151,1
-0.31809958,0.24723987,1
-0.30080152,0.20580809,1
-0.28351429,0.16409504,1
-0.26602676,0.12492367,1
-0.24923663,0.078463611,1
-0.20860757,0.032378352,1
-0.39184136,0.39948616,1
-0.37048162,0.36414683,1
-0.43046776,0.40402386,1
-0.46728397,0.4098715,1
-0.50518047,0.41498272,1
-0.54241578,0.41998809,1
-0.58172069,0.40409306,1
-0.70699382,0.41646531,1
-0.67246242,0.40824828,1
-0.63723224,0.40142191,1
-0.60129909,0.39622069,1
-0.74268831,0.40267747,1
-0.79412717,0.39916056,1
-0.82773119,0.39964068,1
-0.76019499,0.39537464,1
-0.85774418,0.40143761,1
-0.88480101,0.3867744,1
-0.90108563,0.36551909,1
-0.9245285,0.35798895,1
0.09466535,-0.46154066,1
0.10904525,-0.49916919,1
0.12503986,-0.51598903,1
0.16377694,-0.54577991,1
0.055769801,-0.44092422,1
-0.037475789,-0.29650601,1
-0.07850911,-0.26619864,1
-0.019375866,-0.33744337,1
-0.00080097321,-0.37971734,1
-0.19018873,-0.013955852,1
-0.17073249,-0.061435043,1
-0.1512802,-0.11188116,1
-0.13420653,-0.16230411,1
-0.11687819,-0.20827304,1
-0.099145795,-0.25078321,1
0.017063332,-0.42389431,1
0.21913404,-0.58016387,1
0.1817531,-0.55851938,1
0.23902158,-0.59060542,1
0.73705267,-0.65592394,1
0.74958864,-0.65160746,1
0.46942907,-0.66662039,1
0.5027193,-0.67744129,1
0.4343951,-0.66128062,1
0.53762063,-0.66829371,1
0.55450531,-0.66124674,1
0.58600693,-0.66297845,1
0.61832788,-0.66582347,1
0.39950338,-0.65797516,1
0.65091882,-0.66998309,1
0.67846386,-0.67012598,1
0.7104258,-0.66765416,1
0.33031727,-0.6287582,1
0.36451233,-0.65433823,1
0.29483143,-0.62458187,1
0.2766066,-0.6127811,1
-0.33853072,0.26242379,1
-0.35581648,0.30184664,1
-0.37202745,0.34076275,1
-0.32138821,0.22171312,1
-0.3043848,0.179771,1
-0.28684311,0.13939682,1
-0.2690159,0.10063657,1
-0.2555791,0.056210665,1
-0.23464587,0.020113323,1
-0.39116041,0.37763813,1
-0.43104896,0.38238181,1
-0.46947456,0.38769368,1
-0.50757883,0.39332173,1
-0.54503622,0.39877853,1
-0.56492216,0.39082334,1
-0.7097381,0.39582793,1
-0.67569053,0.38739368,1
-0.6402708,0.38063544,1
-0.60423127,0.37535819,1
-0.72754911,0.38960339,1
-0.79544088,0.37926081,1
-0.82837361,0.38219842,1
-0.76228155,0.37605306,1
-0.85826111,0.38474286,1
-0.87269145,0.37676163,1
-0.89180846,0.35476039,1
-0.92262937,0.3450944,1
-0.25175913,0.033318389,1
0.080236722,-0.47435494,1
0.088306862,-0.49915333,1
0.12267643,-0.54016342,1
0.14253567,-0.55557713,1
0.033326342,-0.4410156,1
0.06283357,-0.46659791,1
-0.061930862,-0.30733719,1
-0.082822983,-0.29228879,1
-0.043776335,-0.34833537,1
-0.025129624,-0.39052544,1
-0.21601954,-0.02593909,1
-0.19765147,-0.072263741,1
-0.17798538,-0.12127537,0.2
-0.1623899,-0.17322145,0.2
-0.14261369,-0.21957255,1
-0.12384608,-0.26225711,1
-0.0088164214,-0.43279101,1
0.19735124,-0.59144544,1
0.17795261,-0.5810985,1
0.23908343,-0.61051316,1
0.73435426,-0.66899234,1
0.45093823,-0.67412774,1
0.48525315,-0.68215315,1
0.51771933,-0.69273076,1
0.41584118,-0.66971049,1
0.53474334,-0.68570666,1
0.56881655,-0.67079347,1
0.60130162,-0.67346435,1
0.63400485,-0.67736396,1
0.38103161,-0.66642039,1
0.6633963,-0.67863419,1
0.68726407,-0.68006413,1
0.72240676,-0.67363323,1
0.7000621,-0.67820557,1
0.329631,-0.64973985,1
0.34603215,-0.662356,1
0.29380031,-0.64570327,1
0.25809304,-0.62147572,1
-0.3618126,0.25276121,1
-0.37837247,0.29237574,1
-0.39443179,0.33133177,1
-0.34514959,0.21217925,1
-0.32873737,0.17026116,1
-0.31123153,0.13047442,1
-0.29273871,0.091225991,1
-0.27814188,0.053149321,1
-0.23788271,-0.0091718453,1
-0.41172186,0.36873259,1
-0.45118283,0.37383444,1
-0.48995001,0.37937918,1
-0.52788679,0.38517498,1
-0.56781789,0.36979631,1
-0.694377,0.38133824,1
-0.65969637,0.37316142,1
-0.6238402,0.3675558,1
-0.58754861,0.36220353,1
-0.73027832,0.36972631,1
-0.7798516,0.3682912,1
-0.81304503,0.37128294,1
-0.84482813,0.37431611,1
-0.74750408,0.36347881,1
-0.87572236,0.35950424,1
-0.89617617,0.34084578,1
-0.93460399,0.33724962,1
-0.91039987,0.3375205,1
-0.27432191,0.030257044,1
0.078874671,-0.5162118,1
0.10175032,-0.5502113,1
0.13986679,-0.5787998,1
0.026429589,-0.46505323,1
0.045136684,-0.47965877,1
-0.065170633,-0.33316637,1
-0.10694151,-0.30325365,1
-0.046502983,-0.37460127,1
-0.028588063,-0.41676959,1
-0.21974383,-0.054870226,1
-0.20117152,-0.10126775,0.2
-0.18410405,-0.15240615,0.2
-0.16666624,-0.20257998,0.2
-0.14522195,-0.24689341,1
-0.12732792,-0.28863741,1
-0.013129649,-0.45804848,1
0.19748789,-0.61124907,1
0.15730757,-0.59158169,1
0.21933256,-0.61987525,1
0.44887195,-0.69483042,1
0.48343973,-0.7042485,1
0.51590706,-0.71173966,1
0.41373398,-0.68986764,1
0.54987601,-0.69679793,1
0.56706453,-0.6889317,1
0.59950606,-0.69170869,1
0.63205232,-0.69623503,1
0.37891281,-0.68647484,1
0.66623118,-0.69335652,1
0.68069275,-0.69410693,1
0.71927418,-0.68651614,1
0.70668725,-0.6897957,1
0.31090724,-0.65806121,1
0.34411915,-0.68267917,1
0.27433419,-0.65461324,1
0.25685175,-0.64218646,1
-0.3816386,0.26797184,1
-0.36514283,0.22804341,1
-0.39777338,0.30722963,1
-0.4134474,0.34581032,1
-0.34891547,0.18676438,1
-0.33225528,0.1456628,1
-0.31413798,0.10659069,1
-0.29552222,0.065991691,1
-0.26036951,-0.023734718,1
-0.45389747,0.35104342,1
-0.49313567,0.35724559,1
-0.53089103,0.3638705,1
-0.5509362,0.35644701,1
-0.69771356,0.36113676,1
-0.66328457,0.35204883,1
-0.62695363,0.34648852,1
-0.59038255,0.34115813,1
-0.71580386,0.35574937,1
-0.78200715,0.34901321,1
-0.81519158,0.35254941,1
-0.84708377,0.35573688,1
-0.7498121,0.34399054,1
-0.86354766,0.34890625,1
-0.88384101,0.32920474,1
-0.93031826,0.32368008,1
-0.91545697,0.32340291,1
-0.28480395,0.014078673,1
-0.27896568,-0.01243322,1
0.084201145,-0.53931608,1
0.057439509,-0.51716137,1
0.10051973,-0.57524595,1
0.11877696,-0.58842073,1
0.0058533514,-0.47318941,1
0.042653196,-0.5022303,1
-0.089221867,-0.34403523,1
-0.11010062,-0.3291709,1
-0.070525197,-0.38537481,1
-0.052530461,-0.42679632,1
-0.24527093,-0.066611407,1
-0.22817315,-0.11149908,0.2
-0.21206406,-0.15976864,0.2
-0.19143947,-0.21579366,0.2
-0.16959125,-0.25853935,0.2
-0.15101707,-0.30013178,1
-0.036023737,-0.46742066,1
0.17548307,-0.62400496,1
0.15470137,-0.61468452,1
0.21885545,-0.63993322,1
0.43022162,-0.70214045,1
0.46554938,-0.70941841,1
0.49909361,-0.71854553,1
0.53139371,-0.72250432,1
0.39527737,-0.69818677,1
0.54833864,-0.71458668,1
0.58245935,-0.69936102,1
0.61457979,-0.70293887,1
0.64563839,-0.70871163,1
0.36048053,-0.69471586,1
0.66103788,-0.70579011,1
0.68937378,-0.70443763,1
0.70257024,-0.70198495,1
0.30886237,-0.67891359,1
0.32567313,-0.69091541,1
0.27264562,-0.67567709,1
0.23736504,-0.65128187,1
-0.40462933,0.25857246,1
-0.38843012,0.2188027,1
-0.42034941,0.29792708,1
-0.43548914,0.33666852,1
-0.37255087,0.17784402,1
-0.35617042,0.13734457,1
-0.33821349,0.097667099,1
-0.31993954,0.056563414,1
-0.26403344,-0.052243144,1
-0.47537486,0.34276908,1
-0.51376874,0.34988366,1
-0.55363868,0.335671,1
-0.68261527,0.34607962,1
-0.64697241,0.33845559,1
-0.61017864,0.33324552,1
-0.57335431,0.32797491,1
-0.71891071,0.33657065,1
-0.79974299,0.34124927,1
-0.76674513,0.33728679,1
-0.83277579,0.34488565,1
-0.73569318,0.33105932,1
-0.8672986,0.33252136,1
-0.88904932,0.31628962,1
-0.94011131,0.31468837,1
-0.90644159,0.31381306,1
-0.30841378,0.013399451,1
-0.29833217,-0.027153714,1
-0.94894906,0.29192498,1
0.066533632,-0.55248135,1
0.051578499,-0.54042812,1
0.080268426,-0.58551753,1
0.11623668,-0.61128677,1
0.00230856,-0.49735151,1
0.02040131,-0.51178685,1
-0.091849782,-0.36997777,1
-0.13360598,-0.34027177,1
-0.073094235,-0.41132571,1
-0.055652907,-0.45218992,1
-0.2501802,-0.094236246,0.2
-0.23294703,-0.13886918,0.2
-0.22149843,-0.18317605,0.2
-0.21322545,-0.20556349,0.2
-0.19175623,-0.24443216,0.2
-0.17190453,-0.28539742,1
-0.15413602,-0.3258489,1
-0.039154985,-0.49208595,1
0.17949173,-0.64317622,1
0.1347203,-0.62476867,1
0.20101945,-0.6504783,1
0.42792398,-0.72219064,1
0.46282312,-0.72868919,1
0.49687938,-0.73867562,1
0.53175128,-0.7414068,1
0.39303302,-0.71824622,1
0.56392718,-0.72383647,1
0.58085937,-0.71647703,1
0.61286463,-0.72192734,1
0.64258692,-0.72567029,1
0.35847196,-0.71469142,1
0.67163461,-0.71971275,1
0.68550893,-0.71760985,1
0.29006688,-0.68761951,1
0.32371851,-0.71126674,1
0.25346884,-0.6846834,1
0.23567071,-0.67271496,1
-0.42393922,0.2736738,1
-0.40809061,0.2341211,1
-0.39207228,0.19401817,1
-0.43904955,0.31288742,1
-0.37628791,0.15302256,1
-0.35922217,0.11323259,1
-0.34123153,0.072874121,1
-0.32456501,0.030948317,1
-0.28643056,-0.065905363,1
-0.47940989,0.31955863,1
-0.51742826,0.32877835,1
-0.53725303,0.32198918,1
-0.68639509,0.32600164,1
-0.65028343,0.31732167,1
-0.61314242,0.31238117,1
-0.57543945,0.30738527,1
-0.70460023,0.32188006,1
-0.80195058,0.32199928,1
-0.76880718,0.31789864,1
-0.83658253,0.32480698,1
-0.73684164,0.31265586,1
-0.85464145,0.31927332,1
-0.88113635,0.30351232,1
-0.93728082,0.30041945,1
-0.90924663,0.29792945,1
-0.31496443,-0.012158503,1
-0.30213312,-0.052117432,1
-0.94741379,0.28005853,1
-0.95636605,0.27465794,1
-0.96069468,0.25837955,1
0.0638315,-0.57364815,1
0.032965959,-0.54936188,1
0.078092356,-0.60835717,1
0.095803377,-0.62095162,1
-0.019805689,-0.50687587,1
0.016575082,-0.53565168,1
-0.11537935,-0.38093662,1
-0.13625679,-0.36609496,1
-0.096709115,-0.42183826,1
-0.078717671,-0.46217086,1
-0.27579062,-0.10521448,0.2
-0.25945986,-0.14879499,0.2
-0.24722161,-0.18876886,0.2
-0.23466171,-0.22309262,0.2
-0.21484222,-0.25820022,0.2
-0.19529187,-0.29686407,0.2
-0.17752378,-0.33707608,1
-0.061597859,-0.50187454,1
0.1666483,-0.66203555,1
0.13172858,-0.64721248,1
0.20024191,-0.67099929,1
0.40919198,-0.72997728,1
0.44384806,-0.73415139,1
0.47849925,-0.74364937,1
0.5140504,-0.75077223,1
0.5476965,-0.74873419,1
0.37465989,-0.72650985,1
0.56292747,-0.73908149,1
0.59619092,-0.72781316,1
0.62728569,-0.73218215,1
0.65435273,-0.73636061,1
0.34015596,-0.72300607,1
0.66800093,-0.73332459,1
0.28866012,-0.70817305,1
0.305501,-0.71981847,1
0.25217538,-0.70536092,1
0.21638358,-0.6818873,1
-0.44690411,0.26438691,1
-0.43114546,0.22484881,1
-0.41524713,0.18489023,1
-0.46149291,0.30405188,1
-0.39943143,0.1445941,1
-0.38272292,0.10433243,1
-0.36535853,0.063684212,1
-0.34936687,0.022058122,1
-0.29327847,-0.091251859,0.2
-0.50083022,0.31292983,1
-0.54020952,0.30154807,1
-0.67037541,0.31083694,1
-0.63322843,0.30449025,1
-0.59543147,0.29970415,1
-0.5586803,0.29464026,1
-0.70787364,0.30394333,1
-0.78627679,0.31037506,1
-0.82120591,0.31322074,1
-0.75302261,0.30619894,1
-0.72333258,0.30023047,1
-0.86327089,0.3031794,1
-0.89338988,0.2911478,1
-0.9227633,0.29161467,1
-0.33503621,-0.019977238,1
-0.32327073,-0.062787394,1
-0.93770029,0.27243131,1
-0.95412789,0.26372885,1
-0.96328641,0.24853551,1
0.044901508,-0.58448981,1
0.0289911,-0.57225676,1
0.058843935,-0.61872624,1
0.093329035,-0.64342764,1
-0.022619907,-0.53094542,1
-0.0043318855,-0.54528589,1
-0.11766964,-0.40684622,1
-0.15938133,-0.37728257,1
-0.099210105,-0.44728982,1
-0.081531375,-0.48719019,1
-0.2802964,-0.13240313,0.2
-0.26430007,-0.17528727,0.2
-0.25318514,-0.21279587,0.2
-0.23596173,-0.24709086,0.2
-0.21606459,-0.28377407,0.2
-0.19779217,-0.32282562,1
-0.18011828,-0.36268656,1
-0.064229949,-0.52630746,1
0.14741588,-0.66461504,1
0.18117662,-0.67953802,1
0.11077061,-0.6562066,1
0.4064481,-0.74991811,1
0.44011281,-0.75352797,1
0.47296805,-0.76180513,1
0.51410272,-0.76844816,1
0.55346891,-0.76425026,1
0.37231817,-0.74652391,1
0.57625898,-0.74849151,1
0.59259024,-0.74458261,1
0.6269607,-0.7465619,1
0.65102766,-0.74992625,1
0.33821663,-0.74298635,1
0.2699454,-0.71690815,1
0.3037883,-0.73991716,1
0.23286932,-0.71444304,1
0.21487566,-0.70293786,1
-0.45064906,0.24001327,1
-0.46575766,0.27980464,1
-0.43465982,0.20040247,1
-0.41886924,0.16028762,1
-0.40281469,0.12001594,1
-0.38584123,0.079577027,1
-0.3688684,0.038483309,1
-0.35328742,-0.003309479,1
-0.31532266,-0.10416112,0.2
-0.50681376,0.28827713,1
-0.52636828,0.28368454,1
-0.67608959,0.28986989,1
-0.63646667,0.28318627,1
-0.59734715,0.28016752,1
-0.55842909,0.2742457,1
-0.69538268,0.28709787,1
-0.78851258,0.29077315,1
-0.82277677,0.29354308,1
-0.75456722,0.28680331,1
-0.72329015,0.28194869,1
-0.85704378,0.28750471,1
-0.88853383,0.27546227,1
-0.92471804,0.27549298,1
-0.33954156,-0.045642411,1
-0.32961236,-0.089484587,0.2
-0.94304336,0.26100386,1
-0.95988881,0.24050919,1
-0.83902021,0.28261891,1
-0.9673104,0.23175019,1
0.042090013,-0.60672827,1
0.0089824074,-0.58218058,1
0.056398763,-0.64098966,1
0.073172843,-0.65309659,1
-0.044601293,-0.54058843,1
-0.0079497007,-0.5689199,1
-0.14092184,-0.41754659,1
-0.16175609,-0.4028246,1
-0.1223799,-0.45754679,1
-0.10422427,-0.49733157,1
-0.30455652,-0.14325435,0.2
-0.28902389,-0.18596192,0.2
-0.27473687,-0.22536913,0.2
-0.25850242,-0.26084384,0.2
-0.23914048,-0.29666504,0.2
-0.22074425,-0.33409165,0.2
-0.20323197,-0.37360411,1
-0.086212227,-0.53611172,1
0.14276209,-0.69053741,1
0.17787654,-0.69950917,1
0.10788207,-0.67869147,1
0.38794741,-0.7582011,1
0.42144485,-0.76150805,1
0.45355668,-0.76622154,1
0.48327828,-0.77799736,1
0.52946065,-0.7798319,1
0.49959651,-0.77938261,1
0.54602027,-0.77797221,1
0.57120364,-0.76372893,1
0.3541909,-0.75468576,1
0.60312764,-0.7564522,1
0.63893686,-0.75361567,1
0.6169726,-0.75581476,1
0.32006648,-0.75134571,1
0.26873233,-0.73702603,1
0.28573436,-0.74838962,1
0.23205308,-0.73468996,1
0.19543391,-0.712021,1
-0.4734331,0.2307007,1
-0.48965818,0.27065869,1
-0.45756966,0.19131094,1
-0.44180022,0.15143051,1
-0.42567734,0.11112241,1
-0.40923365,0.070396131,1
-0.39293097,0.02920096,1
-0.37669464,-0.012245383,1
-0.32209493,-0.12897496,0.2
-0.53762664,0.26561121,1
-0.65923585,0.27505064,1
-0.61829634,0.27154056,1
-0.57710392,0.26745408,1
-0.70582825,0.27288155,1
-0.77258757,0.27890111,1
-0.80575722,0.28271971,1
-0.73834381,0.27497846,1
-0.87005319,0.2721521,1
-0.89943628,0.26061858,1
-0.91567672,0.26186375,1
-0.36183952,-0.054399466,1
-0.35195339,-0.098139277,0.2
-0.93850335,0.24776123,1
-0.94756132,0.23755768,1
-0.83652294,0.26513258,1
-0.96400821,0.22213212,1
-0.97091639,0.21529802,1
0.02239195,-0.61716946,1
0.0051947531,-0.60485482,1
0.036351112,-0.65115298,1
0.070614116,-0.67518533,1
-0.047305519,-0.56439131,1
-0.028941948,-0.57838232,1
-0.14313111,-0.44279561,1
-0.18479021,-0.41353758,1
-0.12458036,-0.48256921,1
-0.10627304,-0.52182018,1
-0.3084438,-0.17032087,0.2
-0.29349717,-0.21201677,0.2
-0.27875414,-0.24941886,0.2
-0.2604588,-0.28484418,0.2
-0.24131984,-0.32102107,0.2
-0.22358955,-0.35925966,1
-0.20552915,-0.3989131,1
-0.088210423,-0.5600319,1
0.15869444,-0.70792907,1
0.12418625,-0.69561972,1
0.087881768,-0.68800124,1
0.38543479,-0.77791165,1
0.4181106,-0.78137993,1
0.44895537,-0.78574834,1
0.47548243,-0.79542764,1
0.52328431,-0.79586763,1
0.50671782,-0.79598426,1
0.55774838,-0.79187837,1
0.58134419,-0.77491311,1
0.35209535,-0.77440931,1
0.59693692,-0.77154528,1
0.63502574,-0.76584374,1
0.62297777,-0.76781988,1
0.31820455,-0.77113532,1
0.25014607,-0.74572572,1
0.28398489,-0.76815217,1
0.21344507,-0.74365707,1
0.19481956,-0.73249329,1
-0.47683934,0.20644472,1
-0.49358866,0.24592839,1
-0.46108795,0.16694159,1
-0.44522506,0.12684345,1
-0.42897799,0.086257996,1
-0.41281352,0.045220966,1
-0.39683666,0.0038398676,1
-0.38074139,-0.037670197,1
-0.34355039,-0.13966565,0.2
-0.53580083,0.24662328,1
-0.66390826,0.2540233,1
-0.61764225,0.25259214,1
-0.57762214,0.24781922,1
-0.70377057,0.25443967,1
-0.77481501,0.25899539,1
-0.80731316,0.2629003,1
-0.74017468,0.25506112,1
-0.86353893,0.2551233,1
-0.89133421,0.24244171,1
-0.92411896,0.24555945,1
-0.36790974,-0.080199139,0.2
-0.35911916,-0.12350649,0.2
-0.95046004,0.22412242,1
-0.82183544,0.25623734,1
-0.84803225,0.25298958,1
-0.97305479,0.20534444,1
0.019098221,-0.63933075,1
-0.014984158,-0.61470546,1
0.033149122,-0.67261744,1
0.050638046,-0.68454285,1
-0.068932371,-0.57403052,1
-0.032188751,-0.60149364,1
-0.16628015,-0.45310977,1
-0.18710501,-0.43857373,1
-0.14729616,-0.49256685,1
-0.12818078,-0.53166055,1
-0.33298559,-0.18079481,0.2
-0.31700117,-0.22282324,0.2
-0.3015676,-0.26173416,0.2
-0.28367092,-0.29720681,0.2
-0.26507434,-0.33311115,0.2
-0.24577445,-0.36973469,0.2
-0.22740878,-0.40915691,1
-0.10939331,-0.56990671,1
0.15724097,-0.7293105,1
0.12101561,-0.72154709,1
0.084935271,-0.71075792,1
0.36770999,-0.78595801,1
0.40060122,-0.78950054,1
0.43217725,-0.79292666,1
0.46057089,-0.79876222,1
0.4836993,-0.80962953,1
0.53294737,-0.80827517,1
0.49861646,-0.80880089,1
0.55085183,-0.8061456,1
0.57533756,-0.78934061,1
0.33425915,-0.78249951,1
0.60704313,-0.78040138,1
0.61923902,-0.77731343,1
0.30017691,-0.77946931,1
0.24919161,-0.7654979,1
0.26602841,-0.77656076,1
0.21311639,-0.76353114,1
0.17580873,-0.7413629,1
-0.49938557,0.19745925,1
-0.51600634,0.23580808,1
-0.48392939,0.15843459,1
-0.46832566,0.11799706,1
-0.4533855,0.078700982,1
-0.43863889,0.036550136,1
-0.42112103,-0.0053346641,1
-0.40499305,-0.046788472,1
-0.35055377,-0.16441897,0.2
-0.55712149,0.23562291,1
-0.64941389,0.24279736,1
-0.68565677,0.24444743,1
-0.6316559,0.24341312,1
-0.59721128,0.24158423,1
-0.72306333,0.24358947,1
-0.75862553,0.24698025,1
-0.79229596,0.25104802,1
-0.8739175,0.2402566,1
-0.9017749,0.22748382,1
-0.9183192,0.22935639,1
-0.39141345,-0.08860274,0.2
-0.38057345,-0.13018404,0.2
-0.94434374,0.21327862,1
-0.82475037,0.23820439,1
-0.84068623,0.23648731,1
-0.96846026,0.19765673,1
-0.97603826,0.18737228,1
-0.001814562,-0.64903066,1
-0.018699744,-0.63672001,1
0.012911736,-0.68216473,1
0.048101054,-0.70591982,1
-0.071430829,-0.59732516,1
-0.05305078,-0.61079726,1
-0.16824475,-0.47785859,1
-0.20982638,-0.44895411,1
-0.14884781,-0.51716957,1
-0.12930285,-0.5558269,1
-0.33706968,-0.20724233,0.2
-0.32105433,-0.2484909,0.2
-0.304528,-0.28552177,0.2
-0.28610709,-0.32111775,0.2
-0.26668364,-0.35665675,0.2
-0.2472965,-0.39432295,1
-0.22939121,-0.43416177,1
-0.11124504,-0.59336357,1
0.13813799,-0.73784621,1
0.10176494,-0.72737552,1
0.065130626,-0.71931897,1
0.36565813,-0.80524192,1
0.39824326,-0.80874291,1
0.42978785,-0.81164862,1
0.45967444,-0.81799047,1
0.47460684,-0.82398249,1
0.52573801,-0.82215387,1
0.50797358,-0.82256297,1
0.5602423,-0.81573541,1
0.58489997,-0.79825225,1
0.33236677,-0.80195619,1
0.6051113,-0.78966194,1
0.29843574,-0.79898841,1
0.23076995,-0.77433621,1
0.26418566,-0.79627654,1
0.19446066,-0.77229018,1
0.1757785,-0.76128571,1
-0.50295734,0.17381848,1
-0.51839702,0.21159493,1
-0.48774226,0.13407711,1
-0.47318545,0.094719002,1
-0.45946654,0.054168288,1
-0.44304072,0.011355598,1
-0.42523067,-0.030538189,1
-0.40959489,-0.071921341,1
-0.37201531,-0.16992013,0.2
-0.55951416,0.21590653,1
-0.64978483,0.22422315,1
-0.68781768,0.221225,1
-0.63202684,0.22483891,1
-0.59816668,0.22107978,1
-0.7251967,0.22319694,1
-0.76058894,0.22688004,1
-0.79518418,0.22914011,1
-0.86637013,0.22291554,1
-0.89480464,0.21033513,1
-0.92816992,0.21381268,1
-0.3969114,-0.11322043,0.2
-0.38646622,-0.15184435,0.2
-0.95436658,0.19862382,1
-0.8131163,0.22295943,1
-0.84864553,0.22127997,1
-0.97257366,0.17933508,1
-0.98007084,0.17203177,1
-0.0047990572,-0.67040018,1
-0.038935419,-0.64613387,1
0.010446703,-0.70316911,1
0.028147097,-0.71499878,1
-0.092560621,-0.60678339,1
-0.056081862,-0.63342294,1
-0.19122768,-0.48711272,1
-0.21198445,-0.47274428,1
-0.17237156,-0.52666479,1
-0.1497471,-0.56588145,1
-0.35839893,-0.21897178,0.2
-0.34414844,-0.25891614,0.2
-0.32837064,-0.29710579,0.2
-0.31034318,-0.33335784,0.2
-0.29008753,-0.37070466,0.2
-0.26586634,-0.40379611,1
-0.25147242,-0.44488505,1
-0.13140674,-0.60261044,1
0.13659755,-0.75878576,1
0.097786439,-0.74987457,1
0.062175573,-0.74096521,1
0.34815111,-0.81314991,1
0.38102495,-0.81643793,1
0.41336323,-0.81934426,1
0.44566953,-0.82369855,1
0.48244994,-0.83644811,1
0.53490115,-0.8321812,1
0.50089952,-0.83585723,1
0.55577614,-0.82512923,1
0.57260275,-0.81339875,1
0.5970084,-0.79582353,1
0.58089004,-0.80748748,1
0.31457101,-0.8101111,1
0.28040097,-0.80738705,1
0.22971454,-0.79388164,1
0.24629345,-0.80475912,1
0.19425118,-0.79178567,1
0.15567032,-0.77017286,1
-0.52532793,0.16530619,1
-0.54058417,0.20269376,1
-0.51051705,0.1262176,1
-0.49793835,0.088274374,1
-0.48521568,0.050993113,1
-0.46631458,-7.129825e-05,1
-0.44883552,-0.039994558,1
-0.43355611,-0.080827224,1
-0.38623109,-0.19006954,0.2
-0.5809702,0.20759839,1
-0.66644011,0.21222666,1
-0.70806485,0.21082471,1
-0.61896859,0.21351348,1
-0.74427146,0.21456838,1
-0.77966664,0.21698726,1
-0.87681658,0.20795195,1
-0.9059871,0.19542931,1
-0.92280807,0.1970343,1
-0.41930662,-0.12132377,0.2
-0.40713791,-0.15911178,0.2
-0.95017366,0.18431212,1
-0.82076832,0.20398714,1
-0.84036168,0.20402474,1
-0.96080273,0.17530782,1
-0.97559888,0.16361955,1
-0.025022351,-0.67994716,1
-0.042273531,-0.66799149,1
-0.0095555368,-0.71277613,1
0.025882782,-0.73608577,1
-0.09485376,-0.62955269,1
-0.076755049,-0.64272013,1
-0.19380284,-0.5113162,1
-0.23354791,-0.48311437,1
-0.17214877,-0.55121031,1
-0.14999925,-0.58920813,1
-0.36142454,-0.24497794,0.2
-0.38115227,-0.21052285,0.2
-0.34850435,-0.28374342,0.2
-0.33174965,-0.32103092,0.2
-0.31271431,-0.35939916,0.2
-0.28774817,-0.39325575,0.2
-0.26805983,-0.42935334,1
-0.25347105,-0.47004747,1
-0.13274992,-0.62503233,1
0.11549668,-0.76498569,1
0.078001721,-0.75490321,1
0.042881686,-0.74865304,1
0.34624487,-0.8321525,1
0.37912524,-0.83516305,1
0.41253187,-0.83829371,1
0.44382552,-0.84002811,1
0.47750428,-0.8491205,1
0.5473122,-0.83078466,1
0.5303337,-0.8411554,1
0.50973895,-0.84705356,1
0.31321866,-0.82929046,1
0.2786541,-0.82674229,1
0.2118515,-0.80257206,1
0.24455355,-0.82427129,1
0.17704313,-0.80031911,1
0.15714442,-0.78971078,1
-0.54394332,0.1800458,1
-0.52907478,0.14206279,1
-0.51585335,0.10369291,1
-0.50388754,0.069081179,1
-0.49348024,0.03205436,1
-0.48580456,0.010017018,1
-0.46799973,-0.026217929,1
-0.45255911,-0.065150723,1
-0.43776989,-0.10561196,0.2
-0.40947223,-0.18287756,0.2
-0.58430922,0.18559009,1
-0.66463306,0.19253325,1
-0.71146439,0.18927508,1
-0.62351909,0.19142826,1
-0.7463577,0.19407714,1
-0.77984538,0.19705379,1
-0.8695249,0.19062995,1
-0.89921837,0.17831581,1
-0.93478897,0.18218853,1
-0.42364036,-0.14555481,0.2
-0.81220119,0.18568788,1
-0.8507946,0.18833831,1
-0.96291124,0.16459941,1
-0.98166031,0.15660973,1
-0.027313798,-0.70131872,1
-0.062016331,-0.67760281,1
-0.011636938,-0.73395752,1
0.0061009868,-0.7454375,1
-0.11488137,-0.63855477,1
-0.079351405,-0.66504238,1
-0.2159701,-0.5168482,1
-0.2349584,-0.50301481,1
-0.19243183,-0.5646272,1
-0.16692183,-0.59747734,1
-0.3852026,-0.25323334,0.2
-0.39896221,-0.23291719,0.2
-0.37164863,-0.2934855,0.2
-0.35602613,-0.33200969,0.2
-0.33732446,-0.370905,0.2
-0.30169498,-0.41059759,0.2
-0.2884321,-0.4335597,1
-0.27202861,-0.482824,1
-0.15274793,-0.63446527,1
0.11160371,-0.78260247,1
0.074980908,-0.77504127,1
0.040300251,-0.76954942,1
0.32910818,-0.84013814,1
0.36185218,-0.84296963,1
0.39551218,-0.84641748,1
0.42711249,-0.84692763,1
0.45389369,-0.85220043,1
0.46572444,-0.85453527,1
0.48666362,-0.86041863,1
0.52170099,-0.84654971,1
0.50488458,-0.85644565,1
0.29533653,-0.83752301,1
0.26069889,-0.83514396,1
0.21078526,-0.82188854,1
0.2269084,-0.83271029,1
0.17734554,-0.81979402,1
0.14302877,-0.79863471,1
-0.56621233,0.17125027,1
-0.55174947,0.13354355,1
-0.53946901,0.096830668,1
-0.52762224,0.062842837,1
-0.51684859,0.029055371,1
-0.50469722,-0.0044884628,1
-0.48942757,-0.037951718,1
-0.47565813,-0.07461863,1
-0.46085179,-0.11436339,1
-0.43013692,-0.19301207,0.2
-0.60605619,0.17698627,1
-0.64359938,0.18285767,1
-0.68001898,0.17755797,1
-0.73068248,0.18115608,1
-0.69778857,0.17551519,1
-0.76285392,0.18645533,1
-0.79413727,0.18330036,1
-0.88074423,0.17589962,1
-0.91052608,0.16357502,1
-0.92927571,0.16584275,1
-0.44623881,-0.15426471,0.2
-0.82452832,0.16856885,1
-0.84352837,0.17118168,1
-0.95717664,0.15304963,1
-0.97819146,0.14793534,1
-0.98510691,0.14127487,1
-0.047188447,-0.71117715,1
-0.064639799,-0.69941691,1
-0.031419497,-0.74368275,1
0.0042181235,-0.7662203,1
-0.11646787,-0.66069675,1
-0.099036621,-0.67401692,1
-0.2222783,-0.53479086,1
-0.25239181,-0.51617737,1
-0.18695274,-0.58756756,1
-0.21374203,-0.55571882,1
-0.16832733,-0.62031259,1
-0.39107078,-0.27691362,0.2
-0.41954161,-0.23309463,0.2
-0.3757914,-0.31782664,0.2
-0.35922982,-0.35584246,0.2
-0.34132792,-0.3951142,0.2
-0.32348992,-0.41247177,0.2
-0.29633367,-0.45210438,1
-0.26953888,-0.50905345,1
-0.28919232,-0.47410029,1
-0.15231183,-0.65567927,1
0.12501452,-0.79552356,1
0.090872651,-0.78762942,1
0.056573325,-0.78199965,1
0.021418484,-0.77776496,1
0.32754103,-0.85860971,1
0.35989323,-0.86123223,1
0.3931297,-0.86404858,1
0.4299412,-0.86255657,1
0.44522265,-0.8651144,1
0.4704479,-0.86833034,1
0.48103882,-0.87017112,1
0.49609117,-0.86157382,1
0.29350335,-0.8563547,1
0.25894287,-0.85431652,1
0.19348734,-0.83057705,1
0.22521519,-0.85204831,1
0.16124317,-0.82811515,1
0.1468251,-0.81756418,1
-0.57027163,0.14799144,1
-0.5568074,0.11083612,1
-0.5452887,0.07517379,1
-0.53231874,0.041755782,1
-0.5214286,0.0068329296,1
-0.50663508,-0.026310568,1
-0.49336237,-0.061196254,1
-0.47973703,-0.099046553,1
-0.46498697,-0.13878509,0.2
-0.45040105,-0.17795618,0.2
-0.4338057,-0.21402737,0.2
-0.61138364,0.15341433,1
-0.65036284,0.16023196,1
-0.67014167,0.15754123,1
-0.73267223,0.16044308,1
-0.70087472,0.15436931,1
-0.76628571,0.16577098,1
-0.78517108,0.16311531,1
-0.87344021,0.15871093,1
-0.90295199,0.14667942,1
-0.94112493,0.15109028,1
-0.81730393,0.14896158,1
-0.85495465,0.15628462,1
-0.96639544,0.14339538,1
-0.98113048,0.13101185,1
-0.98673542,0.12456694,1
-0.049212744,-0.73235979,1
-0.084095773,-0.70815143,1
-0.032364961,-0.76403084,1
-0.014465265,-0.77508841,1
-0.13390032,-0.66838831,1
-0.10115752,-0.69531187,1
-0.24539719,-0.53444627,1
-0.19902453,-0.6039671,1
-0.23258791,-0.56901113,1
-0.18657624,-0.6248879,1
-0.41412399,-0.28658944,0.2
-0.43519615,-0.25157608,0.2
-0.3983113,-0.32743122,0.2
-0.38250149,-0.36590883,0.2
-0.36668527,-0.40416959,0.2
-0.33075932,-0.4363293,0.2
-0.31686596,-0.45299979,1
-0.28723286,-0.52220826,1
-0.30501172,-0.48772453,1
-0.16726547,-0.66971433,1
0.11949277,-0.81290825,1
0.088512674,-0.80669118,1
0.054061161,-0.80212028,1
0.019136555,-0.79825999,1
0.34271877,-0.86888667,1
0.30981833,-0.86659373,1
0.37478382,-0.87105674,1
0.40547316,-0.87528757,1
0.4214283,-0.87389318,1
0.45074975,-0.87721998,1
0.46414426,-0.87810107,1
0.2750649,-0.86474655,1
0.24110433,-0.86278187,1
0.19216807,-0.8498773,1
0.20777278,-0.8605268,1
0.16075243,-0.84741452,1
0.13262606,-0.82505062,1
-0.59369597,0.13875931,1
-0.57982641,0.10213224,1
-0.56733922,0.066914783,1
-0.55420095,0.032042813,1
-0.539994,-0.0030728166,1
-0.52586752,-0.038353361,1
-0.51438024,-0.072366187,1
-0.50181512,-0.10833277,1
-0.48744411,-0.14732634,0.2
-0.47295154,-0.18654254,0.2
-0.4559991,-0.22152341,0.2
-0.63560999,0.1452306,1
-0.68286106,0.14429487,1
-0.7165403,0.1474162,1
-0.75177924,0.15267979,1
-0.79601061,0.14589556,1
-0.88434026,0.14423152,1
-0.91431327,0.13284737,1
-0.93373658,0.13499049,1
-0.83003696,0.13547598,1
-0.84868763,0.14018619,1
-0.96857107,0.13150467,1
-0.98795409,0.11445945,1
-0.068945627,-0.74210312,1
-0.086377304,-0.729655,1
-0.052330038,-0.77353939,1
-0.015801096,-0.79499786,1
-0.13670691,-0.68991739,1
-0.12139536,-0.70352078,1
-0.25116954,-0.55340821,1
-0.21897175,-0.60667948,1
-0.23506237,-0.59022836,1
-0.19307982,-0.6428564,1
-0.41722174,-0.3127659,0.2
-0.43436504,-0.27343473,0.2
-0.45636483,-0.24236779,0.2
-0.40181771,-0.35168064,0.2
-0.38595349,-0.39002677,0.2
-0.37056615,-0.42837111,0.2
-0.3524782,-0.44317325,0.2
-0.32093203,-0.47483944,1
-0.28880678,-0.545853,1
-0.30554199,-0.50960305,1
-0.18421972,-0.66424107,1
-0.1569246,-0.69215732,1
0.10372198,-0.81904892,1
0.070108767,-0.81422367,1
0.035506158,-0.81016509,1
0.00060036319,-0.80662478,1
0.34195864,-0.8854354,1
0.30836939,-0.88390559,1
0.37307652,-0.88796418,1
0.40017765,-0.88927102,1
0.42906349,-0.8878715,1
0.44310349,-0.88864046,1
0.27250896,-0.88385822,1
0.23916068,-0.88173991,1
0.17553553,-0.85839363,1
0.20635245,-0.87947123,1
0.14481627,-0.85535844,1
0.13110796,-0.84354551,1
-0.59819282,0.11560755,1
-0.58453854,0.079867778,1
-0.57155497,0.044870861,1
-0.5572962,0.0094366554,1
-0.54249507,-0.026437002,1
-0.52967788,-0.061164444,1
-0.51875409,-0.095074784,1
-0.50538702,-0.13219086,1
-0.49124644,-0.17139232,0.2
-0.4748808,-0.20909447,0.2
-0.64091307,0.12165556,1
-0.68169562,0.12436305,1
-0.71796953,0.12667506,1
-0.75250214,0.13246914,1
-0.78843772,0.1277691,1
-0.8757519,0.12607752,1
-0.90807616,0.11671675,1
-0.94467543,0.12086913,1
-0.82826447,0.11728513,1
-0.85858483,0.12445849,1
-0.96153838,0.12069325,1
-0.98223597,0.10520423,1
-0.071117458,-0.76293464,1
-0.10560256,-0.73526707,1
-0.052609576,-0.79297835,1
-0.03398033,-0.80337924,1
-0.12355886,-0.72197241,1
-0.27097038,-0.55982389,1
-0.22478741,-0.62928056,1
-0.258875,-0.59818726,1
-0.21134378,-0.64453668,1
-0.43947416,-0.32226553,0.2
-0.45632403,-0.28596177,0.2
-0.47510524,-0.2522406,0.2
-0.42394039,-0.3608747,0.2
-0.40842476,-0.398807,0.2
-0.39284691,-0.43686867,0.2
-0.35667881,-0.46715171,1
-0.339026,-0.48214741,1
-0.31202746,-0.55562163,1
-0.32458663,-0.51893494,1
-0.1981609,-0.67769614,1
-0.16447552,-0.70906172,1
0.1009371,-0.83844023,1
0.06758838,-0.83403647,1
0.033101416,-0.8301566,1
-0.0014772876,-0.82658191,1
0.32533196,-0.89247031,1
0.35742581,-0.89468839,1
0.28949846,-0.89277824,1
0.38612689,-0.89493946,1
0.40870546,-0.89913911,1
0.42163616,-0.89913398,1
0.25444328,-0.89238623,1
0.22185122,-0.88995077,1
0.17446045,-0.87734409,1
0.18967266,-0.88777218,1
0.14340823,-0.87417198,1
0.11518978,-0.85079444,1
-0.62118357,0.10668752,1
-0.60664667,0.070801652,1
-0.59290447,0.035650471,1
-0.57804156,-4.5015301e-05,1
-0.56253799,-0.036552104,1
-0.54997498,-0.071499156,1
-0.53875981,-0.10541418,1
-0.52536637,-0.14099125,1
-0.51126625,-0.17953644,0.2
-0.49432371,-0.21731339,0.2
-0.66287887,0.11225832,1
-0.70113851,0.11369634,1
-0.73482436,0.11949128,1
-0.76862196,0.12288741,1
-0.79867712,0.11133034,1
-0.88812652,0.1123948,1
-0.92069438,0.10521639,1
-0.93787034,0.10722565,1
-0.81491075,0.10740106,1
-0.84694161,0.11036582,1
-0.968989,0.10589147,1
-0.98891544,0.092603725,1
-0.086459651,-0.77019317,1
-0.11122592,-0.75230413,1
-0.068456681,-0.80243111,1
-0.035611619,-0.82307506,1
-0.13979006,-0.73459563,1
-0.27620139,-0.58338572,1
-0.24390319,-0.63483004,1
-0.26190016,-0.62018786,1
-0.21461866,-0.66442745,1
-0.44268641,-0.3461249,0.2
-0.45833541,-0.30861611,0.2
-0.47589556,-0.27397593,0.2
-0.49418242,-0.23961515,0.2
-0.42709545,-0.38388312,0.2
-0.4114373,-0.42144739,0.2
-0.39529931,-0.45910687,0.2
-0.37721916,-0.47458777,1
-0.34215033,-0.50436439,1
-0.32949817,-0.54130878,1
-0.31465365,-0.57458717,1
-0.19865136,-0.69783896,1
-0.18424237,-0.71149128,1
-0.15557025,-0.73054234,1
0.083207402,-0.84589529,1
0.049136033,-0.84192459,1
0.014654162,-0.83820863,1
-0.019510035,-0.8346508,1
0.32791643,-0.90862557,1
0.35617135,-0.90796603,1
0.28722087,-0.90893108,1
0.38755932,-0.90794192,1
0.40168769,-0.90980215,1
0.25413232,-0.90905759,1
0.22139118,-0.90930955,1
0.15826932,-0.88517853,1
0.18869844,-0.90638097,1
0.1273465,-0.88140185,1
0.11283636,-0.86983724,1
-0.6249253,0.084146086,1
-0.61079685,0.048628267,1
-0.59629581,0.013340752,1
-0.58078228,-0.022669589,1
-0.56620755,-0.058803175,1
-0.55468307,-0.093040298,1
-0.5418002,-0.12747257,1
-0.52744327,-0.16427086,0.2
-0.51241426,-0.2029056,0.2
-0.66530745,0.088414241,1
-0.70311022,0.092474299,1
-0.73712614,0.098052676,1
-0.7706346,0.10047011,1
-0.78817638,0.094655408,1
-0.88389885,0.094393641,1
-0.91747552,0.090608576,1
-0.94591874,0.092544624,1
-0.8166259,0.088167729,1
-0.84878466,0.093115198,1
-0.96017446,0.091386317,1
-0.98312726,0.079874135,1
-0.9907168,0.068614399,1
-0.10205415,-0.76465646,1
-0.092383295,-0.78554637,1
-0.13242401,-0.75299606,1
-0.066821224,-0.82055805,1
-0.086565565,-0.79782852,1
-0.052605407,-0.83080111,1
-0.29666397,-0.58838037,1
-0.24672689,-0.65638005,1
-0.27851777,-0.62719963,1
-0.23088599,-0.67072134,1
-0.4645152,-0.35511263,0.2
-0.48010011,-0.31809334,0.2
-0.49650631,-0.28333447,0.2
-0.51371648,-0.24816553,0.2
-0.44894985,-0.39199731,0.2
-0.4329542,-0.42789459,0.2
-0.41573401,-0.46572321,0.2
-0.38034179,-0.49605127,1
-0.36292577,-0.51083219,1
-0.35036938,-0.54559368,1
-0.33438551,-0.58652848,1
-0.21763377,-0.70554563,1
-0.18768472,-0.73267861,1
-0.17115966,-0.74423564,1
0.080771722,-0.86532588,1
0.046713792,-0.8613893,1
0.012309796,-0.85781081,1
-0.021385393,-0.85416879,1
0.34328865,-0.9148683,1
0.31701924,-0.91842823,1
0.36608811,-0.9172127,1
0.26992042,-0.91668242,1
0.30061163,-0.91783042,1
0.37920773,-0.91733819,1
0.2383897,-0.91777005,1
0.2049182,-0.91743879,1
0.15680638,-0.903409,1
0.17202329,-0.91418335,1
0.12600125,-0.89973757,1
0.096147989,-0.87691361,1
-0.64708338,0.07527005,1
-0.63227028,0.039695781,1
-0.61719517,0.0044277369,1
-0.60176687,-0.031355889,1
-0.58745731,-0.067179913,1
-0.57454592,-0.10235286,1
-0.56067138,-0.13700617,1
-0.54596084,-0.1730836,1
-0.52987408,-0.21071035,0.2
-0.6860959,0.079296932,1
-0.72224302,0.084014411,1
-0.75681656,0.088613229,1
-0.79911771,0.080875248,1
-0.86579636,0.0853032,1
-0.90062963,0.084107773,1
-0.93312542,0.082302691,1
-0.83182268,0.080801176,1
-0.96763325,0.077969489,1
-0.98586982,0.056769414,1
-0.99328097,0.046289349,1
-0.10797779,-0.78000966,1
-0.13816339,-0.7707014,1
-0.082587227,-0.82725661,1
-0.09515057,-0.8138404,1
-0.054014662,-0.85001097,1
-0.30455792,-0.60584372,1
-0.26450251,-0.66187195,1
-0.29633519,-0.62022127,1
-0.27829643,-0.64733371,1
-0.23341063,-0.69169668,1
-0.46762359,-0.37797662,0.2
-0.48306765,-0.34073049,0.2
-0.49869949,-0.30479754,0.2
-0.51525005,-0.27014952,0.2
-0.53131759,-0.23366852,0.2
-0.45179606,-0.4133684,0.2
-0.43479851,-0.44993221,0.2
-0.41811227,-0.48696787,1
-0.4008002,-0.50181502,1
-0.36623328,-0.52968763,1
-0.35905334,-0.56274086,1
-0.35302623,-0.58192704,1
-0.32773441,-0.60541898,1
-0.22011589,-0.72604498,1
-0.20457583,-0.73952564,1
-0.17264256,-0.76425101,1
0.062730458,-0.87293177,1
0.028334808,-0.86922349,1
-0.0056970121,-0.86570207,1
-0.038896231,-0.8618029,1
0.34597189,-0.92691583,1
0.32381444,-0.93319752,1
0.35872119,-0.92797656,1
0.27070277,-0.92986147,1
0.29538796,-0.93108941,1
0.24213916,-0.93439059,1
0.20457078,-0.93456738,1
0.14060004,-0.91073818,1
0.1713358,-0.93120476,1
0.10950666,-0.90637347,1
0.094163545,-0.89511412,1
-0.65027818,0.05299313,1
-0.63527725,0.01780497,1
-0.61992551,-0.01764433,1
-0.60477234,-0.053615142,1
-0.5910876,-0.089188453,1
-0.57749384,-0.12426034,1
-0.56275511,-0.15933759,1
-0.54724363,-0.19615394,0.2
-0.68869262,0.057563522,1
-0.72531963,0.062457865,1
-0.76135693,0.065011374,1
-0.79854543,0.061993071,1
-0.86667393,0.065094976,1
-0.90011955,0.067252643,1
-0.93340432,0.067162475,1
-0.83320971,0.061824876,1
-0.96275214,0.06238181,1
-0.97339918,0.052441471,1
-0.9861028,0.035180068,1
-0.12288893,-0.78536266,1
-0.1568854,-0.77698073,1
-0.085354659,-0.84422552,1
-0.11225928,-0.8179294,1
-0.070997911,-0.85673682,1
-0.2670509,-0.68166354,1
-0.30672349,-0.636838,1
-0.29516357,-0.65187478,1
-0.25179991,-0.69714698,1
-0.48923868,-0.38588983,0.2
-0.50456711,-0.34955674,0.2
-0.51989892,-0.31336586,0.2
-0.53561911,-0.27790766,0.2
-0.55083816,-0.2416114,0.2
-0.47430026,-0.42211893,0.2
-0.45429199,-0.45708576,0.2
-0.43724699,-0.4933035,1
-0.40479074,-0.52163281,1
-0.38763984,-0.53472451,1
-0.38089326,-0.565449,1
-0.37200183,-0.59484509,1
-0.33816867,-0.62324329,1
-0.23793217,-0.73218843,1
-0.20757433,-0.75980695,1
-0.19216612,-0.77297529,1
0.060457884,-0.89165581,1
0.026057706,-0.88839443,1
-0.0076425724,-0.88481491,1
-0.040794776,-0.88077213,1
0.33739487,-0.93544238,1
0.31467749,-0.94215218,1
0.25866414,-0.93885718,1
0.28277956,-0.93536911,1
0.30265862,-0.94064187,1
0.23173742,-0.94509055,1
0.21696112,-0.94483618,1
0.18766353,-0.94053097,1
0.13852688,-0.92885294,1
0.15404572,-0.93854517,1
0.10810096,-0.92119642,1
0.076514703,-0.90225043,1
-0.67109896,0.044403912,1
-0.65593166,0.0091964636,1
-0.64073532,-0.026267706,1
-0.62567118,-0.062051556,1
-0.61130323,-0.097754567,1
-0.59678523,-0.13319402,1
-0.58182247,-0.16872921,1
-0.56620104,-0.20487431,0.2
-0.70878354,0.049184344,1
-0.74474313,0.052894275,1
-0.78155489,0.052742854,1
-0.81744066,0.050309251,1
-0.85104927,0.053930673,1
-0.88426634,0.057330286,1
-0.91724435,0.05861323,1
-0.94823606,0.056928016,1
-0.97327127,0.038600569,1
-0.99203226,0.023783916,1
-0.12646707,-0.80440341,1
-0.1610148,-0.79849431,1
-0.10241441,-0.85021216,1
-0.11675569,-0.83733225,1
-0.073449487,-0.87546647,1
-0.28520032,-0.68571748,1
-0.32538047,-0.64028477,1
-0.29951907,-0.67046696,1
-0.25383933,-0.71713938,1
-0.50762975,-0.3718521,0.2
-0.49306914,-0.40866105,0.2
-0.522799,-0.33548792,0.2
-0.53807479,-0.29966094,0.2
-0.5536061,-0.26386654,0.2
-0.56835205,-0.2273736,0.2
-0.47495188,-0.44379866,0.2
-0.45436222,-0.47921238,0.2
-0.43972034,-0.51408787,1
-0.42457616,-0.52757003,1
-0.39361586,-0.55333869,1
-0.38865493,-0.58418476,1
-0.37521788,-0.61520446,1
-0.35964543,-0.62897365,1
-0.24237242,-0.75213704,1
-0.22755464,-0.7662749,1
-0.19516385,-0.79286788,1
0.042164116,-0.89928428,1
0.0080871343,-0.89609459,1
-0.025229498,-0.89225086,1
-0.058364783,-0.88770986,1
0.26309029,-0.95199689,1
0.28263894,-0.94721103,1
0.29417503,-0.95026925,1
0.23764093,-0.95886757,1
0.21454028,-0.95620656,1
0.18721182,-0.95524978,1
0.12252237,-0.93267527,1
0.15548501,-0.9553486,1
0.092063294,-0.92986608,1
0.075820155,-0.92217945,1
-0.67374546,0.022498057,1
-0.65865938,-0.012804145,1
-0.64347552,-0.048415678,1
-0.62857178,-0.08418244,1
-0.61405293,-0.11985265,1
-0.59903012,-0.15533147,1
-0.5839856,-0.1911956,1
-0.71150932,0.027166482,1
-0.74802113,0.030264344,1
-0.78438946,0.029495064,1
-0.81951992,0.030731375,1
-0.85327747,0.034529281,1
-0.88635604,0.03801596,1
-0.918726,0.039751495,1
-0.94824016,0.037705421,1
-0.96262833,0.029318313,1
-0.98209594,0.010858925,1
-0.9898155,-0.0012918262,1
-0.14587092,-0.81125572,1
-0.17976968,-0.80565718,1
-0.10542255,-0.86874405,1
-0.13452829,-0.84349813,1
-0.090814368,-0.88148707,1
-0.28866097,-0.70491155,1
-0.33227225,-0.65962548,1
-0.31797077,-0.67477089,1
-0.27255096,-0.72085,1
-0.52903646,-0.38010533,0.2
-0.5149735,-0.41493727,0.2
-0.54389963,-0.3440711,0.2
-0.55897103,-0.30782957,0.2
-0.57400872,-0.27195201,0.2
-0.58897559,-0.23603059,0.2
-0.49157341,-0.45389948,0.2
-0.47263407,-0.48623985,0.2
-0.45888072,-0.52042781,1
-0.42927279,-0.54728035,1
-0.41546339,-0.55995731,1
-0.40682509,-0.5914911,1
-0.39607485,-0.6244438,1
-0.3654833,-0.65140692,1
-0.2620728,-0.75383463,1
-0.23078448,-0.786593,1
-0.2138019,-0.80001764,1
0.039801556,-0.9170634,1
0.0056743603,-0.91451328,1
-0.027227903,-0.91044069,1
-0.060440461,-0.90598954,1
0.2749883,-0.9548431,1
0.25741063,-0.96008663,1
0.22985085,-0.96689723,1
0.24756659,-0.96267835,1
0.2215265,-0.96449059,1
0.20169823,-0.96065658,1
0.17232337,-0.96272701,1
0.11663574,-0.94539879,1
0.14189306,-0.96493799,1
0.096932728,-0.94452265,1
0.057400775,-0.92936393,1
-0.6940649,0.013639805,1
-0.67925206,-0.021466911,1
-0.66406163,-0.056962982,1
-0.64904076,-0.092654014,1
-0.63411912,-0.12838812,1
-0.61901517,-0.16420587,1
-0.60396722,-0.20007619,1
-0.73132341,0.017810073,1
-0.76746951,0.019133653,1
-0.80345927,0.019167405,1
-0.83751719,0.022845608,1
-0.87099184,0.026379258,1
-0.90369091,0.029076581,1
-0.93489008,0.029078145,1
-0.96552355,0.01297282,1
-0.98323224,-0.013566416,1
-0.99316856,-0.023907756,1
-0.14943573,-0.83094759,1
-0.18297429,-0.82530276,1
-0.12303783,-0.8749524,1
-0.1378023,-0.86258638,1
-0.09413685,-0.9014475,1
-0.30743339,-0.70889675,1
-0.35089831,-0.66501727,1
-0.32242445,-0.69400661,1
-0.27634418,-0.73759664,1
-0.54707445,-0.36639315,0.2
-0.53254975,-0.40041928,0.2
-0.52309706,-0.4349184,0.2
-0.56189578,-0.33011767,0.2
-0.57691796,-0.29416175,0.2
-0.59186432,-0.25835385,0.2
-0.6068062,-0.22241189,1
-0.48918538,-0.47421404,0.2
-0.51239199,-0.44996564,0.2
-0.47467923,-0.5066709,1
-0.46392688,-0.54051282,1
-0.44946314,-0.55388319,1
-0.42091096,-0.57937396,1
-0.41102896,-0.61139076,1
-0.39932382,-0.64523024,1
-0.38430471,-0.65842417,1
-0.26994394,-0.76820706,1
-0.24914377,-0.79511128,1
-0.21667253,-0.81974544,1
0.021282372,-0.92459223,1
-0.012053752,-0.92142342,1
-0.044868859,-0.91724164,1
-0.078847647,-0.91370658,1
0.21659173,-0.97181194,1
0.20370766,-0.97000981,1
0.17523163,-0.97481625,1
0.1244933,-0.95974196,1
0.14661491,-0.97885377,1
0.091702314,-0.95908682,1
0.052818064,-0.946627,1
-0.69684377,-0.0083245542,1
-0.68191411,-0.043477777,1
-0.66672627,-0.079070434,1
-0.65183839,-0.11476161,1
-0.63683646,-0.15060389,1
-0.62178913,-0.1864842,1
-0.73380093,-0.0047358352,1
-0.77018765,-0.0025832924,1
-0.80544271,-0.00051124971,1
-0.83972263,0.0028905008,1
-0.8732086,0.0061272901,1
-0.90590453,0.0084921353,1
-0.93682909,0.0091969829,1
-0.95307438,0.0014787669,1
-0.96866796,-0.019497593,1
-0.98511386,-0.035397162,1
-0.16778421,-0.83783176,1
-0.20123909,-0.83224125,1
-0.1262453,-0.89349857,1
-0.155934,-0.86902858,1
-0.1119525,-0.90725065,1
-0.31142307,-0.72705009,1
-0.35499231,-0.68519134,1
-0.34081992,-0.69903527,1
-0.29644386,-0.73981154,1
-0.56795651,-0.37412491,0.2
-0.55362876,-0.40662658,0.2
-0.54735893,-0.43972428,0.2
-0.5827628,-0.33834359,0.2
-0.59763261,-0.30248366,0.2
-0.61250291,-0.26688343,0.2
-0.6273512,-0.23112358,1
-0.50723307,-0.48137037,0.2
-0.52208389,-0.46816175,0.2
-0.49457016,-0.51321247,1
-0.4839817,-0.54676727,1
-0.45451813,-0.57342898,1
-0.43977535,-0.58624279,1
-0.42914506,-0.61915456,1
-0.41766427,-0.6522174,1
-0.38808905,-0.67844033,1
-0.26460404,-0.78622719,1
-0.28898839,-0.76938369,1
-0.25074566,-0.81686422,1
-0.23525701,-0.82807373,1
0.01869235,-0.94101544,1
-0.015196537,-0.93952128,1
-0.047295957,-0.93484912,1
-0.079445819,-0.93268897,1
0.19713661,-0.97577553,1
0.18715271,-0.97776146,1
0.16814788,-0.98059024,1
0.11607405,-0.97095845,1
0.13845619,-0.98515918,1
0.15810799,-0.98227034,1
0.10298608,-0.97117944,1
0.078361402,-0.96522273,1
0.032628822,-0.95074967,1
0.062765966,-0.960235,1
-0.71676571,-0.017343785,1
-0.70208453,-0.052251194,1
-0.68705828,-0.087529537,1
-0.67214079,-0.12320446,1
-0.65724347,-0.15945241,1
-0.64227978,-0.19528577,1
-0.75321679,-0.013998509,1
-0.78909105,-0.011900536,1
-0.82370881,-0.0089023867,1
-0.85769968,-0.0056777938,1
-0.89078643,-0.0028204538,1
-0.92287863,-0.00071411254,1
-0.95508249,-0.014323149,1
-0.97073008,-0.033573595,1
-0.99115574,-0.046382603,1
-0.17100847,-0.8568245,1
-0.20428366,-0.85148445,1
-0.14412386,-0.89912077,1
-0.15904809,-0.8870168,1
-0.11724624,-0.92364718,1
-0.33024973,-0.73164924,1
-0.37336163,-0.69159715,1
-0.34465553,-0.71852455,1
-0.30121693,-0.75722615,1
-0.58564871,-0.36002878,0.2
-0.57099754,-0.39404439,0.2
-0.56031438,-0.42595045,0.2
-0.55599216,-0.46002274,0.2
-0.60055269,-0.32437739,0.2
-0.61536196,-0.28880349,0.2
-0.63015919,-0.25327186,1
-0.64500287,-0.21758945,1
-0.5105727,-0.49993774,1
-0.54142219,-0.47341297,0.2
-0.49882647,-0.53322382,1
-0.48845084,-0.56675568,1
-0.47345102,-0.58004703,1
-0.44380558,-0.60612373,1
-0.43253139,-0.63919476,1
-0.42128616,-0.67204844,1
-0.40673004,-0.68507745,1
-0.28053669,-0.79793846,1
-0.29402621,-0.78804719,1
-0.26879499,-0.82735519,1
-0.2381663,-0.84780327,1
-5.8446981e-05,-0.94903435,1
-0.032797787,-0.94614603,1
-0.063465732,-0.94257942,1
-0.094138165,-0.94230418,1
0.12026135,-0.98306922,1
0.12836967,-0.98653189,1
0.10211964,-0.98389955,1
0.07992273,-0.98271769,1
0.027807855,-0.96593928,1
0.052928545,-0.97264072,1
-0.71934442,-0.03925956,1
-0.70456406,-0.074195502,1
-0.68967516,-0.10955597,1
-0.67482852,-0.14567949,1
-0.65991282,-0.18185596,1
-0.7556532,-0.035606366,1
-0.79123573,-0.032121255,1
-0.82603515,-0.028851631,1
-0.85996142,-0.026593375,1
-0.89324661,-0.023354679,1
-0.92501243,-0.019735337,1
-0.940971,-0.025626157,1
-0.95981527,-0.043877935,1
-0.98251531,-0.057835303,1
-0.18924312,-0.86353869,1
-0.22262638,-0.85871817,1
-0.14868076,-0.91777988,1
-0.17754813,-0.89354301,1
-0.13609595,-0.92855421,1
-0.10961076,-0.93740549,1
-0.33399723,-0.750436,1
-0.37745426,-0.71123375,1
-0.36292055,-0.72431721,1
-0.31994363,-0.76325148,1
-0.60609925,-0.36797313,0.2
-0.59175145,-0.40133789,0.2
-0.58335896,-0.43452561,0.2
-0.57605413,-0.46753452,0.2
-0.62088463,-0.33248266,0.2
-0.63575479,-0.2968978,1
-0.65048676,-0.26184959,1
-0.66533037,-0.22614288,1
-0.53026905,-0.5068658,1
-0.54626773,-0.49354966,1
-0.51848369,-0.54011008,1
-0.5072873,-0.57327473,1
-0.47712893,-0.59963731,1
-0.46222628,-0.61290021,1
-0.45093252,-0.64591481,1
-0.43984239,-0.67857821,1
-0.41065704,-0.70455416,1
-0.28312575,-0.81731353,1
-0.31044483,-0.79502421,1
-0.27334168,-0.84841234,1
-0.25820164,-0.8576509,1
-0.00096135977,-0.96496012,1
-0.037873297,-0.96292314,1
-0.065115782,-0.95944939,1
-0.092511471,-0.95974741,1
0.11158138,-0.98923122,1
0.0923972,-0.98930188,1
0.068869519,-0.98992079,1
0.01296847,-0.97213082,1
0.038159675,-0.97422233,1
0.057470769,-0.98483155,1
-0.73881605,-0.048259467,1
-0.72438395,-0.082636401,1
-0.70979168,-0.11755808,1
-0.6950978,-0.1537702,1
-0.68007315,-0.19089004,1
-0.77476874,-0.044411869,1
-0.80991374,-0.040681213,1
-0.84431072,-0.037974325,1
-0.87793053,-0.035322516,1
-0.91049852,-0.031063313,1
-0.94364167,-0.041104941,1
-0.96555863,-0.057154201,1
-0.98948753,-0.069587033,1
-0.19266869,-0.88226899,1
-0.2261256,-0.87815915,1
-0.16606106,-0.92055536,1
-0.1800042,-0.90842245,1
-0.13711317,-0.9439224,1
-0.1211059,-0.94908905,1
-0.35248649,-0.75658932,1
-0.39610867,-0.71755364,1
-0.36700402,-0.74359521,1
-0.3241337,-0.78238604,1
-0.62354527,-0.35439321,0.2
-0.60916096,-0.38936277,0.2
-0.59742725,-0.42249524,0.2
-0.59046548,-0.45581121,0.2
-0.58056268,-0.48813107,1
-0.63835737,-0.31868324,0.2
-0.65322331,-0.28355547,1
-0.66800627,-0.24825475,1
-0.68276761,-0.21287329,1
-0.53392373,-0.52702678,1
-0.56534624,-0.50075599,1
-0.52247538,-0.56017256,1
-0.51120839,-0.59321528,1
-0.49604983,-0.60628653,1
-0.46596689,-0.6326511,1
-0.45462163,-0.66546722,1
-0.44381673,-0.69798345,1
-0.42918749,-0.7109304,1
-0.30059023,-0.82652993,1
-0.31441978,-0.81413189,1
-0.29169317,-0.8571031,1
-0.26030579,-0.87531631,1
-0.013667657,-0.97383715,1
-0.028512269,-0.97318711,1
-0.054021518,-0.9684962,1
-0.079469174,-0.96700217,1
-0.10623127,-0.9684451,1
0.011477904,-0.98658558,1
0.034953456,-0.98677405,1
0.046735584,-0.99303872,1
-0.74137605,-0.069692,1
-0.7269947,-0.10397255,1
-0.71252659,-0.13929728,1
-0.69767309,-0.1765772,1
-0.77721363,-0.065369179,1
-0.81230126,-0.06126321,1
-0.84660269,-0.058334274,1
-0.88020186,-0.055833177,1
-0.9139822,-0.050789932,1
-0.93116678,-0.054940739,1
-0.9569534,-0.069079158,1
-0.98191584,-0.080787707,1
-0.98893329,-0.092544663,1
-0.21120844,-0.88965572,1
-0.24376966,-0.88490966,1
-0.17275411,-0.9336408,1
-0.19770318,-0.91200235,1
-0.14638802,-0.95426733,1
-0.11935311,-0.96268543,1
-0.3564986,-0.77561376,1
-0.4000893,-0.73679299,1
-0.38551835,-0.7497511,1
-0.3421994,-0.788595,1
-0.64355786,-0.36283544,0.2
-0.6296581,-0.3975279,0.2
-0.61939144,-0.43146221,0.2
-0.60998755,-0.46402231,1
-0.59929237,-0.49588918,1
-0.6581905,-0.32748278,1
-0.67268913,-0.29279949,1
-0.68714487,-0.2566845,1
-0.70267565,-0.22143812,1
-0.55322052,-0.53419865,1
-0.56864436,-0.521244,1
-0.54151284,-0.56715211,1
-0.53012058,-0.59992197,1
-0.49982589,-0.6260317,1
-0.4846456,-0.63913337,1
-0.473412,-0.67191889,1
-0.46275089,-0.70438771,1
-0.4331248,-0.7300686,1
-0.30461096,-0.84526236,1
-0.33211488,-0.82034258,1
-0.29601775,-0.87579503,1
-0.27977041,-0.88476968,1
-0.011215731,-0.98781391,1
-0.033815087,-0.98698337,1
-0.05670479,-0.98379651,1
-0.080649857,-0.98215723,1
-0.10555322,-0.98230009,1
0.023111069,-0.99294576,1
-1.8395451e-16,-0.99339164,1
-0.76065808,-0.077996209,1
-0.74672585,-0.11169676,1
-0.73249778,-0.14675967,1
-0.71802119,-0.18384964,1
-0.79606813,-0.073660561,1
-0.83071464,-0.069793576,1
-0.86452472,-0.067463986,1
-0.89900162,-0.063591958,1
-0.93873516,-0.06963869,1
-0.96633839,-0.080960934,1
-0.98276284,-0.10209107,1
-0.98846311,-0.11140535,1
-0.21378686,-0.90450965,1
-0.24795547,-0.90213096,1
-0.17070099,-0.94885761,1
-0.18996807,-0.93377589,1
-0.20097399,-0.92427035,1
-0.16069799,-0.95689143,1
-0.14075028,-0.96725497,1
-0.12972263,-0.97050642,1
-0.3750811,-0.78151434,1
-0.41857497,-0.74293172,1
-0.38958333,-0.76864579,1
-0.34620562,-0.80744387,1
-0.64660898,-0.3845805,0.2
-0.66073034,-0.34972443,1
-0.63421277,-0.41847,0.2
-0.62484521,-0.45170368,1
-0.61430589,-0.48350372,1
-0.6029387,-0.51577542,1
-0.67505373,-0.31494136,1
-0.68909118,-0.27952336,1
-0.704377,-0.24313747,1
-0.7203293,-0.20672731,1
-0.55681794,-0.5542615,1
-0.58750712,-0.52850533,1
-0.54523696,-0.58696096,1
-0.53388675,-0.61955826,1
-0.51875062,-0.63259675,1
-0.48840161,-0.65884875,1
-0.47756692,-0.69143414,1
-0.46653284,-0.72363802,1
-0.45153599,-0.73637196,1
-0.32242919,-0.85136526,1
-0.33610355,-0.83884352,1
-0.31377208,-0.88229891,1
-0.27970608,-0.90051292,1
-0.022848897,-0.99417409,1
-0.045859387,-0.99201971,1
-0.068979737,-0.98990476,1
-0.093014109,-0.98875745,1
-0.11439806,-0.9881762,1
-0.76339714,-0.098664825,1
-0.74949402,-0.13274469,1
-0.73541709,-0.16850503,1
-0.79866225,-0.094116877,1
-0.83312659,-0.090265684,1
-0.86682967,-0.087024628,1
-0.90112172,-0.083347107,1
-0.93264422,-0.083000384,1
-0.95995592,-0.094014398,1
-0.96936292,-0.10338757,1
-0.98153472,-0.11843134,1
-0.9857655,-0.12671569,1
-0.22562021,-0.91381311,1
-0.23849921,-0.91491047,1
-0.26442727,-0.90828084,1
-0.18558487,-0.95654965,1
-0.19584342,-0.94728412,1
-0.21774196,-0.92725709,1
-0.16418573,-0.97316764,1
-0.1465598,-0.97751804,1
-0.13049937,-0.98153287,1
-0.3788853,-0.80037856,1
-0.42259715,-0.76169793,1
-0.40817645,-0.77445389,1
-0.36430901,-0.81332685,1
-0.66687921,-0.39304709,1
-0.68075576,-0.3595713,1
-0.6548917,-0.42621063,1
-0.64404504,-0.45883735,1
-0.63323481,-0.49082177,1
-0.62149133,-0.52329234,1
-0.69417837,-0.32590254,1
-0.70755244,-0.2908971,1
-0.72198958,-0.25616315,1
-0.74175564,-0.21107248,1
-0.57573822,-0.56112244,1
-0.59100357,-0.54832093,1
-0.56403907,-0.59371054,1
-0.5526399,-0.62606327,1
-0.52259633,-0.65195765,1
-0.50742761,-0.66510799,1
-0.49675805,-0.6976385,1
-0.48520732,-0.73009119,1
-0.45533006,-0.75522723,1
-0.32726574,-0.86970987,1
-0.35388664,-0.84464103,1
-0.32000949,-0.90003022,1
-0.29430921,-0.91173495,1
-0.12450555,-0.98695754,1
-0.7825468,-0.10649411,1
-0.76896265,-0.13997743,1
-0.75529164,-0.17518878,1
-0.81730732,-0.10219163,1
-0.85131958,-0.098367024,1
-0.8846269,-0.095148968,1
-0.9167416,-0.090012449,1
-0.94448,-0.095494316,1
-0.96874413,-0.1146741,1
-0.97918473,-0.1357164,1
-0.98413107,-0.14383068,1
-0.24493631,-0.93191216,1
-0.26778538,-0.92461734,1
-0.18992565,-0.9689924,1
-0.20979132,-0.95185637,1
-0.22068395,-0.94133489,1
-0.15568528,-0.98080661,1
-0.17352239,-0.97849329,1
-0.14082379,-0.98528718,1
-0.39751485,-0.80582768,1
-0.44094104,-0.76769008,1
-0.41230378,-0.79277156,1
-0.36800136,-0.83202307,1
-0.67060725,-0.41373512,1
-0.68385351,-0.3811489,1
-0.69734055,-0.34829083,1
-0.65927019,-0.44633651,1
-0.6481163,-0.47847403,1
-0.63677393,-0.51072414,1
-0.62452801,-0.54336675,1
-0.71027503,-0.31513441,1
-0.72321871,-0.28108392,1
-0.73915323,-0.24939804,1
-0.7477802,-0.22923463,1
-0.75932208,-0.19487856,1
-0.57923523,-0.58076264,1
-0.60947182,-0.55566543,1
-0.56767584,-0.61317656,1
-0.55646791,-0.6451964,1
-0.54156047,-0.6580523,1
-0.51162913,-0.68438248,1
-0.5006165,-0.71704524,1
-0.48826485,-0.7490907,1
-0.47338444,-0.76149279,1
-0.34627784,-0.87604179,1
-0.35922438,-0.86349468,1
-0.33820626,-0.90510695,1
-0.31046271,-0.91204167,1
-0.29119297,-0.92685894,1
-0.78534414,-0.12675879,1
-0.77184094,-0.16067616,1
-0.8199547,-0.12219295,1
-0.85387139,-0.11794653,1
-0.88812196,-0.11585733,1
-0.92020366,-0.10867647,1
-0.93756281,-0.11051095,1
-0.96134323,-0.12182813,1
-0.96755304,-0.13458608,1
-0.98260431,-0.15389624,1
-0.2349993,-0.94489259,1
-0.25775068,-0.93546915,1
-0.27994795,-0.93197341,1
-0.20144901,-0.97296534,1
-0.18353663,-0.97665985,1
-0.21105613,-0.96509484,1
-0.4016363,-0.82371348,1
-0.44488661,-0.78618192,1
-0.43067004,-0.79850744,1
-0.3866991,-0.83696058,1
-0.69072152,-0.42145581,1
-0.70353329,-0.38967163,1
-0.71640676,-0.3578049,1
-0.67868053,-0.45350741,1
-0.66704737,-0.48543221,1
-0.65487847,-0.51821644,1
-0.64256708,-0.55116313,1
-0.72889177,-0.32536659,1
-0.74141143,-0.29331908,1
-0.75583909,-0.26278836,1
-0.76869901,-0.23207819,1
-0.77887114,-0.20032644,1
-0.59775941,-0.58764349,1
-0.61273065,-0.57534779,1
-0.58618335,-0.6197574,1
-0.575057,-0.65147004,1
-0.54550908,-0.67686508,1
-0.53074646,-0.69004492,1
-0.51936426,-0.72287831,1
-0.50595011,-0.75457109,1
-0.4768943,-0.78007063,1
-0.35098096,-0.89370755,1
-0.37803678,-0.86729975,1
-0.34403125,-0.92124372,1
-0.32004872,-0.92858795,1
-0.3001839,-0.93884942,1
-0.80410697,-0.13438287,1
-0.79099305,-0.16741402,1
-0.83832578,-0.12984651,1
-0.87287654,-0.12731249,1
-0.90807884,-0.12271949,1
-0.94649798,-0.12226873,1
-0.95875801,-0.14377854,1
-0.97532207,-0.16008282,1
-0.23762017,-0.95880571,1
-0.26294599,-0.95036927,1
-0.2815276,-0.94625334,1
-0.21962781,-0.96970717,1
-0.42031706,-0.82821749,1
-0.46278549,-0.79229691,1
-0.43456187,-0.81606756,1
-0.39139679,-0.85338361,1
-0.70667325,-0.40929051,1
-0.6944163,-0.44110222,1
-0.71950174,-0.37760811,1
-0.73186132,-0.34564879,1
-0.68238645,-0.47296643,1
-0.67027042,-0.50527225,1
-0.65763495,-0.53858102,1
-0.64551572,-0.57123431,1
-0.7443619,-0.31336443,1
-0.75686816,-0.28178862,1
-0.7713844,-0.25106944,1
-0.78222351,-0.21936392,1
-0.79399281,-0.18737452,1
-0.60107075,-0.60717223,1
-0.63073547,-0.58312029,1
-0.5897365,-0.63891774,1
-0.57886006,-0.67023108,1
-0.56421957,-0.68277023,1
-0.53462314,-0.70913401,1
-0.52164034,-0.74140466,1
-0.50696265,-0.77220318,1
-0.49278726,-0.78530063,1
-0.36548719,-0.90033607,1
-0.38614839,-0.88250241,1
-0.33542049,-0.93271328,1
-0.35875493,-0.92503355,1
-0.31288614,-0.94027171,1
-0.29349166,-0.95035726,1
-0.80687758,-0.15433937,1
-0.84085781,-0.14954229,1
-0.87522335,-0.14678801,1
-0.91467356,-0.1419137,1
-0.94417448,-0.13719068,1
-0.96234408,-0.15612822,1
-0.97885003,-0.17120853,1
-0.22954642,-0.96741728,1
-0.24785025,-0.96209643,1
-0.27456033,-0.9537974,1
-0.2576943,-0.95950471,1
-0.42478887,-0.84490036,1
-0.46644143,-0.81054673,1
-0.45243438,-0.82199186,1
-0.4108058,-0.8568194,1
-0.7255659,-0.41670782,1
-0.71327317,-0.44838114,1
-0.73794084,-0.38487005,1
-0.75029529,-0.35310152,1
-0.70109164,-0.47983663,1
-0.6884075,-0.5121653,1
-0.67547152,-0.54561953,1
-0.66320351,-0.57868585,1
-0.76264874,-0.32135467,1
-0.77516112,-0.2895046,1
-0.78778127,-0.25765078,1
-0.80018006,-0.22596545,1
-0.81260133,-0.19405489,1
-0.61919207,-0.61404112,1
-0.63388555,-0.60228488,1
-0.60788648,-0.64543437,1
-0.59694661,-0.67645344,1
-0.56757925,-0.70075641,1
-0.55274544,-0.71394034,1
-0.54029477,-0.74586125,1
-0.52381618,-0.7777462,1
-0.49607402,-0.80202753,1
-0.37940632,-0.89569262,1
-0.36743616,-0.9155253,1
-0.40350205,-0.88373795,1
-0.82525734,-0.16184523,1
-0.85875023,-0.15711783,1
-0.88940917,-0.15766241,1
-0.90462852,-0.1562387,1
-0.93286048,-0.14686976,1
-0.95345597,-0.16751237,1
-0.97260261,-0.17786919,1
-0.97728803,-0.18672963,1
-0.44139684,-0.84740927,1
-0.483837,-0.81504735,1
-0.45479754,-0.8366507,1
-0.41479946,-0.87197108,1
-0.74086502,-0.40435088,1
-0.72847104,-0.43615204,1
-0.71624259,-0.46765652,1
-0.75327982,-0.37251958,1
-0.76561257,-0.34080957,1
-0.70388963,-0.49919545,1
-0.69085212,-0.53214799,1
-0.67809144,-0.56565318,1
-0.66608972,-0.59760516,1
-0.77799123,-0.30902531,1
-0.79052891,-0.27708568,1
-0.80305242,-0.24526106,1
-0.81543621,-0.21360834,1
-0.82798133,-0.18160025,1
-0.62245464,-0.63314291,1
-0.65155201,-0.6093182,1
-0.61129353,-0.66420902,1
-0.59939504,-0.69478877,1
-0.58466817,-0.7065526,1
-0.55614099,-0.73214123,1
-0.54145806,-0.7645707,1
-0.52416205,-0.79406755,1
-0.51059529,-0.80525142,1
-0.38852168,-0.90791343,1
-0.38052205,-0.9185938,1
-0.40957403,-0.89753277,1
-0.8612754,-0.17677278,1
-0.88943014,-0.17632095,1
-0.91374314,-0.17369804,1
-0.9385559,-0.16484177,1
-0.96018655,-0.17812763,1
-0.96956947,-0.19358511,1
-0.44715458,-0.85983104,1
-0.48981826,-0.83135446,1
-0.46706547,-0.84549533,1
-0.42903742,-0.87625675,1
-0.7589213,-0.41160728,1
-0.74637937,-0.44340797,1
-0.73424698,-0.47472188,1
-0.77144996,-0.37958932,1
-0.7838231,-0.34793672,1
-0.72198573,-0.5059405,1
-0.70871888,-0.53856247,1
-0.69534234,-0.57151621,1
-0.68422117,-0.60405883,1
-0.7960533,-0.31634438,1
-0.80860579,-0.28416866,1
-0.82102517,-0.25205209,1
-0.83354106,-0.22063858,1
-0.84610697,-0.18895226,1
-0.64022724,-0.63954364,1
-0.65463113,-0.62747517,1
-0.62880352,-0.67037777,1
-0.61670679,-0.70168786,1
-0.58648458,-0.72248763,1
-0.5727912,-0.73489233,1
-0.55706043,-0.77001765,1
-0.53791033,-0.80272578,1
-0.51627709,-0.81960121,1
-0.40133574,-0.90851804,1
-0.42285668,-0.89881175,1
-0.8777695,-0.1851015,1
-0.90401813,-0.18496273,1
-0.9294836,-0.17734506,1
-0.95807013,-0.18883643,1
-0.97291424,-0.20191547,1
-0.44156334,-0.87081556,1
-0.46229833,-0.85930629,1
-0.48120763,-0.84513713,1
-0.50773708,-0.83268442,1
-0.43102267,-0.88930259,1
-0.77416725,-0.39919619,1
-0.7615305,-0.43122015,1
-0.74918589,-0.46270243,1
-0.73719213,-0.49364704,1
-0.78667596,-0.36729842,1
-0.79892134,-0.33580089,1
-0.72437036,-0.52532482,1
-0.71058919,-0.55789704,1
-0.69858586,-0.59100255,1
-0.68665425,-0.62224702,1
-0.81130007,-0.30390665,1
-0.82383089,-0.27152479,1
-0.83625766,-0.23978673,1
-0.84883182,-0.20843715,1
-0.64316906,-0.65800385,1
-0.67160192,-0.63395033,1
-0.63176834,-0.68952128,1
-0.61543087,-0.72150551,1
-0.59993553,-0.73054146,1
-0.57905208,-0.74988752,1
-0.57290465,-0.76287216,1
-0.56064982,-0.78637792,1
-0.53190872,-0.81878846,1
-0.55337518,-0.79972276,1
-0.88012297,-0.2046342,1
-0.908381,-0.20224674,1
-0.93462918,-0.19386709,1
-0.94804419,-0.197181,1
-0.96536942,-0.21213687,1
-0.97003285,-0.22024209,1
-0.45049045,-0.88040032,1
-0.46936294,-0.86941858,1
-0.48802937,-0.85936185,1
-0.51299856,-0.84532982,1
-0.44384214,-0.89039379,1
-0.79176975,-0.40632446,1
-0.77915962,-0.43858623,1
-0.76681481,-0.46993398,1
-0.75491455,-0.50045074,1
-0.8045969,-0.37427999,1
-0.81676141,-0.34310149,1
-0.74275644,-0.53331171,1
-0.7267764,-0.564778,1
-0.71430131,-0.59426629,1
-0.70231647,-0.6303831,1
-0.82905704,-0.31086213,1
-0.84166054,-0.27836134,1
-0.85415346,-0.24658127,1
-0.86635373,-0.21579036,1
-0.66021581,-0.66352441,1
-0.67424478,-0.65153935,1
-0.64844067,-0.69468267,1
-0.62892033,-0.73065364,1
-0.59612791,-0.74726328,1
-0.58214603,-0.77489083,1
-0.57584965,-0.78693399,1
-0.53815314,-0.82932274,1
-0.56216656,-0.81250229,1
-0.89614649,-0.21313765,1
-0.92325158,-0.20750408,1
-0.95199871,-0.21215108,1
-0.96774296,-0.23016069,1
-0.46314631,-0.87952809,1
-0.48095181,-0.86983235,1
-0.49754393,-0.86085582,1
-0.50633734,-0.85572765,1
-0.52350784,-0.84554397,1
-0.79415291,-0.42610163,1
-0.80697339,-0.39369917,1
-0.7816374,-0.4580056,1
-0.76959831,-0.48875714,1
-0.75809422,-0.5207311,1
-0.81958411,-0.36221889,1
-0.83165034,-0.33060046,1
-0.74329216,-0.55343033,1
-0.727245,-0.58166092,1
-0.72087295,-0.60820736,1
-0.70365746,-0.64912723,1
-0.71693176,-0.62308057,1
-0.8441924,-0.29796069,1
-0.85675062,-0.26568318,1
-0.86895877,-0.23478635,1
-0.66252259,-0.68105972,1
-0.6906381,-0.65858017,1
-0.65337314,-0.71052241,1
-0.64553191,-0.72454633,1
-0.62691976,-0.74688959,1
-0.6043191,-0.75758235,1
-0.59335779,-0.7767938,1
-0.58358883,-0.79677596,1
-0.54875734,-0.82893194,1
-0.53214055,-0.84014966,1
-0.55722129,-0.82327651,1
-0.57308186,-0.81201835,1
-0.89900292,-0.23177071,1
-0.92711403,-0.22506351,1
-0.94244615,-0.2263966,1
-0.96123046,-0.23899792,1
-0.81114824,-0.43331125,1
-0.82430272,-0.40029395,1
-0.79906442,-0.4651465,1
-0.78854137,-0.49604106,1
-0.77579591,-0.52712394,1
-0.83691363,-0.36890279,1
-0.84902235,-0.33758911,1
-0.75819646,-0.56413618,1
-0.74003908,-0.58935931,1
-0.73672495,-0.60462492,1
-0.71701691,-0.65542702,1
-0.72894215,-0.63381224,1
-0.8617606,-0.30410082,1
-0.87399056,-0.27232987,1
-0.88558445,-0.24226324,1
-0.67744084,-0.68665079,1
-0.69152738,-0.6761563,1
-0.66839665,-0.7114247,1
-0.65556078,-0.73706433,1
-0.63904243,-0.75358909,1
-0.61745656,-0.7559695,1
-0.60183606,-0.77059846,1
-0.59869074,-0.78778864,1
-0.59521815,-0.79572764,1
-0.58136915,-0.80610708,1
-0.91509989,-0.23843923,1
-0.94823515,-0.2401964,1
-0.9641955,-0.24861373,1
-0.81358196,-0.45293675,1
-0.8260944,-0.42012887,1
-0.83925574,-0.38755868,1
-0.80318489,-0.4843588,1
-0.7915593,-0.51412751,1
-0.78173237,-0.54392956,1
-0.85146294,-0.35677405,1
-0.86399724,-0.32399091,1
-0.77435504,-0.55912197,1
-0.75447477,-0.58318224,1
-0.74580816,-0.61419421,1
-0.72213044,-0.66934535,1
-0.72768631,-0.64741458,1
-0.74196654,-0.62850832,1
-0.87646868,-0.29114815,1
-0.88801908,-0.26070485,1
-0.67838243,-0.70117604,1
-0.70430447,-0.68623274,1
-0.67415941,-0.72246772,1
-0.65107188,-0.74987113,1
-0.66916476,-0.73408342,1
-0.6350871,-0.76587227,1
-0.62360824,-0.76762034,1
-0.61117341,-0.77845062,1
-0.60867247,-0.78793924,1
-0.91714468,-0.25611952,1
-0.94362217,-0.25562134,1
-0.96160378,-0.25845777,1
-0.82889517,-0.45911239,1
-0.84294858,-0.42645652,1
-0.85540176,-0.39260674,1
-0.82226176,-0.48881127,1
-0.80678872,-0.52130558,1
-0.7985254,-0.54641707,1
-0.8685653,-0.36268519,1
-0.87993148,-0.32981086,1
-0.78561308,-0.57072081,1
-0.76549961,-0.59439614,1
-0.76014711,-0.61014249,1
-0.7178699,-0.68252369,1
-0.73548223,-0.66869692,1
-0.73802363,-0.65559874,1
-0.7521187,-0.63808961,1
-0.89350906,-0.29749731,1
-0.90348235,-0.26789261,1
-0.68975625,-0.70686326,1
-0.70159175,-0.70241445,1
-0.6868699,-0.71960599,1
-0.61980813,-0.77708536,1
-0.93144094,-0.26339914,1
-0.95402575,-0.2642669,1
-0.8334545,-0.4757746,1
-0.84331563,-0.44581454,1
-0.85730291,-0.41166967,1
-0.87016201,-0.37986199,1
-0.82907909,-0.50357666,1
-0.82130572,-0.51629465,1
-0.80781837,-0.53678952,1
-0.80317354,-0.55821301,1
-0.88205895,-0.34932021,1
-0.89473521,-0.31626993,1
-0.78502847,-0.58211341,1
-0.79763854,-0.56732434,1
-0.77816527,-0.59175159,1
-0.76902818,-0.61999546,1
-0.74943163,-0.65157769,1
-0.76484138,-0.63362846,1
-0.90649421,-0.28586678,1
-0.93317629,-0.27940743,1
-0.95535481,-0.27511778,1
-0.84805478,-0.47811092,1
-0.85702734,-0.451845,1
-0.87224606,-0.41569304,1
-0.88440822,-0.38672502,1
-0.84308879,-0.50361949,1
-0.83157269,-0.52933156,1
-0.81851045,-0.54104842,1
-0.81401987,-0.56170853,1
-0.89758388,-0.3528484,1
-0.90888127,-0.32346582,1
-0.79633348,-0.58741537,1
-0.80559252,-0.57500864,1
-0.78645136,-0.60115206,1
-0.77952409,-0.61765398,1
-0.92189189,-0.29010197,1
-0.94668658,-0.2824805,1
-0.85720717,-0.46747916,1
-0.85306118,-0.48779035,1
-0.86981913,-0.44379475,1
-0.87560405,-0.43039539,1
-0.88459112,-0.40349314,1
-0.89697192,-0.38027258,1
-0.84791854,-0.51236389,1
-0.84999835,-0.49597941,1
-0.84154456,-0.52971552,1
-0.82774776,-0.5386014,1
-0.82295617,-0.54998271,1
-0.82210303,-0.55793089,1
-0.8147094,-0.57191424,1
-0.90228891,-0.36681499,1
-0.90960246,-0.34053495,1
-0.92106304,-0.3156276,1
-0.80487207,-0.58370708,1
-0.79652017,-0.59670677,1
-0.78580943,-0.60964518,1
-0.92611522,-0.30233476,1
-0.94923309,-0.29388712,1
-0.8693008,-0.47169075,1
-0.8630191,-0.48774134,1
-0.87983448,-0.4518906,1
-0.88908049,-0.43154938,1
-0.89763235,-0.40963548,1
-0.90818811,-0.38866971,1
-0.84693888,-0.52108281,1
-0.85692146,-0.5081277,1
-0.85745933,-0.50036627,1
-0.83219348,-0.54753568,1
-0.91647351,-0.36804573,1
-0.92368867,-0.34560104,1
-0.93243266,-0.32369567,1
-0.93994613,-0.30304683,1
-0.87010634,-0.48227349,1
-0.87913632,-0.46415244,1
-0.86423907,-0.49593422,1
-0.89021971,-0.44423616,1
-0.89876372,-0.42298937,1
-0.90866564,-0.4012645,1
-0.91872088,-0.38074131,1
-0.92585469,-0.35914523,1
-0.9343371,-0.33659997,1
-0.94249259,-0.31535361,1
