$MeshFormat
4.1 0 8
$EndMeshFormat
$PhysicalNames
18
1 1 "Electrode1"
1 2 "Electrode2"
1 3 "Electrode3"
1 4 "Electrode4"
1 5 "Electrode5"
1 6 "Electrode6"
1 7 "Electrode7"
1 8 "Electrode8"
1 9 "Electrode9"
1 10 "Electrode10"
1 11 "Electrode11"
1 12 "Electrode12"
1 13 "Electrode13"
1 14 "Electrode14"
1 15 "Electrode15"
1 16 "Electrode16"
1 17 "No-Electrode"
2 1 "domain"
$EndPhysicalNames
$Entities
240 240 1 0
1 0.9945218953682733 -0.1045284632676535 0 0 
2 0.9966848880445061 -0.08135867466785827 0 0 
3 0.9983081582712682 -0.05814482891047582 0 0 
4 0.9993908270190958 -0.03489949670250096 0 0 
5 0.9999323080037622 -0.01163526580139701 0 0 
6 0.9999323080037622 0.01163526580139701 0 0 
7 0.9993908270190958 0.03489949670250098 0 0 
8 0.9983081582712682 0.05814482891047584 0 0 
9 0.9966848880445061 0.08135867466785829 0 0 
10 0.9945218953682733 0.1045284632676535 0 0 
11 0.9908658973868822 0.134850930273723 0 0 
12 0.9862856015372314 0.1650476058606777 0 0 
13 0.9807852804032304 0.1950903220161282 0 0 
14 0.9743700647852352 0.224951054343865 0 0 
15 0.9670459389139431 0.2546019482055276 0 0 
16 0.9588197348681931 0.2840153447039226 0 0 
17 0.9519513853021931 0.306249179625408 0 0 
18 0.9445675372676048 0.328317175213561 0 0 
19 0.9366721892483976 0.3502073812594675 0 0 
20 0.9282696167148067 0.3719079438303866 0 0 
21 0.9193643698080891 0.3934071116888651 0 0 
22 0.9099612708765432 0.4146932426562391 0 0 
23 0.9000654118641211 0.4357548099170794 0 0 
24 0.8896821515530517 0.4565804082611655 0 0 
25 0.8788171126619654 0.4771587602596084 0 0 
26 0.8638355052043958 0.5037739770455262 0 0 
27 0.848048096156426 0.5299192642332049 0 0 
28 0.8314696123025452 0.5555702330196022 0 0 
29 0.8141155183563192 0.5807029557109398 0 0 
30 0.7960020025346221 0.6052939880428944 0 0 
31 0.7771459614569708 0.6293203910498375 0 0 
32 0.762291913608418 0.6472333724764324 0 0 
33 0.747025071240996 0.6647958656139378 0 0 
34 0.7313537016191705 0.6819983600624985 0 0 
35 0.7152862910660515 0.6988315403679 0 0 
36 0.6988315403679 0.7152862910660515 0 0 
37 0.6819983600624985 0.7313537016191705 0 0 
38 0.6647958656139379 0.7470250712409959 0 0 
39 0.6472333724764324 0.7622919136084179 0 0 
40 0.6293203910498375 0.7771459614569708 0 0 
41 0.6052939880428944 0.7960020025346221 0 0 
42 0.5807029557109399 0.8141155183563191 0 0 
43 0.5555702330196023 0.8314696123025452 0 0 
44 0.5299192642332049 0.848048096156426 0 0 
45 0.5037739770455263 0.8638355052043957 0 0 
46 0.4771587602596084 0.8788171126619654 0 0 
47 0.4565804082611656 0.8896821515530517 0 0 
48 0.4357548099170794 0.9000654118641211 0 0 
49 0.4146932426562391 0.9099612708765432 0 0 
50 0.3934071116888652 0.919364369808089 0 0 
51 0.3719079438303866 0.9282696167148067 0 0 
52 0.3502073812594674 0.9366721892483976 0 0 
53 0.3283171752135611 0.9445675372676047 0 0 
54 0.3062491796254081 0.9519513853021931 0 0 
55 0.2840153447039228 0.9588197348681931 0 0 
56 0.2546019482055276 0.9670459389139431 0 0 
57 0.2249510543438651 0.9743700647852352 0 0 
58 0.1950903220161283 0.9807852804032304 0 0 
59 0.1650476058606776 0.9862856015372314 0 0 
60 0.1348509302737231 0.9908658973868822 0 0 
61 0.1045284632676535 0.9945218953682733 0 0 
62 0.0813586746678583 0.9966848880445061 0 0 
63 0.0581448289104759 0.9983081582712682 0 0 
64 0.03489949670250108 0.9993908270190958 0 0 
65 0.01163526580139717 0.9999323080037622 0 0 
66 -0.01163526580139682 0.9999323080037622 0 0 
67 -0.03489949670250073 0.9993908270190958 0 0 
68 -0.05814482891047577 0.9983081582712682 0 0 
69 -0.08135867466785818 0.9966848880445061 0 0 
70 -0.1045284632676533 0.9945218953682734 0 0 
71 -0.1348509302737227 0.9908658973868824 0 0 
72 -0.1650476058606777 0.9862856015372314 0 0 
73 -0.1950903220161282 0.9807852804032304 0 0 
74 -0.2249510543438648 0.9743700647852352 0 0 
75 -0.2546019482055277 0.9670459389139431 0 0 
76 -0.2840153447039226 0.9588197348681931 0 0 
77 -0.306249179625408 0.9519513853021931 0 0 
78 -0.328317175213561 0.9445675372676048 0 0 
79 -0.3502073812594675 0.9366721892483976 0 0 
80 -0.3719079438303867 0.9282696167148066 0 0 
81 -0.3934071116888649 0.9193643698080892 0 0 
82 -0.4146932426562388 0.9099612708765433 0 0 
83 -0.4357548099170791 0.9000654118641213 0 0 
84 -0.4565804082611655 0.8896821515530519 0 0 
85 -0.4771587602596085 0.8788171126619654 0 0 
86 -0.5037739770455263 0.8638355052043958 0 0 
87 -0.5299192642332048 0.8480480961564261 0 0 
88 -0.555570233019602 0.8314696123025453 0 0 
89 -0.5807029557109398 0.8141155183563192 0 0 
90 -0.6052939880428942 0.7960020025346222 0 0 
91 -0.6293203910498373 0.777145961456971 0 0 
92 -0.6472333724764323 0.762291913608418 0 0 
93 -0.6647958656139379 0.7470250712409959 0 0 
94 -0.6819983600624984 0.7313537016191706 0 0 
95 -0.6988315403679001 0.7152862910660515 0 0 
96 -0.7152862910660513 0.6988315403679002 0 0 
97 -0.7313537016191705 0.6819983600624986 0 0 
98 -0.7470250712409957 0.6647958656139381 0 0 
99 -0.7622919136084179 0.6472333724764325 0 0 
100 -0.7771459614569709 0.6293203910498374 0 0 
101 -0.7960020025346219 0.6052939880428945 0 0 
102 -0.8141155183563191 0.5807029557109399 0 0 
103 -0.8314696123025453 0.5555702330196022 0 0 
104 -0.848048096156426 0.529919264233205 0 0 
105 -0.8638355052043957 0.5037739770455264 0 0 
106 -0.8788171126619653 0.4771587602596086 0 0 
107 -0.8896821515530517 0.4565804082611656 0 0 
108 -0.9000654118641211 0.4357548099170793 0 0 
109 -0.9099612708765431 0.4146932426562392 0 0 
110 -0.9193643698080891 0.3934071116888651 0 0 
111 -0.9282696167148066 0.3719079438303868 0 0 
112 -0.9366721892483976 0.3502073812594675 0 0 
113 -0.9445675372676047 0.3283171752135614 0 0 
114 -0.9519513853021931 0.3062491796254082 0 0 
115 -0.9588197348681931 0.2840153447039226 0 0 
116 -0.9670459389139431 0.2546019482055277 0 0 
117 -0.9743700647852351 0.2249510543438652 0 0 
118 -0.9807852804032304 0.1950903220161286 0 0 
119 -0.9862856015372314 0.1650476058606777 0 0 
120 -0.9908658973868822 0.1348509302737232 0 0 
121 -0.9945218953682733 0.1045284632676537 0 0 
122 -0.9966848880445061 0.08135867466785837 0 0 
123 -0.9983081582712682 0.05814482891047573 0 0 
124 -0.9993908270190958 0.03489949670250114 0 0 
125 -0.9999323080037622 0.011635265801397 0 0 
126 -0.9999323080037622 -0.0116352658013972 0 0 
127 -0.9993908270190958 -0.0348994967025009 0 0 
128 -0.9983081582712682 -0.05814482891047593 0 0 
129 -0.9966848880445061 -0.08135867466785901 0 0 
130 -0.9945218953682733 -0.1045284632676535 0 0 
131 -0.9908658973868822 -0.1348509302737229 0 0 
132 -0.9862856015372314 -0.1650476058606774 0 0 
133 -0.9807852804032304 -0.1950903220161284 0 0 
134 -0.9743700647852352 -0.224951054343865 0 0 
135 -0.9670459389139432 -0.2546019482055275 0 0 
136 -0.9588197348681932 -0.2840153447039224 0 0 
137 -0.9519513853021931 -0.3062491796254079 0 0 
138 -0.9445675372676049 -0.3283171752135607 0 0 
139 -0.9366721892483977 -0.3502073812594673 0 0 
140 -0.9282696167148068 -0.3719079438303862 0 0 
141 -0.919364369808089 -0.3934071116888653 0 0 
142 -0.9099612708765432 -0.414693242656239 0 0 
143 -0.9000654118641211 -0.4357548099170794 0 0 
144 -0.8896821515530519 -0.4565804082611654 0 0 
145 -0.8788171126619654 -0.4771587602596084 0 0 
146 -0.8638355052043958 -0.5037739770455262 0 0 
147 -0.8480480961564261 -0.5299192642332048 0 0 
148 -0.8314696123025455 -0.555570233019602 0 0 
149 -0.8141155183563192 -0.5807029557109398 0 0 
150 -0.7960020025346222 -0.6052939880428942 0 0 
151 -0.7771459614569711 -0.6293203910498373 0 0 
152 -0.7622919136084181 -0.6472333724764323 0 0 
153 -0.7470250712409962 -0.6647958656139376 0 0 
154 -0.7313537016191706 -0.6819983600624984 0 0 
155 -0.7152862910660518 -0.6988315403678996 0 0 
156 -0.6988315403678999 -0.7152862910660516 0 0 
157 -0.6819983600624986 -0.7313537016191703 0 0 
158 -0.6647958656139378 -0.747025071240996 0 0 
159 -0.6472333724764325 -0.7622919136084179 0 0 
160 -0.6293203910498371 -0.7771459614569711 0 0 
161 -0.6052939880428941 -0.7960020025346223 0 0 
162 -0.5807029557109396 -0.8141155183563193 0 0 
163 -0.5555702330196022 -0.8314696123025452 0 0 
164 -0.529919264233205 -0.848048096156426 0 0 
165 -0.5037739770455264 -0.8638355052043956 0 0 
166 -0.4771587602596087 -0.8788171126619653 0 0 
167 -0.4565804082611653 -0.8896821515530519 0 0 
168 -0.4357548099170801 -0.9000654118641208 0 0 
169 -0.4146932426562392 -0.9099612708765431 0 0 
170 -0.3934071116888656 -0.9193643698080889 0 0 
171 -0.3719079438303865 -0.9282696167148067 0 0 
172 -0.3502073812594676 -0.9366721892483976 0 0 
173 -0.3283171752135606 -0.9445675372676049 0 0 
174 -0.3062491796254087 -0.9519513853021929 0 0 
175 -0.2840153447039226 -0.9588197348681931 0 0 
176 -0.2546019482055277 -0.9670459389139431 0 0 
177 -0.2249510543438653 -0.9743700647852351 0 0 
178 -0.1950903220161287 -0.9807852804032303 0 0 
179 -0.1650476058606782 -0.9862856015372313 0 0 
180 -0.1348509302737237 -0.9908658973868821 0 0 
181 -0.1045284632676542 -0.9945218953682733 0 0 
182 -0.08135867466785843 -0.9966848880445061 0 0 
183 -0.05814482891047624 -0.9983081582712682 0 0 
184 -0.03489949670250076 -0.9993908270190958 0 0 
185 -0.01163526580139707 -0.9999323080037622 0 0 
186 0.0116352658013967 -0.9999323080037622 0 0 
187 0.03489949670250039 -0.9993908270190958 0 0 
188 0.05814482891047587 -0.9983081582712682 0 0 
189 0.08135867466785807 -0.9966848880445061 0 0 
190 0.1045284632676539 -0.9945218953682733 0 0 
191 0.1348509302737233 -0.9908658973868822 0 0 
192 0.1650476058606778 -0.9862856015372313 0 0 
193 0.1950903220161283 -0.9807852804032304 0 0 
194 0.2249510543438649 -0.9743700647852352 0 0 
195 0.2546019482055274 -0.9670459389139432 0 0 
196 0.2840153447039223 -0.9588197348681932 0 0 
197 0.3062491796254083 -0.951951385302193 0 0 
198 0.3283171752135602 -0.944567537267605 0 0 
199 0.3502073812594672 -0.9366721892483977 0 0 
200 0.3719079438303862 -0.9282696167148068 0 0 
201 0.3934071116888652 -0.9193643698080891 0 0 
202 0.4146932426562389 -0.9099612708765432 0 0 
203 0.4357548099170798 -0.9000654118641209 0 0 
204 0.456580408261165 -0.8896821515530521 0 0 
205 0.4771587602596083 -0.8788171126619654 0 0 
206 0.5037739770455262 -0.8638355052043958 0 0 
207 0.5299192642332047 -0.8480480961564262 0 0 
208 0.5555702330196018 -0.8314696123025455 0 0 
209 0.5807029557109393 -0.8141155183563196 0 0 
210 0.6052939880428938 -0.7960020025346225 0 0 
211 0.6293203910498368 -0.7771459614569713 0 0 
212 0.6472333724764323 -0.7622919136084181 0 0 
213 0.6647958656139376 -0.7470250712409963 0 0 
214 0.6819983600624987 -0.7313537016191703 0 0 
215 0.6988315403679 -0.7152862910660516 0 0 
216 0.7152862910660512 -0.6988315403679002 0 0 
217 0.73135370161917 -0.6819983600624989 0 0 
218 0.747025071240996 -0.6647958656139379 0 0 
219 0.7622919136084177 -0.6472333724764326 0 0 
220 0.7771459614569711 -0.6293203910498372 0 0 
221 0.7960020025346222 -0.6052939880428941 0 0 
222 0.8141155183563192 -0.5807029557109397 0 0 
223 0.8314696123025452 -0.5555702330196022 0 0 
224 0.8480480961564258 -0.529919264233205 0 0 
225 0.8638355052043956 -0.5037739770455265 0 0 
226 0.8788171126619652 -0.4771587602596087 0 0 
227 0.8896821515530519 -0.4565804082611654 0 0 
228 0.9000654118641208 -0.4357548099170802 0 0 
229 0.9099612708765431 -0.4146932426562393 0 0 
230 0.9193643698080889 -0.3934071116888656 0 0 
231 0.9282696167148067 -0.3719079438303866 0 0 
232 0.9366721892483976 -0.3502073812594677 0 0 
233 0.9445675372676049 -0.3283171752135606 0 0 
234 0.9519513853021929 -0.3062491796254087 0 0 
235 0.9588197348681931 -0.2840153447039227 0 0 
236 0.9670459389139431 -0.2546019482055278 0 0 
237 0.9743700647852351 -0.2249510543438653 0 0 
238 0.9807852804032303 -0.1950903220161287 0 0 
239 0.9862856015372313 -0.1650476058606782 0 0 
240 0.9908658973868821 -0.1348509302737237 0 0 
1 0.9945217953682733 -0.1045285632676535 -1e-07 0.996684988044506 -0.08135857466785827 1e-07 1 1 2 1 -2 
2 0.9966847880445061 -0.08135877466785828 -1e-07 0.9983082582712681 -0.05814472891047582 1e-07 1 1 2 2 -3 
3 0.9983080582712682 -0.05814492891047583 -1e-07 0.9993909270190957 -0.03489939670250096 1e-07 1 1 2 3 -4 
4 0.9993907270190958 -0.03489959670250097 -1e-07 0.9999324080037622 -0.01163516580139701 1e-07 1 1 2 4 -5 
5 0.9999322080037623 -0.01163536580139701 -1e-07 0.9999324080037622 0.01163536580139701 1e-07 1 1 2 5 -6 
6 0.9993907270190958 0.01163516580139701 -1e-07 0.9999324080037622 0.03489959670250098 1e-07 1 1 2 6 -7 
7 0.9983080582712682 0.03489939670250097 -1e-07 0.9993909270190957 0.05814492891047585 1e-07 1 1 2 7 -8 
8 0.9966847880445061 0.05814472891047584 -1e-07 0.9983082582712681 0.08135877466785829 1e-07 1 1 2 8 -9 
9 0.9945217953682733 0.08135857466785829 -1e-07 0.996684988044506 0.1045285632676535 1e-07 1 1 2 9 -10 
10 0.9908657973868823 0.1045283632676535 -1e-07 0.9945219953682732 0.134851030273723 1e-07 1 0 2 10 -11 
11 0.9862855015372315 0.134850830273723 -1e-07 0.9908659973868822 0.1650477058606777 1e-07 1 0 2 11 -12 
12 0.9807851804032305 0.1650475058606777 -1e-07 0.9862857015372314 0.1950904220161283 1e-07 1 0 2 12 -13 
13 0.9743699647852353 0.1950902220161282 -1e-07 0.9807853804032304 0.224951154343865 1e-07 1 0 2 13 -14 
14 0.9670458389139431 0.224950954343865 -1e-07 0.9743701647852352 0.2546020482055276 1e-07 1 0 2 14 -15 
15 0.9588196348681931 0.2546018482055276 -1e-07 0.967046038913943 0.2840154447039226 1e-07 1 0 2 15 -16 
16 0.9519512853021932 0.2840152447039226 -1e-07 0.958819834868193 0.306249279625408 1e-07 1 2 2 16 -17 
17 0.9445674372676048 0.306249079625408 -1e-07 0.9519514853021931 0.328317275213561 1e-07 1 2 2 17 -18 
18 0.9366720892483976 0.328317075213561 -1e-07 0.9445676372676047 0.3502074812594675 1e-07 1 2 2 18 -19 
19 0.9282695167148067 0.3502072812594675 -1e-07 0.9366722892483975 0.3719080438303866 1e-07 1 2 2 19 -20 
20 0.9193642698080892 0.3719078438303866 -1e-07 0.9282697167148066 0.3934072116888651 1e-07 1 2 2 20 -21 
21 0.9099611708765433 0.3934070116888651 -1e-07 0.9193644698080891 0.4146933426562391 1e-07 1 2 2 21 -22 
22 0.9000653118641212 0.4146931426562391 -1e-07 0.9099613708765432 0.4357549099170794 1e-07 1 2 2 22 -23 
23 0.8896820515530518 0.4357547099170794 -1e-07 0.9000655118641211 0.4565805082611655 1e-07 1 2 2 23 -24 
24 0.8788170126619654 0.4565803082611655 -1e-07 0.8896822515530517 0.4771588602596084 1e-07 1 2 2 24 -25 
25 0.8638354052043958 0.4771586602596084 -1e-07 0.8788172126619653 0.5037740770455261 1e-07 1 0 2 25 -26 
26 0.848047996156426 0.5037738770455262 -1e-07 0.8638356052043957 0.5299193642332048 1e-07 1 0 2 26 -27 
27 0.8314695123025453 0.529919164233205 -1e-07 0.8480481961564259 0.5555703330196021 1e-07 1 0 2 27 -28 
28 0.8141154183563193 0.5555701330196022 -1e-07 0.8314697123025452 0.5807030557109397 1e-07 1 0 2 28 -29 
29 0.7960019025346221 0.5807028557109398 -1e-07 0.8141156183563192 0.6052940880428943 1e-07 1 0 2 29 -30 
30 0.7771458614569708 0.6052938880428944 -1e-07 0.796002102534622 0.6293204910498374 1e-07 1 0 2 30 -31 
31 0.762291813608418 0.6293202910498376 -1e-07 0.7771460614569707 0.6472334724764324 1e-07 1 3 2 31 -32 
32 0.7470249712409961 0.6472332724764325 -1e-07 0.7622920136084179 0.6647959656139377 1e-07 1 3 2 32 -33 
33 0.7313536016191705 0.6647957656139378 -1e-07 0.747025171240996 0.6819984600624984 1e-07 1 3 2 33 -34 
34 0.7152861910660515 0.6819982600624985 -1e-07 0.7313538016191704 0.6988316403678999 1e-07 1 3 2 34 -35 
35 0.6988314403679 0.6988314403679 -1e-07 0.7152863910660514 0.7152863910660514 1e-07 1 3 2 35 -36 
36 0.6819982600624985 0.7152861910660515 -1e-07 0.6988316403678999 0.7313538016191704 1e-07 1 3 2 36 -37 
37 0.6647957656139379 0.7313536016191705 -1e-07 0.6819984600624984 0.7470251712409959 1e-07 1 3 2 37 -38 
38 0.6472332724764325 0.747024971240996 -1e-07 0.6647959656139378 0.7622920136084178 1e-07 1 3 2 38 -39 
39 0.6293202910498376 0.7622918136084179 -1e-07 0.6472334724764324 0.7771460614569707 1e-07 1 3 2 39 -40 
40 0.6052938880428944 0.7771458614569708 -1e-07 0.6293204910498374 0.796002102534622 1e-07 1 0 2 40 -41 
41 0.5807028557109399 0.7960019025346221 -1e-07 0.6052940880428943 0.8141156183563191 1e-07 1 0 2 41 -42 
42 0.5555701330196023 0.8141154183563192 -1e-07 0.5807030557109398 0.8314697123025452 1e-07 1 0 2 42 -43 
43 0.529919164233205 0.8314695123025453 -1e-07 0.5555703330196022 0.8480481961564259 1e-07 1 0 2 43 -44 
44 0.5037738770455263 0.848047996156426 -1e-07 0.5299193642332048 0.8638356052043956 1e-07 1 0 2 44 -45 
45 0.4771586602596084 0.8638354052043957 -1e-07 0.5037740770455262 0.8788172126619653 1e-07 1 0 2 45 -46 
46 0.4565803082611656 0.8788170126619654 -1e-07 0.4771588602596084 0.8896822515530517 1e-07 1 4 2 46 -47 
47 0.4357547099170794 0.8896820515530518 -1e-07 0.4565805082611656 0.9000655118641211 1e-07 1 4 2 47 -48 
48 0.4146931426562391 0.9000653118641212 -1e-07 0.4357549099170794 0.9099613708765432 1e-07 1 4 2 48 -49 
49 0.3934070116888652 0.9099611708765433 -1e-07 0.4146933426562391 0.9193644698080889 1e-07 1 4 2 49 -50 
50 0.3719078438303866 0.9193642698080891 -1e-07 0.3934072116888652 0.9282697167148066 1e-07 1 4 2 50 -51 
51 0.3502072812594674 0.9282695167148067 -1e-07 0.3719080438303866 0.9366722892483975 1e-07 1 4 2 51 -52 
52 0.3283170752135611 0.9366720892483976 -1e-07 0.3502074812594674 0.9445676372676046 1e-07 1 4 2 52 -53 
53 0.3062490796254081 0.9445674372676047 -1e-07 0.3283172752135611 0.9519514853021931 1e-07 1 4 2 53 -54 
54 0.2840152447039228 0.9519512853021932 -1e-07 0.3062492796254081 0.958819834868193 1e-07 1 4 2 54 -55 
55 0.2546018482055276 0.9588196348681931 -1e-07 0.2840154447039228 0.967046038913943 1e-07 1 0 2 55 -56 
56 0.2249509543438651 0.9670458389139431 -1e-07 0.2546020482055276 0.9743701647852352 1e-07 1 0 2 56 -57 
57 0.1950902220161283 0.9743699647852353 -1e-07 0.2249511543438651 0.9807853804032304 1e-07 1 0 2 57 -58 
58 0.1650475058606776 0.9807851804032305 -1e-07 0.1950904220161283 0.9862857015372314 1e-07 1 0 2 58 -59 
59 0.1348508302737231 0.9862855015372315 -1e-07 0.1650477058606776 0.9908659973868822 1e-07 1 0 2 59 -60 
60 0.1045283632676535 0.9908657973868823 -1e-07 0.1348510302737231 0.9945219953682732 1e-07 1 0 2 60 -61 
61 0.0813585746678583 0.9945217953682733 -1e-07 0.1045285632676535 0.996684988044506 1e-07 1 5 2 61 -62 
62 0.0581447289104759 0.9966847880445061 -1e-07 0.08135877466785831 0.9983082582712681 1e-07 1 5 2 62 -63 
63 0.03489939670250108 0.9983080582712682 -1e-07 0.0581449289104759 0.9993909270190957 1e-07 1 5 2 63 -64 
64 0.01163516580139717 0.9993907270190958 -1e-07 0.03489959670250108 0.9999324080037622 1e-07 1 5 2 64 -65 
65 -0.01163536580139682 0.9999322080037623 -1e-07 0.01163536580139717 0.9999324080037622 1e-07 1 5 2 65 -66 
66 -0.03489959670250074 0.9993907270190958 -1e-07 -0.01163516580139682 0.9999324080037622 1e-07 1 5 2 66 -67 
67 -0.05814492891047578 0.9983080582712682 -1e-07 -0.03489939670250073 0.9993909270190957 1e-07 1 5 2 67 -68 
68 -0.08135877466785818 0.9966847880445061 -1e-07 -0.05814472891047577 0.9983082582712681 1e-07 1 5 2 68 -69 
69 -0.1045285632676533 0.9945217953682735 -1e-07 -0.08135857466785817 0.996684988044506 1e-07 1 5 2 69 -70 
70 -0.1348510302737227 0.9908657973868824 -1e-07 -0.1045283632676533 0.9945219953682733 1e-07 1 0 2 70 -71 
71 -0.1650477058606777 0.9862855015372315 -1e-07 -0.1348508302737227 0.9908659973868823 1e-07 1 0 2 71 -72 
72 -0.1950904220161282 0.9807851804032305 -1e-07 -0.1650475058606777 0.9862857015372314 1e-07 1 0 2 72 -73 
73 -0.2249511543438648 0.9743699647852353 -1e-07 -0.1950902220161282 0.9807853804032304 1e-07 1 0 2 73 -74 
74 -0.2546020482055277 0.9670458389139431 -1e-07 -0.2249509543438648 0.9743701647852352 1e-07 1 0 2 74 -75 
75 -0.2840154447039226 0.9588196348681931 -1e-07 -0.2546018482055277 0.967046038913943 1e-07 1 0 2 75 -76 
76 -0.306249279625408 0.9519512853021932 -1e-07 -0.2840152447039226 0.958819834868193 1e-07 1 6 2 76 -77 
77 -0.328317275213561 0.9445674372676048 -1e-07 -0.306249079625408 0.9519514853021931 1e-07 1 6 2 77 -78 
78 -0.3502074812594675 0.9366720892483976 -1e-07 -0.328317075213561 0.9445676372676047 1e-07 1 6 2 78 -79 
79 -0.3719080438303867 0.9282695167148066 -1e-07 -0.3502072812594675 0.9366722892483975 1e-07 1 6 2 79 -80 
80 -0.3934072116888649 0.9193642698080893 -1e-07 -0.3719078438303867 0.9282697167148065 1e-07 1 6 2 80 -81 
81 -0.4146933426562388 0.9099611708765434 -1e-07 -0.3934070116888649 0.9193644698080892 1e-07 1 6 2 81 -82 
82 -0.4357549099170791 0.9000653118641213 -1e-07 -0.4146931426562388 0.9099613708765433 1e-07 1 6 2 82 -83 
83 -0.4565805082611655 0.8896820515530519 -1e-07 -0.4357547099170791 0.9000655118641212 1e-07 1 6 2 83 -84 
84 -0.4771588602596085 0.8788170126619654 -1e-07 -0.4565803082611655 0.8896822515530518 1e-07 1 6 2 84 -85 
85 -0.5037740770455262 0.8638354052043958 -1e-07 -0.4771586602596085 0.8788172126619653 1e-07 1 0 2 85 -86 
86 -0.5299193642332047 0.8480479961564261 -1e-07 -0.5037738770455263 0.8638356052043957 1e-07 1 0 2 86 -87 
87 -0.5555703330196019 0.8314695123025454 -1e-07 -0.5299191642332048 0.848048196156426 1e-07 1 0 2 87 -88 
88 -0.5807030557109397 0.8141154183563193 -1e-07 -0.555570133019602 0.8314697123025453 1e-07 1 0 2 88 -89 
89 -0.6052940880428942 0.7960019025346222 -1e-07 -0.5807028557109398 0.8141156183563192 1e-07 1 0 2 89 -90 
90 -0.6293204910498372 0.7771458614569711 -1e-07 -0.6052938880428943 0.7960021025346221 1e-07 1 0 2 90 -91 
91 -0.6472334724764323 0.762291813608418 -1e-07 -0.6293202910498373 0.777146061456971 1e-07 1 7 2 91 -92 
92 -0.6647959656139378 0.747024971240996 -1e-07 -0.6472332724764324 0.7622920136084179 1e-07 1 7 2 92 -93 
93 -0.6819984600624983 0.7313536016191706 -1e-07 -0.6647957656139379 0.7470251712409959 1e-07 1 7 2 93 -94 
94 -0.6988316403679 0.7152861910660515 -1e-07 -0.6819982600624984 0.7313538016191705 1e-07 1 7 2 94 -95 
95 -0.7152863910660513 0.6988314403679002 -1e-07 -0.6988314403679001 0.7152863910660514 1e-07 1 7 2 95 -96 
96 -0.7313538016191704 0.6819982600624986 -1e-07 -0.7152861910660514 0.6988316403679001 1e-07 1 7 2 96 -97 
97 -0.7470251712409957 0.6647957656139382 -1e-07 -0.7313536016191705 0.6819984600624985 1e-07 1 7 2 97 -98 
98 -0.7622920136084178 0.6472332724764326 -1e-07 -0.7470249712409958 0.6647959656139381 1e-07 1 7 2 98 -99 
99 -0.7771460614569708 0.6293202910498374 -1e-07 -0.7622918136084179 0.6472334724764325 1e-07 1 7 2 99 -100 
100 -0.7960021025346219 0.6052938880428945 -1e-07 -0.777145861456971 0.6293204910498373 1e-07 1 0 2 100 -101 
101 -0.8141156183563191 0.5807028557109399 -1e-07 -0.796001902534622 0.6052940880428944 1e-07 1 0 2 101 -102 
102 -0.8314697123025453 0.5555701330196022 -1e-07 -0.8141154183563192 0.5807030557109398 1e-07 1 0 2 102 -103 
103 -0.8480481961564259 0.5299191642332051 -1e-07 -0.8314695123025454 0.5555703330196021 1e-07 1 0 2 103 -104 
104 -0.8638356052043956 0.5037738770455265 -1e-07 -0.848047996156426 0.529919364233205 1e-07 1 0 2 104 -105 
105 -0.8788172126619652 0.4771586602596086 -1e-07 -0.8638354052043957 0.5037740770455263 1e-07 1 0 2 105 -106 
106 -0.8896822515530517 0.4565803082611656 -1e-07 -0.8788170126619653 0.4771588602596086 1e-07 1 8 2 106 -107 
107 -0.9000655118641211 0.4357547099170793 -1e-07 -0.8896820515530518 0.4565805082611656 1e-07 1 8 2 107 -108 
108 -0.9099613708765431 0.4146931426562392 -1e-07 -0.9000653118641212 0.4357549099170793 1e-07 1 8 2 108 -109 
109 -0.9193644698080891 0.393407011688865 -1e-07 -0.9099611708765432 0.4146933426562392 1e-07 1 8 2 109 -110 
110 -0.9282697167148065 0.3719078438303868 -1e-07 -0.9193642698080892 0.3934072116888651 1e-07 1 8 2 110 -111 
111 -0.9366722892483975 0.3502072812594675 -1e-07 -0.9282695167148066 0.3719080438303868 1e-07 1 8 2 111 -112 
112 -0.9445676372676046 0.3283170752135613 -1e-07 -0.9366720892483976 0.3502074812594675 1e-07 1 8 2 112 -113 
113 -0.9519514853021931 0.3062490796254081 -1e-07 -0.9445674372676047 0.3283172752135614 1e-07 1 8 2 113 -114 
114 -0.958819834868193 0.2840152447039226 -1e-07 -0.9519512853021932 0.3062492796254082 1e-07 1 8 2 114 -115 
115 -0.967046038913943 0.2546018482055277 -1e-07 -0.9588196348681931 0.2840154447039226 1e-07 1 0 2 115 -116 
116 -0.9743701647852351 0.2249509543438652 -1e-07 -0.9670458389139431 0.2546020482055277 1e-07 1 0 2 116 -117 
117 -0.9807853804032304 0.1950902220161286 -1e-07 -0.9743699647852352 0.2249511543438652 1e-07 1 0 2 117 -118 
118 -0.9862857015372314 0.1650475058606777 -1e-07 -0.9807851804032305 0.1950904220161286 1e-07 1 0 2 118 -119 
119 -0.9908659973868822 0.1348508302737232 -1e-07 -0.9862855015372315 0.1650477058606777 1e-07 1 0 2 119 -120 
120 -0.9945219953682732 0.1045283632676537 -1e-07 -0.9908657973868823 0.1348510302737232 1e-07 1 0 2 120 -121 
121 -0.996684988044506 0.08135857466785837 -1e-07 -0.9945217953682733 0.1045285632676537 1e-07 1 9 2 121 -122 
122 -0.9983082582712681 0.05814472891047573 -1e-07 -0.9966847880445061 0.08135877466785837 1e-07 1 9 2 122 -123 
123 -0.9993909270190957 0.03489939670250114 -1e-07 -0.9983080582712682 0.05814492891047573 1e-07 1 9 2 123 -124 
124 -0.9999324080037622 0.011635165801397 -1e-07 -0.9993907270190958 0.03489959670250115 1e-07 1 9 2 124 -125 
125 -0.9999324080037622 -0.0116353658013972 -1e-07 -0.9999322080037623 0.011635365801397 1e-07 1 9 2 125 -126 
126 -0.9999324080037622 -0.0348995967025009 -1e-07 -0.9993907270190958 -0.0116351658013972 1e-07 1 9 2 126 -127 
127 -0.9993909270190957 -0.05814492891047594 -1e-07 -0.9983080582712682 -0.0348993967025009 1e-07 1 9 2 127 -128 
128 -0.9983082582712681 -0.08135877466785901 -1e-07 -0.9966847880445061 -0.05814472891047593 1e-07 1 9 2 128 -129 
129 -0.996684988044506 -0.1045285632676535 -1e-07 -0.9945217953682733 -0.08135857466785901 1e-07 1 9 2 129 -130 
130 -0.9945219953682732 -0.1348510302737229 -1e-07 -0.9908657973868823 -0.1045283632676535 1e-07 1 0 2 130 -131 
131 -0.9908659973868822 -0.1650477058606774 -1e-07 -0.9862855015372315 -0.1348508302737229 1e-07 1 0 2 131 -132 
132 -0.9862857015372314 -0.1950904220161284 -1e-07 -0.9807851804032305 -0.1650475058606774 1e-07 1 0 2 132 -133 
133 -0.9807853804032304 -0.224951154343865 -1e-07 -0.9743699647852353 -0.1950902220161284 1e-07 1 0 2 133 -134 
134 -0.9743701647852352 -0.2546020482055275 -1e-07 -0.9670458389139432 -0.224950954343865 1e-07 1 0 2 134 -135 
135 -0.9670460389139431 -0.2840154447039224 -1e-07 -0.9588196348681932 -0.2546018482055274 1e-07 1 0 2 135 -136 
136 -0.9588198348681931 -0.3062492796254079 -1e-07 -0.9519512853021932 -0.2840152447039224 1e-07 1 10 2 136 -137 
137 -0.9519514853021931 -0.3283172752135607 -1e-07 -0.9445674372676049 -0.3062490796254079 1e-07 1 10 2 137 -138 
138 -0.9445676372676048 -0.3502074812594673 -1e-07 -0.9366720892483977 -0.3283170752135607 1e-07 1 10 2 138 -139 
139 -0.9366722892483976 -0.3719080438303862 -1e-07 -0.9282695167148068 -0.3502072812594673 1e-07 1 10 2 139 -140 
140 -0.9282697167148067 -0.3934072116888653 -1e-07 -0.9193642698080891 -0.3719078438303862 1e-07 1 10 2 140 -141 
141 -0.9193644698080889 -0.414693342656239 -1e-07 -0.9099611708765433 -0.3934070116888653 1e-07 1 10 2 141 -142 
142 -0.9099613708765432 -0.4357549099170794 -1e-07 -0.9000653118641212 -0.414693142656239 1e-07 1 10 2 142 -143 
143 -0.9000655118641211 -0.4565805082611654 -1e-07 -0.8896820515530519 -0.4357547099170794 1e-07 1 10 2 143 -144 
144 -0.8896822515530518 -0.4771588602596084 -1e-07 -0.8788170126619654 -0.4565803082611654 1e-07 1 10 2 144 -145 
145 -0.8788172126619653 -0.5037740770455261 -1e-07 -0.8638354052043958 -0.4771586602596084 1e-07 1 0 2 145 -146 
146 -0.8638356052043957 -0.5299193642332047 -1e-07 -0.8480479961564261 -0.5037738770455262 1e-07 1 0 2 146 -147 
147 -0.848048196156426 -0.5555703330196019 -1e-07 -0.8314695123025455 -0.5299191642332048 1e-07 1 0 2 147 -148 
148 -0.8314697123025454 -0.5807030557109397 -1e-07 -0.8141154183563193 -0.555570133019602 1e-07 1 0 2 148 -149 
149 -0.8141156183563192 -0.6052940880428942 -1e-07 -0.7960019025346222 -0.5807028557109398 1e-07 1 0 2 149 -150 
150 -0.7960021025346221 -0.6293204910498372 -1e-07 -0.7771458614569712 -0.6052938880428943 1e-07 1 0 2 150 -151 
151 -0.7771460614569711 -0.6472334724764323 -1e-07 -0.7622918136084181 -0.6293202910498373 1e-07 1 11 2 151 -152 
152 -0.762292013608418 -0.6647959656139375 -1e-07 -0.7470249712409962 -0.6472332724764324 1e-07 1 11 2 152 -153 
153 -0.7470251712409961 -0.6819984600624983 -1e-07 -0.7313536016191706 -0.6647957656139376 1e-07 1 11 2 153 -154 
154 -0.7313538016191705 -0.6988316403678996 -1e-07 -0.7152861910660518 -0.6819982600624984 1e-07 1 11 2 154 -155 
155 -0.7152863910660517 -0.7152863910660515 -1e-07 -0.6988314403678999 -0.6988314403678997 1e-07 1 11 2 155 -156 
156 -0.6988316403678998 -0.7313538016191703 -1e-07 -0.6819982600624986 -0.7152861910660516 1e-07 1 11 2 156 -157 
157 -0.6819984600624985 -0.747025171240996 -1e-07 -0.6647957656139378 -0.7313536016191704 1e-07 1 11 2 157 -158 
158 -0.6647959656139377 -0.7622920136084178 -1e-07 -0.6472332724764326 -0.7470249712409961 1e-07 1 11 2 158 -159 
159 -0.6472334724764325 -0.7771460614569711 -1e-07 -0.6293202910498371 -0.7622918136084179 1e-07 1 11 2 159 -160 
160 -0.629320491049837 -0.7960021025346222 -1e-07 -0.6052938880428942 -0.7771458614569712 1e-07 1 0 2 160 -161 
161 -0.6052940880428941 -0.8141156183563193 -1e-07 -0.5807028557109396 -0.7960019025346223 1e-07 1 0 2 161 -162 
162 -0.5807030557109395 -0.8314697123025452 -1e-07 -0.5555701330196022 -0.8141154183563194 1e-07 1 0 2 162 -163 
163 -0.5555703330196021 -0.8480481961564259 -1e-07 -0.5299191642332051 -0.8314695123025453 1e-07 1 0 2 163 -164 
164 -0.529919364233205 -0.8638356052043955 -1e-07 -0.5037738770455265 -0.848047996156426 1e-07 1 0 2 164 -165 
165 -0.5037740770455263 -0.8788172126619652 -1e-07 -0.4771586602596087 -0.8638354052043956 1e-07 1 0 2 165 -166 
166 -0.4771588602596087 -0.8896822515530518 -1e-07 -0.4565803082611653 -0.8788170126619653 1e-07 1 12 2 166 -167 
167 -0.4565805082611653 -0.9000655118641208 -1e-07 -0.4357547099170801 -0.8896820515530519 1e-07 1 12 2 167 -168 
168 -0.4357549099170801 -0.9099613708765431 -1e-07 -0.4146931426562392 -0.9000653118641209 1e-07 1 12 2 168 -169 
169 -0.4146933426562392 -0.9193644698080888 -1e-07 -0.3934070116888655 -0.9099611708765432 1e-07 1 12 2 169 -170 
170 -0.3934072116888656 -0.9282697167148066 -1e-07 -0.3719078438303865 -0.9193642698080889 1e-07 1 12 2 170 -171 
171 -0.3719080438303865 -0.9366722892483975 -1e-07 -0.3502072812594676 -0.9282695167148067 1e-07 1 12 2 171 -172 
172 -0.3502074812594676 -0.9445676372676048 -1e-07 -0.3283170752135606 -0.9366720892483976 1e-07 1 12 2 172 -173 
173 -0.3283172752135606 -0.9519514853021929 -1e-07 -0.3062490796254086 -0.9445674372676049 1e-07 1 12 2 173 -174 
174 -0.3062492796254087 -0.958819834868193 -1e-07 -0.2840152447039226 -0.951951285302193 1e-07 1 12 2 174 -175 
175 -0.2840154447039226 -0.967046038913943 -1e-07 -0.2546018482055277 -0.9588196348681931 1e-07 1 0 2 175 -176 
176 -0.2546020482055277 -0.9743701647852351 -1e-07 -0.2249509543438653 -0.9670458389139431 1e-07 1 0 2 176 -177 
177 -0.2249511543438653 -0.9807853804032303 -1e-07 -0.1950902220161287 -0.9743699647852352 1e-07 1 0 2 177 -178 
178 -0.1950904220161287 -0.9862857015372313 -1e-07 -0.1650475058606782 -0.9807851804032304 1e-07 1 0 2 178 -179 
179 -0.1650477058606782 -0.9908659973868821 -1e-07 -0.1348508302737237 -0.9862855015372314 1e-07 1 0 2 179 -180 
180 -0.1348510302737237 -0.9945219953682732 -1e-07 -0.1045283632676542 -0.9908657973868822 1e-07 1 0 2 180 -181 
181 -0.1045285632676542 -0.996684988044506 -1e-07 -0.08135857466785842 -0.9945217953682733 1e-07 1 13 2 181 -182 
182 -0.08135877466785843 -0.9983082582712681 -1e-07 -0.05814472891047624 -0.9966847880445061 1e-07 1 13 2 182 -183 
183 -0.05814492891047624 -0.9993909270190957 -1e-07 -0.03489939670250076 -0.9983080582712682 1e-07 1 13 2 183 -184 
184 -0.03489959670250076 -0.9999324080037622 -1e-07 -0.01163516580139707 -0.9993907270190958 1e-07 1 13 2 184 -185 
185 -0.01163536580139706 -0.9999324080037622 -1e-07 0.0116353658013967 -0.9999322080037623 1e-07 1 13 2 185 -186 
186 0.0116351658013967 -0.9999324080037622 -1e-07 0.0348995967025004 -0.9993907270190958 1e-07 1 13 2 186 -187 
187 0.03489939670250039 -0.9993909270190957 -1e-07 0.05814492891047587 -0.9983080582712682 1e-07 1 13 2 187 -188 
188 0.05814472891047587 -0.9983082582712681 -1e-07 0.08135877466785807 -0.9966847880445061 1e-07 1 13 2 188 -189 
189 0.08135857466785806 -0.996684988044506 -1e-07 0.1045285632676539 -0.9945217953682733 1e-07 1 13 2 189 -190 
190 0.1045283632676539 -0.9945219953682732 -1e-07 0.1348510302737233 -0.9908657973868823 1e-07 1 0 2 190 -191 
191 0.1348508302737233 -0.9908659973868822 -1e-07 0.1650477058606778 -0.9862855015372314 1e-07 1 0 2 191 -192 
192 0.1650475058606778 -0.9862857015372313 -1e-07 0.1950904220161283 -0.9807851804032305 1e-07 1 0 2 192 -193 
193 0.1950902220161283 -0.9807853804032304 -1e-07 0.2249511543438649 -0.9743699647852353 1e-07 1 0 2 193 -194 
194 0.2249509543438649 -0.9743701647852352 -1e-07 0.2546020482055274 -0.9670458389139432 1e-07 1 0 2 194 -195 
195 0.2546018482055274 -0.9670460389139431 -1e-07 0.2840154447039223 -0.9588196348681932 1e-07 1 0 2 195 -196 
196 0.2840152447039223 -0.9588198348681931 -1e-07 0.3062492796254083 -0.9519512853021931 1e-07 1 14 2 196 -197 
197 0.3062490796254083 -0.951951485302193 -1e-07 0.3283172752135602 -0.9445674372676051 1e-07 1 14 2 197 -198 
198 0.3283170752135602 -0.944567637267605 -1e-07 0.3502074812594672 -0.9366720892483977 1e-07 1 14 2 198 -199 
199 0.3502072812594672 -0.9366722892483976 -1e-07 0.3719080438303862 -0.9282695167148068 1e-07 1 14 2 199 -200 
200 0.3719078438303862 -0.9282697167148067 -1e-07 0.3934072116888652 -0.9193642698080892 1e-07 1 14 2 200 -201 
201 0.3934070116888652 -0.9193644698080891 -1e-07 0.4146933426562389 -0.9099611708765433 1e-07 1 14 2 201 -202 
202 0.4146931426562389 -0.9099613708765432 -1e-07 0.4357549099170798 -0.900065311864121 1e-07 1 14 2 202 -203 
203 0.4357547099170798 -0.9000655118641209 -1e-07 0.456580508261165 -0.8896820515530521 1e-07 1 14 2 203 -204 
204 0.456580308261165 -0.889682251553052 -1e-07 0.4771588602596084 -0.8788170126619654 1e-07 1 14 2 204 -205 
205 0.4771586602596083 -0.8788172126619653 -1e-07 0.5037740770455261 -0.8638354052043958 1e-07 1 0 2 205 -206 
206 0.5037738770455262 -0.8638356052043957 -1e-07 0.5299193642332046 -0.8480479961564262 1e-07 1 0 2 206 -207 
207 0.5299191642332047 -0.8480481961564261 -1e-07 0.5555703330196018 -0.8314695123025455 1e-07 1 0 2 207 -208 
208 0.5555701330196019 -0.8314697123025454 -1e-07 0.5807030557109393 -0.8141154183563196 1e-07 1 0 2 208 -209 
209 0.5807028557109394 -0.8141156183563195 -1e-07 0.6052940880428938 -0.7960019025346226 1e-07 1 0 2 209 -210 
210 0.6052938880428939 -0.7960021025346224 -1e-07 0.6293204910498368 -0.7771458614569714 1e-07 1 0 2 210 -211 
211 0.6293202910498369 -0.7771460614569713 -1e-07 0.6472334724764323 -0.7622918136084181 1e-07 1 15 2 211 -212 
212 0.6472332724764324 -0.762292013608418 -1e-07 0.6647959656139375 -0.7470249712409963 1e-07 1 15 2 212 -213 
213 0.6647957656139376 -0.7470251712409962 -1e-07 0.6819984600624986 -0.7313536016191704 1e-07 1 15 2 213 -214 
214 0.6819982600624988 -0.7313538016191703 -1e-07 0.6988316403678999 -0.7152861910660516 1e-07 1 15 2 214 -215 
215 0.6988314403679 -0.7152863910660515 -1e-07 0.7152863910660512 -0.6988314403679002 1e-07 1 15 2 215 -216 
216 0.7152861910660513 -0.6988316403679001 -1e-07 0.73135380161917 -0.681998260062499 1e-07 1 15 2 216 -217 
217 0.7313536016191701 -0.6819984600624989 -1e-07 0.747025171240996 -0.6647957656139379 1e-07 1 15 2 217 -218 
218 0.7470249712409961 -0.6647959656139378 -1e-07 0.7622920136084177 -0.6472332724764327 1e-07 1 15 2 218 -219 
219 0.7622918136084178 -0.6472334724764326 -1e-07 0.7771460614569711 -0.6293202910498372 1e-07 1 15 2 219 -220 
220 0.7771458614569712 -0.6293204910498371 -1e-07 0.7960021025346221 -0.6052938880428942 1e-07 1 0 2 220 -221 
221 0.7960019025346222 -0.6052940880428941 -1e-07 0.8141156183563192 -0.5807028557109397 1e-07 1 0 2 221 -222 
222 0.8141154183563193 -0.5807030557109396 -1e-07 0.8314697123025452 -0.5555701330196022 1e-07 1 0 2 222 -223 
223 0.8314695123025453 -0.5555703330196021 -1e-07 0.8480481961564258 -0.5299191642332051 1e-07 1 0 2 223 -224 
224 0.8480479961564259 -0.529919364233205 -1e-07 0.8638356052043955 -0.5037738770455266 1e-07 1 0 2 224 -225 
225 0.8638354052043956 -0.5037740770455265 -1e-07 0.8788172126619651 -0.4771586602596087 1e-07 1 0 2 225 -226 
226 0.8788170126619652 -0.4771588602596087 -1e-07 0.8896822515530518 -0.4565803082611654 1e-07 1 16 2 226 -227 
227 0.8896820515530519 -0.4565805082611654 -1e-07 0.9000655118641208 -0.4357547099170802 1e-07 1 16 2 227 -228 
228 0.9000653118641209 -0.4357549099170802 -1e-07 0.9099613708765431 -0.4146931426562393 1e-07 1 16 2 228 -229 
229 0.9099611708765432 -0.4146933426562393 -1e-07 0.9193644698080888 -0.3934070116888656 1e-07 1 16 2 229 -230 
230 0.9193642698080889 -0.3934072116888656 -1e-07 0.9282697167148066 -0.3719078438303866 1e-07 1 16 2 230 -231 
231 0.9282695167148067 -0.3719080438303866 -1e-07 0.9366722892483975 -0.3502072812594677 1e-07 1 16 2 231 -232 
232 0.9366720892483976 -0.3502074812594677 -1e-07 0.9445676372676048 -0.3283170752135606 1e-07 1 16 2 232 -233 
233 0.9445674372676049 -0.3283172752135606 -1e-07 0.9519514853021929 -0.3062490796254087 1e-07 1 16 2 233 -234 
234 0.951951285302193 -0.3062492796254087 -1e-07 0.958819834868193 -0.2840152447039227 1e-07 1 16 2 234 -235 
235 0.9588196348681931 -0.2840154447039227 -1e-07 0.967046038913943 -0.2546018482055278 1e-07 1 0 2 235 -236 
236 0.9670458389139431 -0.2546020482055278 -1e-07 0.9743701647852351 -0.2249509543438653 1e-07 1 0 2 236 -237 
237 0.9743699647852352 -0.2249511543438653 -1e-07 0.9807853804032303 -0.1950902220161287 1e-07 1 0 2 237 -238 
238 0.9807851804032304 -0.1950904220161287 -1e-07 0.9862857015372313 -0.1650475058606782 1e-07 1 0 2 238 -239 
239 0.9862855015372314 -0.1650477058606782 -1e-07 0.9908659973868821 -0.1348508302737237 1e-07 1 0 2 239 -240 
240 0.9908657973868822 -0.1348510302737237 -1e-07 0.9945219953682732 -0.1045283632676535 1e-07 1 0 2 240 -1 
1 -0.9999324080037622 -0.9999324080037622 -1e-07 0.9999324080037622 0.9999324080037622 1e-07 1 1 240 1 2 3 4 5 6 7 8 9 10 11 12 13 14 15 16 17 18 19 20 21 22 23 24 25 26 27 28 29 30 31 32 33 34 35 36 37 38 39 40 41 42 43 44 45 46 47 48 49 50 51 52 53 54 55 56 57 58 59 60 61 62 63 64 65 66 67 68 69 70 71 72 73 74 75 76 77 78 79 80 81 82 83 84 85 86 87 88 89 90 91 92 93 94 95 96 97 98 99 100 101 102 103 104 105 106 107 108 109 110 111 112 113 114 115 116 117 118 119 120 121 122 123 124 125 126 127 128 129 130 131 132 133 134 135 136 137 138 139 140 141 142 143 144 145 146 147 148 149 150 151 152 153 154 155 156 157 158 159 160 161 162 163 164 165 166 167 168 169 170 171 172 173 174 175 176 177 178 179 180 181 182 183 184 185 186 187 188 189 190 191 192 193 194 195 196 197 198 199 200 201 202 203 204 205 206 207 208 209 210 211 212 213 214 215 216 217 218 219 220 221 222 223 224 225 226 227 228 229 230 231 232 233 234 235 236 237 238 239 240 
$EndEntities
$Nodes
481 3113 1 3113
0 1 0 1
1
0.9945218953682733 -0.1045284632676535 0
0 2 0 1
2
0.9966848880445061 -0.08135867466785827 0
0 3 0 1
3
0.9983081582712682 -0.05814482891047582 0
0 4 0 1
4
0.9993908270190958 -0.03489949670250096 0
0 5 0 1
5
0.9999323080037622 -0.01163526580139701 0
0 6 0 1
6
0.9999323080037622 0.01163526580139701 0
0 7 0 1
7
0.9993908270190958 0.03489949670250098 0
0 8 0 1
8
0.9983081582712682 0.05814482891047584 0
0 9 0 1
9
0.9966848880445061 0.08135867466785829 0
0 10 0 1
10
0.9945218953682733 0.1045284632676535 0
0 11 0 1
11
0.9908658973868822 0.134850930273723 0
0 12 0 1
12
0.9862856015372314 0.1650476058606777 0
0 13 0 1
13
0.9807852804032304 0.1950903220161282 0
0 14 0 1
14
0.9743700647852352 0.224951054343865 0
0 15 0 1
15
0.9670459389139431 0.2546019482055276 0
0 16 0 1
16
0.9588197348681931 0.2840153447039226 0
0 17 0 1
17
0.9519513853021931 0.306249179625408 0
0 18 0 1
18
0.9445675372676048 0.328317175213561 0
0 19 0 1
19
0.9366721892483976 0.3502073812594675 0
0 20 0 1
20
0.9282696167148067 0.3719079438303866 0
0 21 0 1
21
0.9193643698080891 0.3934071116888651 0
0 22 0 1
22
0.9099612708765432 0.4146932426562391 0
0 23 0 1
23
0.9000654118641211 0.4357548099170794 0
0 24 0 1
24
0.8896821515530517 0.4565804082611655 0
0 25 0 1
25
0.8788171126619654 0.4771587602596084 0
0 26 0 1
26
0.8638355052043958 0.5037739770455262 0
0 27 0 1
27
0.848048096156426 0.5299192642332049 0
0 28 0 1
28
0.8314696123025452 0.5555702330196022 0
0 29 0 1
29
0.8141155183563192 0.5807029557109398 0
0 30 0 1
30
0.7960020025346221 0.6052939880428944 0
0 31 0 1
31
0.7771459614569708 0.6293203910498375 0
0 32 0 1
32
0.762291913608418 0.6472333724764324 0
0 33 0 1
33
0.747025071240996 0.6647958656139378 0
0 34 0 1
34
0.7313537016191705 0.6819983600624985 0
0 35 0 1
35
0.7152862910660515 0.6988315403679 0
0 36 0 1
36
0.6988315403679 0.7152862910660515 0
0 37 0 1
37
0.6819983600624985 0.7313537016191705 0
0 38 0 1
38
0.6647958656139379 0.7470250712409959 0
0 39 0 1
39
0.6472333724764324 0.7622919136084179 0
0 40 0 1
40
0.6293203910498375 0.7771459614569708 0
0 41 0 1
41
0.6052939880428944 0.7960020025346221 0
0 42 0 1
42
0.5807029557109399 0.8141155183563191 0
0 43 0 1
43
0.5555702330196023 0.8314696123025452 0
0 44 0 1
44
0.5299192642332049 0.848048096156426 0
0 45 0 1
45
0.5037739770455263 0.8638355052043957 0
0 46 0 1
46
0.4771587602596084 0.8788171126619654 0
0 47 0 1
47
0.4565804082611656 0.8896821515530517 0
0 48 0 1
48
0.4357548099170794 0.9000654118641211 0
0 49 0 1
49
0.4146932426562391 0.9099612708765432 0
0 50 0 1
50
0.3934071116888652 0.919364369808089 0
0 51 0 1
51
0.3719079438303866 0.9282696167148067 0
0 52 0 1
52
0.3502073812594674 0.9366721892483976 0
0 53 0 1
53
0.3283171752135611 0.9445675372676047 0
0 54 0 1
54
0.3062491796254081 0.9519513853021931 0
0 55 0 1
55
0.2840153447039228 0.9588197348681931 0
0 56 0 1
56
0.2546019482055276 0.9670459389139431 0
0 57 0 1
57
0.2249510543438651 0.9743700647852352 0
0 58 0 1
58
0.1950903220161283 0.9807852804032304 0
0 59 0 1
59
0.1650476058606776 0.9862856015372314 0
0 60 0 1
60
0.1348509302737231 0.9908658973868822 0
0 61 0 1
61
0.1045284632676535 0.9945218953682733 0
0 62 0 1
62
0.0813586746678583 0.9966848880445061 0
0 63 0 1
63
0.0581448289104759 0.9983081582712682 0
0 64 0 1
64
0.03489949670250108 0.9993908270190958 0
0 65 0 1
65
0.01163526580139717 0.9999323080037622 0
0 66 0 1
66
-0.01163526580139682 0.9999323080037622 0
0 67 0 1
67
-0.03489949670250073 0.9993908270190958 0
0 68 0 1
68
-0.05814482891047577 0.9983081582712682 0
0 69 0 1
69
-0.08135867466785818 0.9966848880445061 0
0 70 0 1
70
-0.1045284632676533 0.9945218953682734 0
0 71 0 1
71
-0.1348509302737227 0.9908658973868824 0
0 72 0 1
72
-0.1650476058606777 0.9862856015372314 0
0 73 0 1
73
-0.1950903220161282 0.9807852804032304 0
0 74 0 1
74
-0.2249510543438648 0.9743700647852352 0
0 75 0 1
75
-0.2546019482055277 0.9670459389139431 0
0 76 0 1
76
-0.2840153447039226 0.9588197348681931 0
0 77 0 1
77
-0.306249179625408 0.9519513853021931 0
0 78 0 1
78
-0.328317175213561 0.9445675372676048 0
0 79 0 1
79
-0.3502073812594675 0.9366721892483976 0
0 80 0 1
80
-0.3719079438303867 0.9282696167148066 0
0 81 0 1
81
-0.3934071116888649 0.9193643698080892 0
0 82 0 1
82
-0.4146932426562388 0.9099612708765433 0
0 83 0 1
83
-0.4357548099170791 0.9000654118641213 0
0 84 0 1
84
-0.4565804082611655 0.8896821515530519 0
0 85 0 1
85
-0.4771587602596085 0.8788171126619654 0
0 86 0 1
86
-0.5037739770455263 0.8638355052043958 0
0 87 0 1
87
-0.5299192642332048 0.8480480961564261 0
0 88 0 1
88
-0.555570233019602 0.8314696123025453 0
0 89 0 1
89
-0.5807029557109398 0.8141155183563192 0
0 90 0 1
90
-0.6052939880428942 0.7960020025346222 0
0 91 0 1
91
-0.6293203910498373 0.777145961456971 0
0 92 0 1
92
-0.6472333724764323 0.762291913608418 0
0 93 0 1
93
-0.6647958656139379 0.7470250712409959 0
0 94 0 1
94
-0.6819983600624984 0.7313537016191706 0
0 95 0 1
95
-0.6988315403679001 0.7152862910660515 0
0 96 0 1
96
-0.7152862910660513 0.6988315403679002 0
0 97 0 1
97
-0.7313537016191705 0.6819983600624986 0
0 98 0 1
98
-0.7470250712409957 0.6647958656139381 0
0 99 0 1
99
-0.7622919136084179 0.6472333724764325 0
0 100 0 1
100
-0.7771459614569709 0.6293203910498374 0
0 101 0 1
101
-0.7960020025346219 0.6052939880428945 0
0 102 0 1
102
-0.8141155183563191 0.5807029557109399 0
0 103 0 1
103
-0.8314696123025453 0.5555702330196022 0
0 104 0 1
104
-0.848048096156426 0.529919264233205 0
0 105 0 1
105
-0.8638355052043957 0.5037739770455264 0
0 106 0 1
106
-0.8788171126619653 0.4771587602596086 0
0 107 0 1
107
-0.8896821515530517 0.4565804082611656 0
0 108 0 1
108
-0.9000654118641211 0.4357548099170793 0
0 109 0 1
109
-0.9099612708765431 0.4146932426562392 0
0 110 0 1
110
-0.9193643698080891 0.3934071116888651 0
0 111 0 1
111
-0.9282696167148066 0.3719079438303868 0
0 112 0 1
112
-0.9366721892483976 0.3502073812594675 0
0 113 0 1
113
-0.9445675372676047 0.3283171752135614 0
0 114 0 1
114
-0.9519513853021931 0.3062491796254082 0
0 115 0 1
115
-0.9588197348681931 0.2840153447039226 0
0 116 0 1
116
-0.9670459389139431 0.2546019482055277 0
0 117 0 1
117
-0.9743700647852351 0.2249510543438652 0
0 118 0 1
118
-0.9807852804032304 0.1950903220161286 0
0 119 0 1
119
-0.9862856015372314 0.1650476058606777 0
0 120 0 1
120
-0.9908658973868822 0.1348509302737232 0
0 121 0 1
121
-0.9945218953682733 0.1045284632676537 0
0 122 0 1
122
-0.9966848880445061 0.08135867466785837 0
0 123 0 1
123
-0.9983081582712682 0.05814482891047573 0
0 124 0 1
124
-0.9993908270190958 0.03489949670250114 0
0 125 0 1
125
-0.9999323080037622 0.011635265801397 0
0 126 0 1
126
-0.9999323080037622 -0.0116352658013972 0
0 127 0 1
127
-0.9993908270190958 -0.0348994967025009 0
0 128 0 1
128
-0.9983081582712682 -0.05814482891047593 0
0 129 0 1
129
-0.9966848880445061 -0.08135867466785901 0
0 130 0 1
130
-0.9945218953682733 -0.1045284632676535 0
0 131 0 1
131
-0.9908658973868822 -0.1348509302737229 0
0 132 0 1
132
-0.9862856015372314 -0.1650476058606774 0
0 133 0 1
133
-0.9807852804032304 -0.1950903220161284 0
0 134 0 1
134
-0.9743700647852352 -0.224951054343865 0
0 135 0 1
135
-0.9670459389139432 -0.2546019482055275 0
0 136 0 1
136
-0.9588197348681932 -0.2840153447039224 0
0 137 0 1
137
-0.9519513853021931 -0.3062491796254079 0
0 138 0 1
138
-0.9445675372676049 -0.3283171752135607 0
0 139 0 1
139
-0.9366721892483977 -0.3502073812594673 0
0 140 0 1
140
-0.9282696167148068 -0.3719079438303862 0
0 141 0 1
141
-0.919364369808089 -0.3934071116888653 0
0 142 0 1
142
-0.9099612708765432 -0.414693242656239 0
0 143 0 1
143
-0.9000654118641211 -0.4357548099170794 0
0 144 0 1
144
-0.8896821515530519 -0.4565804082611654 0
0 145 0 1
145
-0.8788171126619654 -0.4771587602596084 0
0 146 0 1
146
-0.8638355052043958 -0.5037739770455262 0
0 147 0 1
147
-0.8480480961564261 -0.5299192642332048 0
0 148 0 1
148
-0.8314696123025455 -0.555570233019602 0
0 149 0 1
149
-0.8141155183563192 -0.5807029557109398 0
0 150 0 1
150
-0.7960020025346222 -0.6052939880428942 0
0 151 0 1
151
-0.7771459614569711 -0.6293203910498373 0
0 152 0 1
152
-0.7622919136084181 -0.6472333724764323 0
0 153 0 1
153
-0.7470250712409962 -0.6647958656139376 0
0 154 0 1
154
-0.7313537016191706 -0.6819983600624984 0
0 155 0 1
155
-0.7152862910660518 -0.6988315403678996 0
0 156 0 1
156
-0.6988315403678999 -0.7152862910660516 0
0 157 0 1
157
-0.6819983600624986 -0.7313537016191703 0
0 158 0 1
158
-0.6647958656139378 -0.747025071240996 0
0 159 0 1
159
-0.6472333724764325 -0.7622919136084179 0
0 160 0 1
160
-0.6293203910498371 -0.7771459614569711 0
0 161 0 1
161
-0.6052939880428941 -0.7960020025346223 0
0 162 0 1
162
-0.5807029557109396 -0.8141155183563193 0
0 163 0 1
163
-0.5555702330196022 -0.8314696123025452 0
0 164 0 1
164
-0.529919264233205 -0.848048096156426 0
0 165 0 1
165
-0.5037739770455264 -0.8638355052043956 0
0 166 0 1
166
-0.4771587602596087 -0.8788171126619653 0
0 167 0 1
167
-0.4565804082611653 -0.8896821515530519 0
0 168 0 1
168
-0.4357548099170801 -0.9000654118641208 0
0 169 0 1
169
-0.4146932426562392 -0.9099612708765431 0
0 170 0 1
170
-0.3934071116888656 -0.9193643698080889 0
0 171 0 1
171
-0.3719079438303865 -0.9282696167148067 0
0 172 0 1
172
-0.3502073812594676 -0.9366721892483976 0
0 173 0 1
173
-0.3283171752135606 -0.9445675372676049 0
0 174 0 1
174
-0.3062491796254087 -0.9519513853021929 0
0 175 0 1
175
-0.2840153447039226 -0.9588197348681931 0
0 176 0 1
176
-0.2546019482055277 -0.9670459389139431 0
0 177 0 1
177
-0.2249510543438653 -0.9743700647852351 0
0 178 0 1
178
-0.1950903220161287 -0.9807852804032303 0
0 179 0 1
179
-0.1650476058606782 -0.9862856015372313 0
0 180 0 1
180
-0.1348509302737237 -0.9908658973868821 0
0 181 0 1
181
-0.1045284632676542 -0.9945218953682733 0
0 182 0 1
182
-0.08135867466785843 -0.9966848880445061 0
0 183 0 1
183
-0.05814482891047624 -0.9983081582712682 0
0 184 0 1
184
-0.03489949670250076 -0.9993908270190958 0
0 185 0 1
185
-0.01163526580139707 -0.9999323080037622 0
0 186 0 1
186
0.0116352658013967 -0.9999323080037622 0
0 187 0 1
187
0.03489949670250039 -0.9993908270190958 0
0 188 0 1
188
0.05814482891047587 -0.9983081582712682 0
0 189 0 1
189
0.08135867466785807 -0.9966848880445061 0
0 190 0 1
190
0.1045284632676539 -0.9945218953682733 0
0 191 0 1
191
0.1348509302737233 -0.9908658973868822 0
0 192 0 1
192
0.1650476058606778 -0.9862856015372313 0
0 193 0 1
193
0.1950903220161283 -0.9807852804032304 0
0 194 0 1
194
0.2249510543438649 -0.9743700647852352 0
0 195 0 1
195
0.2546019482055274 -0.9670459389139432 0
0 196 0 1
196
0.2840153447039223 -0.9588197348681932 0
0 197 0 1
197
0.3062491796254083 -0.951951385302193 0
0 198 0 1
198
0.3283171752135602 -0.944567537267605 0
0 199 0 1
199
0.3502073812594672 -0.9366721892483977 0
0 200 0 1
200
0.3719079438303862 -0.9282696167148068 0
0 201 0 1
201
0.3934071116888652 -0.9193643698080891 0
0 202 0 1
202
0.4146932426562389 -0.9099612708765432 0
0 203 0 1
203
0.4357548099170798 -0.9000654118641209 0
0 204 0 1
204
0.456580408261165 -0.8896821515530521 0
0 205 0 1
205
0.4771587602596083 -0.8788171126619654 0
0 206 0 1
206
0.5037739770455262 -0.8638355052043958 0
0 207 0 1
207
0.5299192642332047 -0.8480480961564262 0
0 208 0 1
208
0.5555702330196018 -0.8314696123025455 0
0 209 0 1
209
0.5807029557109393 -0.8141155183563196 0
0 210 0 1
210
0.6052939880428938 -0.7960020025346225 0
0 211 0 1
211
0.6293203910498368 -0.7771459614569713 0
0 212 0 1
212
0.6472333724764323 -0.7622919136084181 0
0 213 0 1
213
0.6647958656139376 -0.7470250712409963 0
0 214 0 1
214
0.6819983600624987 -0.7313537016191703 0
0 215 0 1
215
0.6988315403679 -0.7152862910660516 0
0 216 0 1
216
0.7152862910660512 -0.6988315403679002 0
0 217 0 1
217
0.73135370161917 -0.6819983600624989 0
0 218 0 1
218
0.747025071240996 -0.6647958656139379 0
0 219 0 1
219
0.7622919136084177 -0.6472333724764326 0
0 220 0 1
220
0.7771459614569711 -0.6293203910498372 0
0 221 0 1
221
0.7960020025346222 -0.6052939880428941 0
0 222 0 1
222
0.8141155183563192 -0.5807029557109397 0
0 223 0 1
223
0.8314696123025452 -0.5555702330196022 0
0 224 0 1
224
0.8480480961564258 -0.529919264233205 0
0 225 0 1
225
0.8638355052043956 -0.5037739770455265 0
0 226 0 1
226
0.8788171126619652 -0.4771587602596087 0
0 227 0 1
227
0.8896821515530519 -0.4565804082611654 0
0 228 0 1
228
0.9000654118641208 -0.4357548099170802 0
0 229 0 1
229
0.9099612708765431 -0.4146932426562393 0
0 230 0 1
230
0.9193643698080889 -0.3934071116888656 0
0 231 0 1
231
0.9282696167148067 -0.3719079438303866 0
0 232 0 1
232
0.9366721892483976 -0.3502073812594677 0
0 233 0 1
233
0.9445675372676049 -0.3283171752135606 0
0 234 0 1
234
0.9519513853021929 -0.3062491796254087 0
0 235 0 1
235
0.9588197348681931 -0.2840153447039227 0
0 236 0 1
236
0.9670459389139431 -0.2546019482055278 0
0 237 0 1
237
0.9743700647852351 -0.2249510543438653 0
0 238 0 1
238
0.9807852804032303 -0.1950903220161287 0
0 239 0 1
239
0.9862856015372313 -0.1650476058606782 0
0 240 0 1
240
0.9908658973868821 -0.1348509302737237 0
1 1 0 0
1 2 0 0
1 3 0 0
1 4 0 0
1 5 0 0
1 6 0 0
1 7 0 0
1 8 0 0
1 9 0 0
1 10 0 1
241
0.9926938963775778 0.1196896967706882 0
1 11 0 1
242
0.9885757494620568 0.1499492680672003 0
1 12 0 1
243
0.9835354409702309 0.1800689639384029 0
1 13 0 1
244
0.9775776725942329 0.2100206881799966 0
1 14 0 1
245
0.9707080018495892 0.2397765012746963 0
1 15 0 1
246
0.9629328368910681 0.2693086464547251 0
1 16 0 0
1 17 0 0
1 18 0 0
1 19 0 0
1 20 0 0
1 21 0 0
1 22 0 0
1 23 0 0
1 24 0 0
1 25 0 1
247
0.8713263089331806 0.4904663686525673 0
1 26 0 1
248
0.8559418006804109 0.5168466206393655 0
1 27 0 1
249
0.8397588542294856 0.5427447486264035 0
1 28 0 1
250
0.8227925653294322 0.568136594365271 0
1 29 0 1
251
0.8050587604454706 0.592998471876917 0
1 30 0 1
252
0.7865739819957964 0.617307189546366 0
1 31 0 0
1 32 0 0
1 33 0 0
1 34 0 0
1 35 0 0
1 36 0 0
1 37 0 0
1 38 0 0
1 39 0 0
1 40 0 1
253
0.617307189546366 0.7865739819957964 0
1 41 0 1
254
0.5929984718769171 0.8050587604454706 0
1 42 0 1
255
0.5681365943652711 0.8227925653294321 0
1 43 0 1
256
0.5427447486264037 0.8397588542294856 0
1 44 0 1
257
0.5168466206393656 0.8559418006804108 0
1 45 0 1
258
0.4904663686525673 0.8713263089331805 0
1 46 0 0
1 47 0 0
1 48 0 0
1 49 0 0
1 50 0 0
1 51 0 0
1 52 0 0
1 53 0 0
1 54 0 0
1 55 0 1
259
0.2693086464547252 0.962932836891068 0
1 56 0 1
260
0.2397765012746964 0.9707080018495892 0
1 57 0 1
261
0.2100206881799968 0.9775776725942329 0
1 58 0 1
262
0.180068963938403 0.9835354409702309 0
1 59 0 1
263
0.1499492680672004 0.9885757494620568 0
1 60 0 1
264
0.1196896967706883 0.9926938963775778 0
1 61 0 0
1 62 0 0
1 63 0 0
1 64 0 0
1 65 0 0
1 66 0 0
1 67 0 0
1 68 0 0
1 69 0 0
1 70 0 1
265
-0.119689696770688 0.9926938963775779 0
1 71 0 1
266
-0.1499492680672002 0.9885757494620568 0
1 72 0 1
267
-0.1800689639384029 0.9835354409702309 0
1 73 0 1
268
-0.2100206881799965 0.9775776725942329 0
1 74 0 1
269
-0.2397765012746963 0.9707080018495892 0
1 75 0 1
270
-0.2693086464547252 0.9629328368910681 0
1 76 0 0
1 77 0 0
1 78 0 0
1 79 0 0
1 80 0 0
1 81 0 0
1 82 0 0
1 83 0 0
1 84 0 0
1 85 0 1
271
-0.4904663686525674 0.8713263089331806 0
1 86 0 1
272
-0.5168466206393655 0.8559418006804109 0
1 87 0 1
273
-0.5427447486264033 0.8397588542294857 0
1 88 0 1
274
-0.5681365943652709 0.8227925653294323 0
1 89 0 1
275
-0.592998471876917 0.8050587604454706 0
1 90 0 1
276
-0.6173071895463658 0.7865739819957966 0
1 91 0 0
1 92 0 0
1 93 0 0
1 94 0 0
1 95 0 0
1 96 0 0
1 97 0 0
1 98 0 0
1 99 0 0
1 100 0 1
277
-0.7865739819957964 0.617307189546366 0
1 101 0 1
278
-0.8050587604454705 0.5929984718769172 0
1 102 0 1
279
-0.8227925653294322 0.568136594365271 0
1 103 0 1
280
-0.8397588542294856 0.5427447486264037 0
1 104 0 1
281
-0.8559418006804108 0.5168466206393657 0
1 105 0 1
282
-0.8713263089331804 0.4904663686525675 0
1 106 0 0
1 107 0 0
1 108 0 0
1 109 0 0
1 110 0 0
1 111 0 0
1 112 0 0
1 113 0 0
1 114 0 0
1 115 0 1
283
-0.962932836891068 0.2693086464547251 0
1 116 0 1
284
-0.9707080018495891 0.2397765012746964 0
1 117 0 1
285
-0.9775776725942328 0.2100206881799969 0
1 118 0 1
286
-0.9835354409702309 0.1800689639384031 0
1 119 0 1
287
-0.9885757494620568 0.1499492680672004 0
1 120 0 1
288
-0.9926938963775778 0.1196896967706885 0
1 121 0 0
1 122 0 0
1 123 0 0
1 124 0 0
1 125 0 0
1 126 0 0
1 127 0 0
1 128 0 0
1 129 0 0
1 130 0 1
289
-0.9926938963775778 -0.1196896967706882 0
1 131 0 1
290
-0.9885757494620568 -0.1499492680672002 0
1 132 0 1
291
-0.9835354409702309 -0.1800689639384029 0
1 133 0 1
292
-0.9775776725942329 -0.2100206881799967 0
1 134 0 1
293
-0.9707080018495893 -0.2397765012746962 0
1 135 0 1
294
-0.9629328368910682 -0.2693086464547249 0
1 136 0 0
1 137 0 0
1 138 0 0
1 139 0 0
1 140 0 0
1 141 0 0
1 142 0 0
1 143 0 0
1 144 0 0
1 145 0 1
295
-0.8713263089331806 -0.4904663686525673 0
1 146 0 1
296
-0.8559418006804109 -0.5168466206393655 0
1 147 0 1
297
-0.8397588542294858 -0.5427447486264034 0
1 148 0 1
298
-0.8227925653294323 -0.5681365943652709 0
1 149 0 1
299
-0.8050587604454706 -0.592998471876917 0
1 150 0 1
300
-0.7865739819957966 -0.6173071895463658 0
1 151 0 0
1 152 0 0
1 153 0 0
1 154 0 0
1 155 0 0
1 156 0 0
1 157 0 0
1 158 0 0
1 159 0 0
1 160 0 1
301
-0.6173071895463657 -0.7865739819957966 0
1 161 0 1
302
-0.5929984718769169 -0.8050587604454708 0
1 162 0 1
303
-0.5681365943652709 -0.8227925653294322 0
1 163 0 1
304
-0.5427447486264037 -0.8397588542294856 0
1 164 0 1
305
-0.5168466206393657 -0.8559418006804107 0
1 165 0 1
306
-0.4904663686525675 -0.8713263089331804 0
1 166 0 0
1 167 0 0
1 168 0 0
1 169 0 0
1 170 0 0
1 171 0 0
1 172 0 0
1 173 0 0
1 174 0 0
1 175 0 1
307
-0.2693086464547252 -0.962932836891068 0
1 176 0 1
308
-0.2397765012746965 -0.9707080018495891 0
1 177 0 1
309
-0.210020688179997 -0.9775776725942327 0
1 178 0 1
310
-0.1800689639384034 -0.9835354409702308 0
1 179 0 1
311
-0.1499492680672009 -0.9885757494620567 0
1 180 0 1
312
-0.119689696770689 -0.9926938963775777 0
1 181 0 0
1 182 0 0
1 183 0 0
1 184 0 0
1 185 0 0
1 186 0 0
1 187 0 0
1 188 0 0
1 189 0 0
1 190 0 1
313
0.1196896967706886 -0.9926938963775778 0
1 191 0 1
314
0.1499492680672005 -0.9885757494620568 0
1 192 0 1
315
0.180068963938403 -0.9835354409702309 0
1 193 0 1
316
0.2100206881799966 -0.9775776725942329 0
1 194 0 1
317
0.2397765012746962 -0.9707080018495893 0
1 195 0 1
318
0.2693086464547249 -0.9629328368910682 0
1 196 0 0
1 197 0 0
1 198 0 0
1 199 0 0
1 200 0 0
1 201 0 0
1 202 0 0
1 203 0 0
1 204 0 0
1 205 0 1
319
0.4904663686525673 -0.8713263089331806 0
1 206 0 1
320
0.5168466206393654 -0.855941800680411 0
1 207 0 1
321
0.5427447486264032 -0.8397588542294858 0
1 208 0 1
322
0.5681365943652705 -0.8227925653294326 0
1 209 0 1
323
0.5929984718769166 -0.8050587604454711 0
1 210 0 1
324
0.6173071895463653 -0.786573981995797 0
1 211 0 0
1 212 0 0
1 213 0 0
1 214 0 0
1 215 0 0
1 216 0 0
1 217 0 0
1 218 0 0
1 219 0 0
1 220 0 1
325
0.7865739819957966 -0.6173071895463657 0
1 221 0 1
326
0.8050587604454706 -0.5929984718769169 0
1 222 0 1
327
0.8227925653294322 -0.568136594365271 0
1 223 0 1
328
0.8397588542294856 -0.5427447486264037 0
1 224 0 1
329
0.8559418006804107 -0.5168466206393658 0
1 225 0 1
330
0.8713263089331804 -0.4904663686525677 0
1 226 0 0
1 227 0 0
1 228 0 0
1 229 0 0
1 230 0 0
1 231 0 0
1 232 0 0
1 233 0 0
1 234 0 0
1 235 0 1
331
0.962932836891068 -0.2693086464547252 0
1 236 0 1
332
0.9707080018495891 -0.2397765012746966 0
1 237 0 1
333
0.9775776725942327 -0.210020688179997 0
1 238 0 1
334
0.9835354409702308 -0.1800689639384035 0
1 239 0 1
335
0.9885757494620567 -0.149949268067201 0
1 240 0 1
336
0.9926938963775777 -0.1196896967706886 0
2 1 0 2777
337
338
339
340
341
342
343
344
345
346
347
348
349
350
351
352
353
354
355
356
357
358
359
360
361
362
363
364
365
366
367
368
369
370
371
372
373
374
375
376
377
378
379
380
381
382
383
384
385
386
387
388
389
390
391
392
393
394
395
396
397
398
399
400
401
402
403
404
405
406
407
408
409
410
411
412
413
414
415
416
417
418
419
420
421
422
423
424
425
426
427
428
429
430
431
432
433
434
435
436
437
438
439
440
441
442
443
444
445
446
447
448
449
450
451
452
453
454
455
456
457
458
459
460
461
462
463
464
465
466
467
468
469
470
471
472
473
474
475
476
477
478
479
480
481
482
483
484
485
486
487
488
489
490
491
492
493
494
495
496
497
498
499
500
501
502
503
504
505
506
507
508
509
510
511
512
513
514
515
516
517
518
519
520
521
522
523
524
525
526
527
528
529
530
531
532
533
534
535
536
537
538
539
540
541
542
543
544
545
546
547
548
549
550
551
552
553
554
555
556
557
558
559
560
561
562
563
564
565
566
567
568
569
570
571
572
573
574
575
576
577
578
579
580
581
582
583
584
585
586
587
588
589
590
591
592
593
594
595
596
597
598
599
600
601
602
603
604
605
606
607
608
609
610
611
612
613
614
615
616
617
618
619
620
621
622
623
624
625
626
627
628
629
630
631
632
633
634
635
636
637
638
639
640
641
642
643
644
645
646
647
648
649
650
651
652
653
654
655
656
657
658
659
660
661
662
663
664
665
666
667
668
669
670
671
672
673
674
675
676
677
678
679
680
681
682
683
684
685
686
687
688
689
690
691
692
693
694
695
696
697
698
699
700
701
702
703
704
705
706
707
708
709
710
711
712
713
714
715
716
717
718
719
720
721
722
723
724
725
726
727
728
729
730
731
732
733
734
735
736
737
738
739
740
741
742
743
744
745
746
747
748
749
750
751
752
753
754
755
756
757
758
759
760
761
762
763
764
765
766
767
768
769
770
771
772
773
774
775
776
777
778
779
780
781
782
783
784
785
786
787
788
789
790
791
792
793
794
795
796
797
798
799
800
801
802
803
804
805
806
807
808
809
810
811
812
813
814
815
816
817
818
819
820
821
822
823
824
825
826
827
828
829
830
831
832
833
834
835
836
837
838
839
840
841
842
843
844
845
846
847
848
849
850
851
852
853
854
855
856
857
858
859
860
861
862
863
864
865
866
867
868
869
870
871
872
873
874
875
876
877
878
879
880
881
882
883
884
885
886
887
888
889
890
891
892
893
894
895
896
897
898
899
900
901
902
903
904
905
906
907
908
909
910
911
912
913
914
915
916
917
918
919
920
921
922
923
924
925
926
927
928
929
930
931
932
933
934
935
936
937
938
939
940
941
942
943
944
945
946
947
948
949
950
951
952
953
954
955
956
957
958
959
960
961
962
963
964
965
966
967
968
969
970
971
972
973
974
975
976
977
978
979
980
981
982
983
984
985
986
987
988
989
990
991
992
993
994
995
996
997
998
999
1000
1001
1002
1003
1004
1005
1006
1007
1008
1009
1010
1011
1012
1013
1014
1015
1016
1017
1018
1019
1020
1021
1022
1023
1024
1025
1026
1027
1028
1029
1030
1031
1032
1033
1034
1035
1036
1037
1038
1039
1040
1041
1042
1043
1044
1045
1046
1047
1048
1049
1050
1051
1052
1053
1054
1055
1056
1057
1058
1059
1060
1061
1062
1063
1064
1065
1066
1067
1068
1069
1070
1071
1072
1073
1074
1075
1076
1077
1078
1079
1080
1081
1082
1083
1084
1085
1086
1087
1088
1089
1090
1091
1092
1093
1094
1095
1096
1097
1098
1099
1100
1101
1102
1103
1104
1105
1106
1107
1108
1109
1110
1111
1112
1113
1114
1115
1116
1117
1118
1119
1120
1121
1122
1123
1124
1125
1126
1127
1128
1129
1130
1131
1132
1133
1134
1135
1136
1137
1138
1139
1140
1141
1142
1143
1144
1145
1146
1147
1148
1149
1150
1151
1152
1153
1154
1155
1156
1157
1158
1159
1160
1161
1162
1163
1164
1165
1166
1167
1168
1169
1170
1171
1172
1173
1174
1175
1176
1177
1178
1179
1180
1181
1182
1183
1184
1185
1186
1187
1188
1189
1190
1191
1192
1193
1194
1195
1196
1197
1198
1199
1200
1201
1202
1203
1204
1205
1206
1207
1208
1209
1210
1211
1212
1213
1214
1215
1216
1217
1218
1219
1220
1221
1222
1223
1224
1225
1226
1227
1228
1229
1230
1231
1232
1233
1234
1235
1236
1237
1238
1239
1240
1241
1242
1243
1244
1245
1246
1247
1248
1249
1250
1251
1252
1253
1254
1255
1256
1257
1258
1259
1260
1261
1262
1263
1264
1265
1266
1267
1268
1269
1270
1271
1272
1273
1274
1275
1276
1277
1278
1279
1280
1281
1282
1283
1284
1285
1286
1287
1288
1289
1290
1291
1292
1293
1294
1295
1296
1297
1298
1299
1300
1301
1302
1303
1304
1305
1306
1307
1308
1309
1310
1311
1312
1313
1314
1315
1316
1317
1318
1319
1320
1321
1322
1323
1324
1325
1326
1327
1328
1329
1330
1331
1332
1333
1334
1335
1336
1337
1338
1339
1340
1341
1342
1343
1344
1345
1346
1347
1348
1349
1350
1351
1352
1353
1354
1355
1356
1357
1358
1359
1360
1361
1362
1363
1364
1365
1366
1367
1368
1369
1370
1371
1372
1373
1374
1375
1376
1377
1378
1379
1380
1381
1382
1383
1384
1385
1386
1387
1388
1389
1390
1391
1392
1393
1394
1395
1396
1397
1398
1399
1400
1401
1402
1403
1404
1405
1406
1407
1408
1409
1410
1411
1412
1413
1414
1415
1416
1417
1418
1419
1420
1421
1422
1423
1424
1425
1426
1427
1428
1429
1430
1431
1432
1433
1434
1435
1436
1437
1438
1439
1440
1441
1442
1443
1444
1445
1446
1447
1448
1449
1450
1451
1452
1453
1454
1455
1456
1457
1458
1459
1460
1461
1462
1463
1464
1465
1466
1467
1468
1469
1470
1471
1472
1473
1474
1475
1476
1477
1478
1479
1480
1481
1482
1483
1484
1485
1486
1487
1488
1489
1490
1491
1492
1493
1494
1495
1496
1497
1498
1499
1500
1501
1502
1503
1504
1505
1506
1507
1508
1509
1510
1511
1512
1513
1514
1515
1516
1517
1518
1519
1520
1521
1522
1523
1524
1525
1526
1527
1528
1529
1530
1531
1532
1533
1534
1535
1536
1537
1538
1539
1540
1541
1542
1543
1544
1545
1546
1547
1548
1549
1550
1551
1552
1553
1554
1555
1556
1557
1558
1559
1560
1561
1562
1563
1564
1565
1566
1567
1568
1569
1570
1571
1572
1573
1574
1575
1576
1577
1578
1579
1580
1581
1582
1583
1584
1585
1586
1587
1588
1589
1590
1591
1592
1593
1594
1595
1596
1597
1598
1599
1600
1601
1602
1603
1604
1605
1606
1607
1608
1609
1610
1611
1612
1613
1614
1615
1616
1617
1618
1619
1620
1621
1622
1623
1624
1625
1626
1627
1628
1629
1630
1631
1632
1633
1634
1635
1636
1637
1638
1639
1640
1641
1642
1643
1644
1645
1646
1647
1648
1649
1650
1651
1652
1653
1654
1655
1656
1657
1658
1659
1660
1661
1662
1663
1664
1665
1666
1667
1668
1669
1670
1671
1672
1673
1674
1675
1676
1677
1678
1679
1680
1681
1682
1683
1684
1685
1686
1687
1688
1689
1690
1691
1692
1693
1694
1695
1696
1697
1698
1699
1700
1701
1702
1703
1704
1705
1706
1707
1708
1709
1710
1711
1712
1713
1714
1715
1716
1717
1718
1719
1720
1721
1722
1723
1724
1725
1726
1727
1728
1729
1730
1731
1732
1733
1734
1735
1736
1737
1738
1739
1740
1741
1742
1743
1744
1745
1746
1747
1748
1749
1750
1751
1752
1753
1754
1755
1756
1757
1758
1759
1760
1761
1762
1763
1764
1765
1766
1767
1768
1769
1770
1771
1772
1773
1774
1775
1776
1777
1778
1779
1780
1781
1782
1783
1784
1785
1786
1787
1788
1789
1790
1791
1792
1793
1794
1795
1796
1797
1798
1799
1800
1801
1802
1803
1804
1805
1806
1807
1808
1809
1810
1811
1812
1813
1814
1815
1816
1817
1818
1819
1820
1821
1822
1823
1824
1825
1826
1827
1828
1829
1830
1831
1832
1833
1834
1835
1836
1837
1838
1839
1840
1841
1842
1843
1844
1845
1846
1847
1848
1849
1850
1851
1852
1853
1854
1855
1856
1857
1858
1859
1860
1861
1862
1863
1864
1865
1866
1867
1868
1869
1870
1871
1872
1873
1874
1875
1876
1877
1878
1879
1880
1881
1882
1883
1884
1885
1886
1887
1888
1889
1890
1891
1892
1893
1894
1895
1896
1897
1898
1899
1900
1901
1902
1903
1904
1905
1906
1907
1908
1909
1910
1911
1912
1913
1914
1915
1916
1917
1918
1919
1920
1921
1922
1923
1924
1925
1926
1927
1928
1929
1930
1931
1932
1933
1934
1935
1936
1937
1938
1939
1940
1941
1942
1943
1944
1945
1946
1947
1948
1949
1950
1951
1952
1953
1954
1955
1956
1957
1958
1959
1960
1961
1962
1963
1964
1965
1966
1967
1968
1969
1970
1971
1972
1973
1974
1975
1976
1977
1978
1979
1980
1981
1982
1983
1984
1985
1986
1987
1988
1989
1990
1991
1992
1993
1994
1995
1996
1997
1998
1999
2000
2001
2002
2003
2004
2005
2006
2007
2008
2009
2010
2011
2012
2013
2014
2015
2016
2017
2018
2019
2020
2021
2022
2023
2024
2025
2026
2027
2028
2029
2030
2031
2032
2033
2034
2035
2036
2037
2038
2039
2040
2041
2042
2043
2044
2045
2046
2047
2048
2049
2050
2051
2052
2053
2054
2055
2056
2057
2058
2059
2060
2061
2062
2063
2064
2065
2066
2067
2068
2069
2070
2071
2072
2073
2074
2075
2076
2077
2078
2079
2080
2081
2082
2083
2084
2085
2086
2087
2088
2089
2090
2091
2092
2093
2094
2095
2096
2097
2098
2099
2100
2101
2102
2103
2104
2105
2106
2107
2108
2109
2110
2111
2112
2113
2114
2115
2116
2117
2118
2119
2120
2121
2122
2123
2124
2125
2126
2127
2128
2129
2130
2131
2132
2133
2134
2135
2136
2137
2138
2139
2140
2141
2142
2143
2144
2145
2146
2147
2148
2149
2150
2151
2152
2153
2154
2155
2156
2157
2158
2159
2160
2161
2162
2163
2164
2165
2166
2167
2168
2169
2170
2171
2172
2173
2174
2175
2176
2177
2178
2179
2180
2181
2182
2183
2184
2185
2186
2187
2188
2189
2190
2191
2192
2193
2194
2195
2196
2197
2198
2199
2200
2201
2202
2203
2204
2205
2206
2207
2208
2209
2210
2211
2212
2213
2214
2215
2216
2217
2218
2219
2220
2221
2222
2223
2224
2225
2226
2227
2228
2229
2230
2231
2232
2233
2234
2235
2236
2237
2238
2239
2240
2241
2242
2243
2244
2245
2246
2247
2248
2249
2250
2251
2252
2253
2254
2255
2256
2257
2258
2259
2260
2261
2262
2263
2264
2265
2266
2267
2268
2269
2270
2271
2272
2273
2274
2275
2276
2277
2278
2279
2280
2281
2282
2283
2284
2285
2286
2287
2288
2289
2290
2291
2292
2293
2294
2295
2296
2297
2298
2299
2300
2301
2302
2303
2304
2305
2306
2307
2308
2309
2310
2311
2312
2313
2314
2315
2316
2317
2318
2319
2320
2321
2322
2323
2324
2325
2326
2327
2328
2329
2330
2331
2332
2333
2334
2335
2336
2337
2338
2339
2340
2341
2342
2343
2344
2345
2346
2347
2348
2349
2350
2351
2352
2353
2354
2355
2356
2357
2358
2359
2360
2361
2362
2363
2364
2365
2366
2367
2368
2369
2370
2371
2372
2373
2374
2375
2376
2377
2378
2379
2380
2381
2382
2383
2384
2385
2386
2387
2388
2389
2390
2391
2392
2393
2394
2395
2396
2397
2398
2399
2400
2401
2402
2403
2404
2405
2406
2407
2408
2409
2410
2411
2412
2413
2414
2415
2416
2417
2418
2419
2420
2421
2422
2423
2424
2425
2426
2427
2428
2429
2430
2431
2432
2433
2434
2435
2436
2437
2438
2439
2440
2441
2442
2443
2444
2445
2446
2447
2448
2449
2450
2451
2452
2453
2454
2455
2456
2457
2458
2459
2460
2461
2462
2463
2464
2465
2466
2467
2468
2469
2470
2471
2472
2473
2474
2475
2476
2477
2478
2479
2480
2481
2482
2483
2484
2485
2486
2487
2488
2489
2490
2491
2492
2493
2494
2495
2496
2497
2498
2499
2500
2501
2502
2503
2504
2505
2506
2507
2508
2509
2510
2511
2512
2513
2514
2515
2516
2517
2518
2519
2520
2521
2522
2523
2524
2525
2526
2527
2528
2529
2530
2531
2532
2533
2534
2535
2536
2537
2538
2539
2540
2541
2542
2543
2544
2545
2546
2547
2548
2549
2550
2551
2552
2553
2554
2555
2556
2557
2558
2559
2560
2561
2562
2563
2564
2565
2566
2567
2568
2569
2570
2571
2572
2573
2574
2575
2576
2577
2578
2579
2580
2581
2582
2583
2584
2585
2586
2587
2588
2589
2590
2591
2592
2593
2594
2595
2596
2597
2598
2599
2600
2601
2602
2603
2604
2605
2606
2607
2608
2609
2610
2611
2612
2613
2614
2615
2616
2617
2618
2619
2620
2621
2622
2623
2624
2625
2626
2627
2628
2629
2630
2631
2632
2633
2634
2635
2636
2637
2638
2639
2640
2641
2642
2643
2644
2645
2646
2647
2648
2649
2650
2651
2652
2653
2654
2655
2656
2657
2658
2659
2660
2661
2662
2663
2664
2665
2666
2667
2668
2669
2670
2671
2672
2673
2674
2675
2676
2677
2678
2679
2680
2681
2682
2683
2684
2685
2686
2687
2688
2689
2690
2691
2692
2693
2694
2695
2696
2697
2698
2699
2700
2701
2702
2703
2704
2705
2706
2707
2708
2709
2710
2711
2712
2713
2714
2715
2716
2717
2718
2719
2720
2721
2722
2723
2724
2725
2726
2727
2728
2729
2730
2731
2732
2733
2734
2735
2736
2737
2738
2739
2740
2741
2742
2743
2744
2745
2746
2747
2748
2749
2750
2751
2752
2753
2754
2755
2756
2757
2758
2759
2760
2761
2762
2763
2764
2765
2766
2767
2768
2769
2770
2771
2772
2773
2774
2775
2776
2777
2778
2779
2780
2781
2782
2783
2784
2785
2786
2787
2788
2789
2790
2791
2792
2793
2794
2795
2796
2797
2798
2799
2800
2801
2802
2803
2804
2805
2806
2807
2808
2809
2810
2811
2812
2813
2814
2815
2816
2817
2818
2819
2820
2821
2822
2823
2824
2825
2826
2827
2828
2829
2830
2831
2832
2833
2834
2835
2836
2837
2838
2839
2840
2841
2842
2843
2844
2845
2846
2847
2848
2849
2850
2851
2852
2853
2854
2855
2856
2857
2858
2859
2860
2861
2862
2863
2864
2865
2866
2867
2868
2869
2870
2871
2872
2873
2874
2875
2876
2877
2878
2879
2880
2881
2882
2883
2884
2885
2886
2887
2888
2889
2890
2891
2892
2893
2894
2895
2896
2897
2898
2899
2900
2901
2902
2903
2904
2905
2906
2907
2908
2909
2910
2911
2912
2913
2914
2915
2916
2917
2918
2919
2920
2921
2922
2923
2924
2925
2926
2927
2928
2929
2930
2931
2932
2933
2934
2935
2936
2937
2938
2939
2940
2941
2942
2943
2944
2945
2946
2947
2948
2949
2950
2951
2952
2953
2954
2955
2956
2957
2958
2959
2960
2961
2962
2963
2964
2965
2966
2967
2968
2969
2970
2971
2972
2973
2974
2975
2976
2977
2978
2979
2980
2981
2982
2983
2984
2985
2986
2987
2988
2989
2990
2991
2992
2993
2994
2995
2996
2997
2998
2999
3000
3001
3002
3003
3004
3005
3006
3007
3008
3009
3010
3011
3012
3013
3014
3015
3016
3017
3018
3019
3020
3021
3022
3023
3024
3025
3026
3027
3028
3029
3030
3031
3032
3033
3034
3035
3036
3037
3038
3039
3040
3041
3042
3043
3044
3045
3046
3047
3048
3049
3050
3051
3052
3053
3054
3055
3056
3057
3058
3059
3060
3061
3062
3063
3064
3065
3066
3067
3068
3069
3070
3071
3072
3073
3074
3075
3076
3077
3078
3079
3080
3081
3082
3083
3084
3085
3086
3087
3088
3089
3090
3091
3092
3093
3094
3095
3096
3097
3098
3099
3100
3101
3102
3103
3104
3105
3106
3107
3108
3109
3110
3111
3112
3113
-0.6906574037893243 -0.6931255162616888 0
0.6924472069340487 0.6883814168293843 0
-0.6767668325045433 0.7078433321853355 0
0.711182548979906 -0.6787185269458623 0
-0.06797812707110187 0.9775121079003575 0
0.06710505436738086 -0.9747693198051546 0
-0.9771573628137522 0.06633969318193345 0
0.9766108543157062 0.06719320412014929 0
0.475491334999711 -0.8603699519274781 0
-0.9369281428351098 -0.2913968259151221 0
-0.8649720087565032 0.4603242806549068 0
-0.2703570077899155 -0.9396396179967494 0
0.9426794449578375 -0.2741000977835014 0
0.272155860870409 0.9441119477782509 0
0.859873670712919 0.4744120493175789 0
0.8322080243605839 -0.5243985966813597 0
-0.8368267406929346 -0.5164825423692402 0
0.5213763398034167 0.8347684345811707 0
-0.4983914348032613 -0.8474056352882572 0
-0.4978727579749034 0.8467685494087976 0
0.9482722776711111 0.2732492941032049 0
0.2716409215798937 -0.942776716460584 0
-0.2772820123845658 0.9440090859284918 0
-0.9473455672266061 0.2706498250544001 0
-0.9737367176931107 -0.1256064405339538 0
0.1198619213980191 0.976492995992511 0
-0.1189760112779379 -0.9773128114626594 0
0.9769802504348173 -0.1194753874379496 0
0.5927327289760316 -0.7864098241458661 0
-0.7861221584088016 0.5873619843545662 0
0.7958549963745103 0.5768858522498999 0
0.3960219517321544 0.8958086592954604 0
0.8954280428719326 -0.3955116204426345 0
-0.5873619843545654 -0.7861221584088007 0
-0.7748523187078727 -0.606334359154875 0
-0.3959068546235348 0.8962284901762879 0
-0.3959068546235354 -0.8962284901762877 0
-0.5863398946978172 0.7902631325125526 0
0.9041394478757026 0.3783179859156773 0
0.3723081375045799 -0.9043805900280577 0
-0.8862644864635059 -0.4185200591910453 0
0.6128993944308314 0.7676937712034708 0
-0.1835100244617325 0.9636611674125302 0
0.9636611674125299 0.1835100244617323 0
0.1862988333958396 -0.968963647747225 0
-0.9637940613084583 0.1869575558810087 0
0.7800132801061784 -0.6000416874398087 0
-0.9086436998747069 0.3518515103090878 0
0.1946289905317513 0.9643841592459241 0
-0.9603797750009214 -0.200635410466036 0
-0.1992360075715369 -0.9605330748827866 0
0.9605007488036796 -0.2003510384583699 0
-0.8272154917567638 0.5276521176508169 0
-0.04453383609770867 -0.9783601559665795 0
0.04524568336373933 0.9777514622007142 0
0.9817899888692353 -0.04664099768898361 0
-0.9757682201786252 -0.0461034848551952 0
0.6410537541127027 -0.7404617568940142 0
-0.7394489272138373 0.6427931457194254 0
0.4781430810532937 0.8585604422875411 0
0.8581380133594758 -0.4769516204638853 0
0.5436216057245692 -0.8211255093270103 0
0.8280074069586831 0.5262529488941556 0
0.757765016710093 0.623620823559859 0
0.9174856000965226 -0.3315718375214204 0
-0.3277369139671355 -0.9169001139876716 0
-0.738977916899713 -0.6427038214064716 0
-0.9126222496048018 -0.3553203778447818 0
-0.6411863955769195 -0.7402964062301863 0
0.3311466394529179 0.91816765745351 0
-0.3330810100684596 0.9225606194169351 0
0.1305683737453763 -0.9760358892248511 0
-0.9766464660012686 0.1191601919516454 0
0.9773555668777393 0.1308778232557774 0
-0.1301937920402075 0.976780986685635 0
-0.5479570455826704 -0.8155673457251702 0
-0.5433952990311718 0.8199302610602622 0
0.5620407776643872 0.8041728945979872 0
-0.8601755920073633 -0.4791953327354582 0
-0.4556997484887761 -0.8700849988372541 0
-0.463096052690545 0.867200488030986 0
-0.6257592920749275 0.7545382300400618 0
0.8031454517034444 -0.5665732410708051 0
0.2248249924558239 -0.9556136091224602 0
-0.2309480926184397 0.9553740661957066 0
-0.812046921060269 -0.5500858311968212 0
0.9554658443718728 0.2294764304637771 0
-0.9568531457471544 0.2305230092520482 0
-0.9548325566422041 -0.251462726638873 0
0.3094661179837654 -0.9299376091374466 0
0.4369752409559343 -0.8761738254336964 0
0.6415709176170973 0.7415811002938093 0
0.869988914184964 0.4368031291600161 0
0.9286643046240466 0.3081364306831775 0
-0.8863502803845564 0.416307210302539 0
0.8768382844935971 -0.4371754418856309 0
0.02279844496356108 -0.9795141525515663 0
0.7394489272138374 -0.6427931457194256 0
0.6756968957801011 -0.7061895653133794 0
0.7215457172343297 0.6597400575037089 0
-0.02076519680770426 0.9778898673462559 0
-0.7087420345716495 0.6765001645031643 0
0.9795505680974568 0.02516858019775562 0
-0.9238150145693177 0.3094987456912597 0
0.4371754418856295 0.8768382844935968 0
-0.9767736315642161 0.02481698690961938 0
-0.8556470937138509 0.4846037823183018 0
-0.8385234473444246 0.4628720457582046 0
0.9750101386271371 -0.09323841858434756 0
0.9520869694107353 -0.1091590444101694 0
-0.09315518922434589 -0.9750655654651108 0
-0.1065625945250402 -0.9529569357139693 0
0.09330284091102579 0.9749289295534195 0
0.106162625535744 0.95231465068217 0
-0.9755930773057664 -0.09174685175387888 0
-0.9543221370828432 -0.1084179835891033 0
-0.612796796020409 -0.7675361268300703 0
-0.5892951513486868 -0.763017500478556 0
-0.966729034434759 -0.1685090179706093 0
-0.946287257241344 -0.1808442794697119 0
0.170098465023806 0.9675861685000751 0
0.1791538286002402 0.942103410907617 0
-0.152058964443334 -0.9675584678962994 0
0.9701026416788057 -0.1552727591063937 0
0.6110894672629039 -0.7682203359785126 0
0.5869885638349173 -0.7600056750800019 0
-0.7673589900500353 0.6128700535288086 0
-0.7617150378987958 0.5885229575792126 0
-0.7764461607306407 0.5642913108064965 0
-0.7477955268174055 0.5590595610882906 0
-0.7698088081902497 0.5340308600890104 0
-0.7354383666688021 0.5297268601005751 0
-0.7162190103401587 0.5549102121970507 0
-0.7036898257211925 0.5251553807772749 0
-0.6838558272639103 0.5510655251120491 0
-0.6711639050486889 0.5203980849745317 0
-0.6506495465252666 0.5472670910310186 0
-0.6378526329497222 0.5156243428966021 0
-0.6168698020888079 0.5432065775447417 0
-0.6036559007109767 0.5111884623251298 0
-0.6249718267113209 0.4837754870320269 0
-0.5903301187341161 0.4787241712959954 0
-0.6120572081164837 0.4505070448838702 0
-0.5763665438821162 0.4456477789724548 0
-0.5984288929862142 0.417078564296706 0
-0.5620817776219318 0.4121042280968997 0
-0.540172002670636 0.4408980827031099 0
-0.5249935731968778 0.4069619625677893 0
-0.5034384145645524 0.4362765705750508 0
-0.4871094368944777 0.4017096237149567 0
-0.5106334751864524 0.3712935918053735 0
-0.4721071187574419 0.3651343229974555 0
-0.4492071388165746 0.3962371023558723 0
-0.4322342395140384 0.3601319043599152 0
-0.4573510506145266 0.3278640468286469 0
-0.4168821183020765 0.3220096018209341 0
-0.3912258429276329 0.3552894483465837 0
-0.3751873981911791 0.3166962655759151 0
-0.4012506262606219 0.2829830208549121 0
-0.3586793752513813 0.2774479248691405 0
-0.384985804432293 0.2434845825388329 0
-0.3417726104317747 0.2373511103350831 0
-0.3151401835046722 0.2724723427476455 0
-0.2973859538244646 0.2318961648134789 0
-0.3250060806634432 0.1958920880869822 0
-0.2800125288760868 0.1896360284327553 0
-0.251881592257796 0.2264923695649735 0
-0.2340862073699793 0.1832731746711251 0
-0.2057955335017413 0.2204969629693923 0
-0.187137909468673 0.1767453539348807 0
-0.2164301936594329 0.1401897113499679 0
-0.1687574124619111 0.1317515753290081 0
-0.138777455777407 0.1707662626274008 0
-0.1194732697863016 0.1252168824587362 0
-0.1501302242285718 0.08584006498281378 0
-0.09982115282558499 0.07878243905027235 0
-0.1312658967239303 0.03795534004325709 0
-0.07989564105995034 0.03106168056677637 0
-0.04821381607409138 0.0724689057866429 0
-0.02773567878239372 0.02393665324103613 0
-0.1117297699254462 -0.009847863608471851 0
0.004855403155022439 0.06613101160001662 0
0.02517442699624697 0.01703506618493263 0
0.05795090584055174 0.05920346854662363 0
0.07818063367527066 0.01036163690891878 0
0.1100929069137016 0.05246831037072293 0
0.1302490205032726 0.003993741611320807 0
0.09884825876322782 -0.03788504273782665 0
0.1508025471055753 -0.04424792004055893 0
0.1196772876818106 -0.08533482496381781 0
0.1818420430653089 -0.001097634747332982 0
0.170223452775478 -0.09179946410180365 0
0.1398260987832929 -0.1320583243832397 0
0.189812706015454 -0.1380545467288339 0
0.1599944001108989 -0.1776007266164093 0
0.2085970954222134 -0.1833522922554368 0
0.1797431180045769 -0.2220912551605695 0
0.2272177764109657 -0.2276581298261657 0
0.2560762624280428 -0.1900464806371555 0
0.1987038929146719 -0.2657078401664787 0
0.1516688061535126 -0.2604622955242438 0
0.1706066757881972 -0.3034927666123166 0
0.1240883388606634 -0.2985442372679512 0
0.1427891474835009 -0.3409629400181959 0
0.09677986989868415 -0.33614610256554 0
0.2743152819224586 -0.2307399922391002 0
0.3023201943598811 -0.1963666936483156 0
0.1152475286618196 -0.3781244945154003 0
0.06963082247230029 -0.3732252574152241 0
0.320200367326286 -0.2357468348158631 0
0.3475627745944394 -0.2025818559568388 0
0.1605912218031315 -0.3829539817814396 0
0.1335972489836466 -0.4191234607270285 0
0.3646622166367253 -0.2435843450098628 0
0.3908994556994151 -0.2084043484648957 0
0.08975399138390847 0.1010162651999655 0
0.1777885650824722 -0.4242048523678325 0
0.1519102462567494 -0.4591902760133428 0
0.4080139416090037 -0.2495268256897529 0
0.4331817301741775 -0.2137627989166633 0
0.1946001368399302 -0.4640436288128305 0
0.1694807236131496 -0.4982608999795048 0
0.4506960078091023 -0.2544766179104927 0
0.474904942880879 -0.2210907637657451 0
0.4606646234992832 -0.1813955657081953 0
0.5053982683005763 -0.1892559991477731 0
0.489058623460176 -0.1497875282349568 0
0.209258535984386 -0.5034410733478794 0
0.5294893043621963 -0.1524049831894801 0
0.5143965008021635 -0.1160919616536614 0
0.1850910717222356 -0.5359943472706273 0
0.1450001393730054 -0.5319844909050615 0
0.4905951331602397 -0.2617744934690021 0
0.2229266417942847 -0.5377542494449736 0
0.554168045274102 -0.1208170442441621 0
0.5392253052724971 -0.08316724754587373 0
0.1612396113868514 -0.5693608920779855 0
0.1213672621304975 -0.5653860219191905 0
0.5790220761114552 -0.08835074733584244 0
0.5646799166035652 -0.05124090255674069 0
0.5701859292842714 -0.1552488132742115 0
0.6039450077467696 -0.05588281333415919 0
0.5886225017222574 -0.01846734483631847 0
-0.1628793168255191 -0.002883301008731313 0
0.1369934858634334 -0.601652484661793 0
0.09797012619274981 -0.5982236898916671 0
0.4673111281392132 -0.2934033891115211 0
0.5081055606903666 -0.2995655063365973 0
0.4843899992961727 -0.3304308262819449 0
0.5229311218473311 -0.3357763834481047 0
0.5002551716605905 -0.3668830931082254 0
0.548821024456188 -0.0164385535635969 0
0.5737290607151905 0.01853613315337427 0
0.6135072477824628 0.01343481354719752 0
0.5987322732281329 0.05051355853269002 0
0.5588091086721834 0.05668665130196014 0
0.5840871569638619 0.08820286557736864 0
0.5440706818708501 0.0946128223245303 0
0.5695147288113214 0.1262337617037789 0
0.5275532853899604 0.1317258817275718 0
0.5547228124030803 0.1644789873713066 0
0.5123167077849191 0.1696863973982242 0
0.5396551346834577 0.2027037998305478 0
0.4972145312450393 0.2088069276368325 0
0.5247136459929806 0.2407571174554113 0
0.4824215068815056 0.2474105437075715 0
0.510403725940016 0.279161541444438 0
0.4695794653190405 0.2856208428185614 0
0.4957052734533588 0.3168350447004389 0
0.4558245728223885 0.3228038199164113 0
0.480721051307514 0.3551446867080969 0
0.4428434681262112 0.3611562354588864 0
0.465962880607612 0.3928080300372457 0
0.4279626490552925 0.3993869564245979 0
0.4512950787509537 0.4301735417336954 0
0.411968231386956 0.4363511313042159 0
0.3897812780717353 0.4060746285707089 0
0.3740000417283686 0.4434313587983409 0
0.3982842374910993 0.4734404685720593 0
0.3582845527255947 0.4804908772990953 0
0.333459551590685 0.4502712231554943 0
0.3176869058735255 0.4880547439548807 0
0.2916968805024506 0.4565171662008777 0
0.2766974731480902 0.4953652045837963 0
0.2512458079342945 0.4629162368098293 0
0.23652265120237 0.5018149125115378 0
0.2122547863972369 0.4703137442837858 0
0.1966011280614422 0.5086032045945228 0
0.2222535856342759 0.540244710150227 0
0.1824324050773318 0.5472414750177539 0
0.1558624109012179 0.5157434317841556 0
0.1421117739721844 0.5544645963766072 0
0.1154020568177338 0.5229786556287433 0
0.1014702778924965 0.5617477133801119 0
0.0748780026471195 0.53026899439651 0
0.06106930921549664 0.5688931426816516 0
0.03440226038505669 0.5375925911480622 0
0.02048615126475343 0.5763500166331332 0
-0.006001062197992478 0.5449535206647408 0
-0.02013541301106105 0.5833490795319827 0
0.3475448249348876 0.5228366583955651 0
0.2086011957970279 0.5781302315295109 0
0.6096082885527547 0.1181896006169651 0
0.5648746944834667 0.2346502804424022 0
0.5206507785553526 0.3484734047386463 0
-0.1437903070463084 -0.05031591411459053 0
-0.1943125176341341 -0.04297565312577345 0
-0.1740946515182543 -0.09101356061303015 0
-0.2245472323017279 -0.08280200897755152 0
-0.2048726705817839 -0.1299876901229516 0
-0.2550995612358601 -0.1217075303551396 0
-0.2388688579986855 -0.1649123084612744 0
-0.2844111482323219 -0.1597651460925162 0
-0.2696201893135096 -0.2011843574757541 0
-0.3130403363711926 -0.1969362670008668 0
-0.2978309932038953 -0.2379296973537574 0
-0.3401321797331218 -0.233603765808942 0
-0.3251998147683985 -0.2739392269677556 0
-0.3580365114872098 -0.1911869584712321 0
-0.3671133386804084 -0.2692054322566553 0
-0.3531998834501381 -0.3080855978035904 0
-0.3946326697286424 -0.3031654699563581 0
-0.3795416542106671 -0.3422288423055689 0
-0.4207595865973937 -0.3368993500869392 0
-0.4051518804341052 -0.3759137411342747 0
-0.3628109382886849 -0.3795839044694146 0
-0.3898976512057578 -0.4145826603380935 0
-0.3473472282165955 -0.4183421993913616 0
-0.4459097139561676 -0.3698109970129314 0
-0.461389925055824 -0.3316643639263768 0
-0.3744535679614525 -0.4521884676154392 0
-0.3356338037170195 -0.4589890689645891 0
-0.3599490564756667 -0.4902776049014337 0
-0.3214951442902819 -0.4971755706694129 0
-0.48624596339982 -0.3638625307768987 0
-0.5015670712581928 -0.3266645749711967 0
-0.3450067822834966 -0.5256400003121114 0
-0.3072579496573969 -0.5339892440861053 0
-0.0462834793141489 0.552325630827707 0
-0.05977510986374458 0.5907508531479866 0
-0.03405285389111556 0.6212678622896852 0
-0.07279593855149824 0.6284107810696423 0
-0.09889955708909835 0.598316375803128 0
-0.111464138633657 0.6357446455327295 0
-0.1375510832094863 0.6058255311580576 0
-0.5258883016552854 -0.3581431230291754 0
-0.5409416225623748 -0.3216560606270089 0
-0.1497584287766216 0.6428614733815726 0
0.08442994780539198 0.5985743405092604 0
0.1137464174018526 -0.6339841398839643 0
0.0756935867547865 -0.6306470448452288 0
0.153421004538065 -0.6386693710489821 0
-0.3838214609112629 -0.5165789533981282 0
-0.3362297827244049 -0.5642970928711007 0
-0.2925946452868416 -0.5685785552278226 0
-0.1753251552746169 0.6133522372077003 0
0.5380034510624969 -0.3721135451344622 0
0.5159820639436046 -0.4026804037556558 0
-0.188413657098905 0.6497424992345615 0
-0.2665677541310114 -0.5349912055691952 0
-0.2537487505207198 -0.5759019088690608 0
-0.2140060343482953 0.6205767777802257 0
-0.5648689635849565 -0.3524141152623824 0
-0.5798767674110195 -0.3162828347979375 0
-0.04715216072679732 0.6583387847226901 0
0.04827287810030377 0.5011448585845233 0
-0.5504660788418863 -0.3886222163767732 0
-0.2822607631872386 -0.6056766926652203 0
-0.2406154842649517 -0.6129831881956801 0
0.432528704913628 0.2910029925927277 0
0.0905471010174943 -0.6656517254623997 0
0.05327784060455935 -0.6629910100845513 0
-0.1644380308884952 0.5764696818875031 0
-0.2259951576071742 0.6568223152850942 0
-0.2522191040675801 0.6287482430406746 0
-0.1616070081982694 0.6791250085884936 0
0.5542745193647037 -0.40718850079973 0
0.5775975822463061 -0.3721845093773984 0
0.5317448124842687 -0.4377843139988443 0
-0.2108228676807161 -0.5817999704877473 0
-0.5560947021188221 -0.2855498102335879 0
-0.5947824197783558 -0.2806526076959072 0
-0.571149036769649 -0.2496535981147382 0
-0.6096614923898714 -0.2447553529549861 0
-0.586116252932771 -0.2136828192744347 0
-0.6246408466569766 -0.2087975050678902 0
-0.6011445577726731 -0.1777482317661361 0
-0.6395819945512622 -0.1729068688604714 0
-0.6163189498687399 -0.1419624996486015 0
-0.6546084402641363 -0.1369422924338731 0
-0.6314299658490792 -0.1062595646702012 0
-0.6694767767161105 -0.1010829768252126 0
-0.6462155253952828 -0.07061950185428698 0
-0.6844865149833719 -0.06550882387078023 0
-0.6614828464940268 -0.03476062160115433 0
-0.6227281736095859 -0.03986691168439294 0
-0.6379949330706344 -0.00417558538321886 0
-0.676500366374304 0.0005237716813437825 0
-0.6532996677368363 0.03124120462277207 0
-0.6914363607813693 0.03572919337041262 0
-0.6685608613001506 0.06624133699293563 0
-0.5990534212536729 -0.008890493631990595 0
-0.7060806408228075 0.07072003511240815 0
-0.6836462100505289 0.1009294226905148 0
-0.6035426597035689 -0.3463338082191915 0
-0.6626164932839556 -0.2041529460021365 0
0.2661652142995402 0.4263666245407756 0
-0.2628242209347233 -0.6419037071825298 0
-0.2282698733530546 -0.6496032267330947 0
-0.2635163738635174 0.6638118658286141 0
-0.2883197285985308 0.635917361356896 0
0.06801740513613004 -0.696913255819029 0
0.06061335611232155 -0.5962007731408171 0
0.03061889304809816 -0.6937242961572079 0
-0.281671982026818 -0.2733335508851445 0
-0.7196038060247055 0.1057734400243928 0
-0.7001655193608101 0.1343861609125614 0
0.4672840048042158 0.1750225267634276 0
0.5691409736498605 -0.4420827077898469 0
0.5467442167790553 -0.4720648097894258 0
0.5096261928149736 -0.4679723833361317 0
0.5246436262818421 -0.5022234777487263 0
-0.7288336322578052 0.04110380271900524 0
-0.5826412424751347 0.5388425406492582 0
-0.6612751330377098 0.137773572929777 0
-0.3002355071433362 0.6702395110764279 0
-0.3245685275884155 0.6433431868346291 0
-0.2490865608076494 -0.6776332063376678 0
-0.2815967507888035 -0.6660789234512993 0
-0.2153015441234464 -0.6849275783866912 0
0.04566686429407947 -0.7271219020675335 0
0.08170760997364312 -0.7339217501752114 0
-0.2708938172659639 -0.07819919737629286 0
-0.7341392666131408 0.1398655738068385 0
-0.7153161009781968 0.1679968692507295 0
-0.276570042383351 0.6985252389414619 0
-0.7072115607241005 -0.09599680972954783 0
0.4712679717702606 -0.1091193498071659 0
0.4875878494497463 -0.4980354572798463 0
0.5022154080221529 -0.5321873764500671 0
-0.2800607323510456 0.6024765075781392 0
0.4609406598993279 -0.3623456151412264 0
0.008155534398211225 -0.7241501476836399 0
0.05100565841872798 -0.3313659672286825 0
0.02379211822837228 -0.3685101290103065 0
-0.6343625157744246 0.4220486185055484 0
-0.3378953391163131 0.6763928148574734 0
-0.3608243769186247 0.649745760300072 0
-0.2358437980549327 -0.7125292660648295 0
-0.201755960524033 -0.7191800331068634 0
-0.6208169739578138 0.3884871213086799 0
-0.6565172238441561 0.3937300024621924 0
0.5835171005947787 -0.4762068006670169 0
-0.7485613344830337 0.1734667839640939 0
0.4655938420705308 -0.5280195807829084 0
0.4805524163448017 -0.5617388583619605 0
0.02382594858941573 -0.7569852626510308 0
-0.7726371228606521 0.144707013215602 0
-0.374301868225651 0.6829186958935987 0
-0.3959225871006258 0.6564135483660822 0
0.516690268189321 -0.5658984839590694 0
0.4951352942597283 -0.5950771355633189 0
0.4594256343853662 -0.5913541870081919 0
0.4739039866725579 -0.6241629218421284 0
0.4384777138132028 -0.6204544769284062 0
0.4530618443759637 -0.6528833376602239 0
0.4178844338391807 -0.6494426421934083 0
-0.3857259504805139 0.6226956524242895 0
-0.5796268643298579 -0.1462836647187791 0
0.005099163733633968 -0.3264415075926248 0
-0.02221287230109485 -0.3637518871619306 0
-0.007434317939531927 -0.6916328931029334 0
-0.2227479032069003 -0.7464256427836187 0
-0.1892236115643428 -0.7529712579275621 0
0.2344591914861162 -0.471025160664055 0
0.4322390129682692 -0.6815158878043062 0
0.3974001048165189 -0.6781729478990284 0
-0.728170013429869 0.2020045745551993 0
-0.7623417633003872 0.2067600576260566 0
-0.4080104158736337 0.6901372757355602 0
-0.4313582001686754 0.6640106207918312 0
-0.124757107763067 -0.1018050547316302 0
-0.5960309849113252 0.5708644107872487 0
-0.387233754442904 0.7159173366560848 0
0.5326060078463299 -0.5984773466848727 0
-0.2107514704650886 -0.780023962407801 0
-0.2491645459886107 -0.7723750834633148 0
-0.1765232927802819 -0.7859306457153981 0
-0.0410138886225412 -0.3221367148835889 0
-0.06810224364500106 -0.3591175028616526 0
-0.04919383401251516 -0.4009344053355291 0
-0.09427951191620418 -0.3960725128918055 0
-0.07580935972218229 -0.4369702089326424 0
-0.7423026063517996 0.234940503511947 0
-0.7051174759970833 0.2326457445648349 0
-0.01303055082058845 -0.2857513929901026 0
0.3345822235362183 -0.278748961701255 0
0.4115628186276962 -0.7099140876191776 0
0.3768691958506073 -0.7064732618346979 0
0.402854562719022 -0.6173371470770229 0
0.3234417864454725 -0.1607874315411001 0
-0.7771224467595172 0.2389395570228194 0
-0.7564515296442856 0.267060704152134 0
-0.3092969248821146 -0.4316566251301989 0
-0.4425040175994379 0.6964382173967235 0
0.4504466664706787 -0.4935311989470624 0
-0.4662744651535726 0.6711068928594248 0
-0.1788965724178145 -0.6894092831388855 0
-0.01367852272196042 -0.7551770747821471 0
0.002506944608731828 -0.7864985640259592 0
0.3906670337144196 -0.7383513039418623 0
0.3564434372007998 -0.7347049989024019 0
0.3421032455568762 -0.7028959989153067 0
0.3219212117693753 -0.7314171978969775 0
-0.1982168009634524 -0.8126490238981884 0
-0.1645689547424693 -0.8183918728067614 0
0.3362852327218983 -0.7628368471134502 0
0.301992997070897 -0.7597830888816152 0
0.3071310867531447 -0.6994870191897241 0
-0.4707150874349462 -0.4002563208600089 0
-0.08639576780336602 -0.3182449072308515 0
0.5455700346097019 -0.3098066613703742 0
0.1416563692025559 0.09349671040221202 0
0.1215007249813898 0.1413646156487109 0
0.172286637602893 0.1339058832515611 0
0.1520269173111856 0.1801486634233493 0
0.1029997076678752 0.188164885167821 0
0.2012510904509608 0.1729580823750567 0
0.1331096607915056 0.2259488236855923 0
0.0858006587348296 0.2336297538471971 0
0.1161943062780028 0.2715004109940614 0
0.06863508861111511 0.2784453654220614 0
0.1644358389656306 0.2615074152204198 0
0.2213160022561766 0.1279484797806295 0
0.2504817845981629 0.1666272005237059 0
0.2690151256522957 0.1229582366287182 0
0.4904394871213186 0.4240446503158573 0
0.6188004176923159 -0.09327272246883506 0
0.446863025678681 -0.7149913744500918 0
-0.7995357012069061 0.2052621650725145 0
0.03792255964460357 -0.7898110419977283 0
0.0169801603568235 -0.8184703715687072 0
0.0516157527894299 -0.822213869057941 0
0.6056628125192438 -0.4470515386778827 0
0.6195863581957872 -0.4804108950201191 0
0.641272672365319 -0.4521293517113624 0
0.6548998096432118 -0.4848911805718458 0
0.6760210258194871 -0.4570472031893461 0
0.6327912047938137 -0.5131222378001807 0
-0.7908710611524312 0.2709858966432069 0
-0.7704401135062786 0.2986567209655279 0
-0.01768601539902781 -0.8149054160278739 0
-0.6330648112483355 -0.2752423319690516 0
0.6430763009491735 -0.06151169779310062 0
0.6578562695474609 -0.09763354732414495 0
0.6813730731356227 -0.0674671235821189 0
0.6958588894504737 -0.1023237555744757 0
0.7187748117801567 -0.07298849436726951 0
0.7330826177570968 -0.1080948806365318 0
0.7104760397133411 -0.136693472741578 0
0.7471005932917694 -0.1426164730115995 0
0.7250279103571931 -0.1704313904495003 0
0.7556639192686716 -0.08051002303322097 0
0.7416782682634572 -0.04466250866757702 0
0.7607431722971191 -0.1754319624952943 0
0.7391726252006479 -0.2034505762695061 0
0.777701976291962 -0.05123682843425984 0
0.7642895913909318 -0.01643990131875947 0
0.7744761188577557 -0.2076947037276518 0
0.7531570995736769 -0.2359933704677792 0
0.7994405401054041 -0.02157038973086454 0
0.7864276927537233 0.01157525994102172 0
0.7960108630257072 -0.1796784674064545 0
0.7177135733278486 -0.2318120086711767 0
0.7319711630456249 -0.2644797257214322 0
0.7670670654649422 -0.2683782625591504 0
0.7461608080746944 -0.2966786810183429 0
0.8213516389865434 0.006772716666941943 0
0.8082020811434788 0.03932816099361053 0
0.7739981824484016 0.0469660736595047 0
0.7957256790416966 0.07212908010417363 0
0.8091901839518056 -0.2116014238247238 0
0.8299290971308757 0.06664768457654113 0
0.8175241652857757 0.09881914466319353 0
0.783698848841885 0.104673721035657 0
0.8052427960416499 0.1313043625761213 0
0.7713755116511254 0.1372922672623761 0
0.7927781366687168 0.1642762348098672 0
0.7585154193970715 0.1699237392225195 0
0.7802585617717731 0.1971549708789139 0
0.7462228364136851 0.2029480198477985 0
0.7673429245102821 0.2298742424517314 0
0.732947610235417 0.2356315056068716 0
0.7546060312310019 0.2628149329001626 0
0.7201793468543333 0.2686226285336163 0
0.7424651270379634 0.2959300219781552 0
0.7082505437419249 0.3019252209357154 0
0.730053464086775 0.3290818683007627 0
0.6958215825862204 0.3350367308396341 0
0.7175021651957629 0.3620579516382013 0
0.6833087592044862 0.3680440324395034 0
0.7049085529328147 0.3950440416625907 0
0.6704749841278272 0.4008874644258535 0
0.6923096086071725 0.4278424647724146 0
0.6583941027429006 0.4337854199161225 0
0.6798347551388834 0.4605320048599922 0
0.6454561072852495 0.4662062246100133 0
0.6672816696975815 0.4929984328344082 0
0.6330891747484279 0.4986294330688296 0
0.6548462650506139 0.5252705428936847 0
0.6209115379967214 0.5308690688921319 0
0.7785105309789133 0.2903174359293212 0
0.8006492262119813 0.2217411137974368 0
0.8125304643252936 -0.05758902730325952 0
0.7505487192332749 0.3554102862426354 0
0.78061771108595 -0.3004913738139503 0
0.7600135443290649 -0.3283559431565361 0
0.7310004789925231 0.4254774074699263 0
0.8270385064988729 0.1584297549240415 0
0.4760347972358331 0.46031491488323 0
0.8301064504812362 -0.1847147945800664 0
-0.4766296469100292 0.7027078867177132 0
-0.498991954892362 0.6766636314339558 0
-0.4909190676584339 0.6453977818601446 0
-0.4543398642450363 0.7285993735927409 0
-0.2237898569503126 0.2637132274018857 0
-0.4276515476607997 0.2492497623950201 0
0.09841618919316901 0.3158484387697643 0
0.05157084271360538 0.3226133740000037 0
0.1016618881513185 -0.5231197439010566 0
0.7259877103004839 -0.3249642726547275 0
0.6427137969685437 0.5572556576043549 0
0.6088964609369635 0.562859260788902 0
-0.7236239703344342 0.4993587293213063 0
-0.6289740060787925 0.06149684877035708 0
-0.120038474383852 -0.4324720727161862 0
-0.1017824816569322 -0.4724271723982709 0
-0.4773433382776319 -0.2959510855881757 0
0.5184942122928795 0.06284486649756157 0
0.6681233130768851 -0.517031931103896 0
0.6471072499818972 -0.5445092290077254 0
0.4877115441070682 -0.6589938201932882 0
-0.1775466773084624 0.2579436207966923 0
-0.1959112559597742 0.3009430913917231 0
-0.1497506151627333 0.2954170655614682 0
-0.1688712032662855 0.3374773080139229 0
-0.2135670918050374 0.3431554493116712 0
-0.1863362992351017 0.3793641539573526 0
-0.143030901183995 0.3752506599173251 0
-0.2303419113698371 0.3848256394685064 0
-0.4116344862335794 0.2096289575910104 0
-0.4541503387780259 0.2156677070277868 0
-0.4381946351892596 0.1759107497971679 0
-0.4803640119532174 0.1823543738077598 0
-0.4647052093990209 0.1425596475943506 0
-0.4960036569741481 0.2213120643821961 0
-0.03253010416852541 0.5132962596977668 0
-0.003726007618070467 -0.8463699371718905 0
-0.03711808337554291 -0.8426770593881165 0
0.09164944134945188 -0.1279171553831713 0
0.7002636697288773 0.4887927214128789 0
0.3163354311186925 -0.7907860148713486 0
0.2822023006630925 -0.7878388229470783 0
0.2677593684203269 -0.7568345911990699 0
0.2481235670095908 -0.7850088528497002 0
-0.4225008209300854 0.1358211198951089 0
-0.4484691586087176 0.1021495690457611 0
-0.4060620383543991 0.09539652607919849 0
-0.4324027833796023 0.06122789178937006 0
-0.5477908653673645 -0.2187843697420177 0
0.6966361494593261 -0.2613635687716585 0
-0.1521807662214066 -0.7538511392673687 0
-0.6434781915684161 0.359689209962257 0
0.2622311000443516 -0.8159819514062434 0
0.2285256764757285 -0.8132865479944746 0
0.2124943734810719 -0.7833495184250424 0
0.1945344525292902 -0.8110801106044869 0
0.8513589224474553 0.09324351366953244 0
0.2043891887323711 -0.3890446698623257 0
-0.1386909357348891 -0.3919940781700317 0
0.2979644646286151 0.1605584100767523 0
0.3164248259211435 0.1167787125454187 0
0.279802476853823 0.20396321922086 0
0.7474644866695292 0.1090135510613845 0
0.6599571206089339 0.3434800789977927 0
-0.058561172464387 -0.4771152025292351 0
-0.08425047048576589 -0.5120282067988006 0
0.1292608286590418 0.4839762676954842 0
0.8634951124656661 0.06186729327267287 0
0.03955224490111912 0.2413639024268581 0
0.6305205556132001 0.589015112994117 0
0.596891751787154 0.5946910070054209 0
0.5752149194430217 0.5684300713548439 0
0.5631641533157585 0.6004742042909368 0
0.5410335670026736 0.5738415320453369 0
0.5289102829416255 0.6063668506221189 0
0.551070628308561 0.6330287745621368 0
0.5159974253819349 0.6385689530874149 0
0.4926280344924356 0.6148319738704163 0
0.482739966337408 0.6454280727978319 0
0.5053047056455537 0.6714875573407897 0
0.4710168481861545 0.676325196349704 0
0.4488244106401983 0.6521041381735658 0
0.4372465233318737 0.6841800352950668 0
0.4154870443214745 0.6581613184903217 0
0.4028019137436101 0.6908071521319236 0
0.381295429726059 0.6657960342264546 0
0.3685001017200226 0.6976933431416512 0
0.3910558550765167 0.7238938018070065 0
0.3567512232775517 0.7306374852123361 0
0.333777551064936 0.7041678786694373 0
0.3223308827597032 0.737463128486574 0
0.2992050274689405 0.7110314167393846 0
0.2879705241052913 0.7443018246549686 0
0.2645647524896555 0.7179242392206974 0
0.2532817960538086 0.7512706997246623 0
0.2297265895030159 0.7247087432029043 0
0.2180524868285863 0.758306111032035 0
0.1947366395708459 0.7316173739140126 0
0.1830265321643737 0.765301075376136 0
0.1597186772827544 0.7385519598155869 0
0.1483388897966183 0.7722788469729817 0
0.1247475367847895 0.7455199188033721 0
0.1133786600671651 0.7792433022018426 0
0.2417342651769784 0.7848775963255462 0
0.08971973748659207 0.7524808497815484 0
0.07860939183216226 0.7862746944205768 0
0.3108034651048399 0.7682225334663717 0
0.4650514692250041 0.7107518889368961 0
0.170347236130284 0.7996635194922528 0
0.3106766110743981 0.6781393166517579 0
0.1018514986747899 0.812581192876095 0
0.06758538002204682 0.8194277683087829 0
0.04430657841499019 0.7934115046467589 0
0.03349781875362062 0.8264054492233788 0
0.01045627084270668 0.8016958012648582 0
-0.0006427423721921072 0.8337411137662708 0
-0.02350479995612672 0.8086938508838939 0
-0.03429282457240811 0.8406923913663912 0
-0.05707205511665363 0.81604975579427 0
-0.06819059944753587 0.8476109016113421 0
-0.0906153827289832 0.8228706726403977 0
-0.1016241144480228 0.8544293541338768 0
-0.1238400128264734 0.8298776036035391 0
0.3792259850356259 0.7566673209990153 0
-0.08029249886605813 0.7885702446679913 0
0.4287208133151095 0.6225055779700609 0
-0.1345544566704251 0.861298186017696 0
-0.1572126212493248 0.8363204705377805 0
-0.3892361403642697 0.05456397491358977 0
-0.416801627770899 0.01987103028238738 0
-0.2039726220639358 0.4198856547829327 0
-0.2469576116270162 0.4252837722760762 0
0.1711398483048378 0.7058263208590887 0
-0.1924506431920499 -0.18440592046555 0
-0.1861371080281246 -0.8448673792201999 0
-0.2193633700220337 -0.839207354213095 0
0.2092956418555698 -0.8412989531837909 0
0.1766319276621455 -0.8393520963506276 0
-0.521789052821612 0.1887113169615492 0
-0.537398339597801 0.2247614050247594 0
-0.8042265695614874 0.3026768455417463 0
-0.7841636993894476 0.3297916248215657 0
-0.8221740354406221 0.2744963994859045 0
0.7127167126439909 0.2055072480091403 0
0.02311781321518157 0.858883427632137 0
0.8430489932265257 -0.2157180845481243 0
0.3501567782035694 -0.7938756565165335 0
0.6251202564959225 0.4381652311153426 0
0.7938030004581222 -0.332308353591335 0
0.7737697317925774 -0.3594576775126638 0
-0.6634741869476222 0.5771940848326115 0
0.01954521973634435 0.770437363227074 0
-0.1526465634598479 -0.850236023632077 0
0.6184528126515387 0.6205529504550733 0
0.5987306835027644 0.5043168003328371 0
-0.1421368936556422 0.8036326003189855 0
-0.1771693164154734 0.810198421352144 0
-0.1898675972177188 0.8431472711403121 0
-0.2123728652159627 0.818286485580656 0
0.6764728273885413 0.5514492392580808 0
-0.5099201771355073 0.7086347050489732 0
-0.5318792445127632 0.6833152286383652 0
0.6628895878877857 -0.4244182877871896 0
-0.164036108417339 -0.4281736140343511 0
0.6810290685685232 -0.5484267839332047 0
0.7014697899306634 -0.5216898985777075 0
0.6611628148241482 -0.5751638446423659 0
-0.2228032598662404 0.8503280772409125 0
-0.2454133733178707 0.8257745424986587 0
-0.4918026235595968 0.1092819515550222 0
-0.1988295306087777 0.7837457065774764 0
0.6819974306663934 -0.2272684640759199 0
0.8144580451405193 -0.3045878237191491 0
0.8621563779815082 -0.1896615226824106 0
0.8506092528365327 -0.1584459323389921 0
-0.009135317366409696 0.6514685179326868 0
0.2477464918343825 0.5713994681469914 0
-0.2133743559152176 0.003991398291239218 0
-0.466712272824716 0.02855148568065626 0
-0.4456082718877963 -0.01435572162915594 0
-0.721994106989489 -0.06108087384728993 0
-0.7439461879489162 -0.09083151958638644 0
-0.7581878501002581 -0.0571636064199401 0
-0.7798402100415744 -0.08599350076194018 0
-0.7936128242270512 -0.05295042875358692 0
-0.7664050208689132 -0.1191694556016103 0
-0.8013951738899064 -0.1143193757904796 0
-0.7882322308246006 -0.14678752633345 0
-0.8226934994488531 -0.142041717607384 0
-0.8097069984128604 -0.1741888794655196 0
-0.8357754249306728 -0.1102177707149496 0
-0.7750399163864455 -0.1812656586046341 0
-0.7972315060580175 -0.206669025438011 0
-0.830865484282953 -0.2013067686079275 0
-0.8182116420668276 -0.2328492148536335 0
-0.7850970256646641 -0.2383781012355961 0
-0.8058485944307546 -0.2645558666341569 0
-0.7723981807493918 -0.2700183730279306 0
-0.7933399640281228 -0.2966828060307878 0
-0.7597452218667049 -0.3018126182789276 0
-0.780888503042763 -0.3285804988102732 0
-0.7473124933073976 -0.3336709072409711 0
-0.7686367285316482 -0.360177304734071 0
-0.7349366510004569 -0.3654563542969441 0
-0.7562660855225034 -0.3919250663030731 0
-0.7226197709276044 -0.3972287148944664 0
-0.7437092114339938 -0.4238988643820629 0
-0.7103687066379163 -0.4289958854544838 0
-0.731335196801966 -0.455561369231204 0
-0.6981156051046398 -0.4605861563002165 0
-0.7192769574589177 -0.4868220425345728 0
-0.6858823488341119 -0.4921016915534944 0
-0.66316139637865 -0.4662114470453838 0
-0.6520983591916022 -0.497983487983268 0
-0.6728305632353331 -0.5257315826234301 0
-0.6397064841537541 -0.5309342621015782 0
-0.6185169317614705 -0.5032546771109497 0
-0.6062505819478834 -0.5356880870230962 0
-0.6276269536692861 -0.5634779142810971 0
-0.5945379179316118 -0.5678302968657368 0
-0.5722222103266866 -0.5414444146835335 0
-0.5604545335806689 -0.5740926143939389 0
-0.5827132485918065 -0.6003650041589721 0
-0.5489494332893265 -0.6066740028031535 0
-0.5377770742418702 -0.5472474572605426 0
-0.5713648422776191 -0.6324906686465763 0
-0.5376054140803393 -0.6390251470673249 0
-0.515105403010697 -0.6129756317653176 0
-0.5035410280116942 -0.6457894613784222 0
-0.4808312516613742 -0.6193300039237791 0
-0.4695645273907428 -0.6522806358799165 0
-0.4920992600291043 -0.6784761536249333 0
-0.4585722114936534 -0.6849998657422881 0
-0.4820292984218602 -0.7108264064906373 0
-0.4476511541108685 -0.717336862806346 0
-0.4357281377351004 -0.6591211489454111 0
-0.6044719465921328 -0.6264165230919415 0
-0.469918069861929 -0.7427508029497802 0
-0.4370387446644006 -0.7490282292081256 0
-0.414684512361118 -0.72384071562362 0
-0.404001664421445 -0.7559262214789145 0
-0.5496622781357322 -0.5139040868615697 0
-0.5143318346220944 -0.5199288082339378 0
0.6381060564457108 0.04453466078853188 0
0.6866122698784008 0.2762800871013172 0
-0.04572010626040746 0.8726961408474377 0
-0.8266288074396198 -0.2912673040332611 0
0.04505107029579115 -0.4157942361116291 0
-0.8515460685380121 -0.2277597707651895 0
-0.02331208897443339 -0.8734593614952973 0
0.009947060231882849 -0.8772769196267629 0
0.2878184886865804 0.0796113841453962 0
0.3343891450020043 0.07369599376057839 0
0.3063052573488907 0.03648187483984246 0
0.3527044960680363 0.03142903903389836 0
0.3249239976112844 -0.006190725611034936 0
-0.05203075726725767 -0.8116427017551946 0
-0.8019440810279562 -0.3550523532418788 0
0.09045614764397347 0.8453716525216539 0
-0.7767885976622546 -0.4189979091973204 0
-0.05625852190008562 -0.8692722762881084 0
0.380330514650235 0.06806195091850471 0
0.3983280942142377 0.02653175314974256 0
-0.1825412114270944 -0.3883060965410126 0
0.3271402691652721 0.1968944963958717 0
0.308960821633471 0.2397613494645389 0
-0.7368100056523615 0.2946925140504267 0
-0.5617582799957003 0.5666231591943374 0
-0.007731896139730344 -0.02406074331410293 0
-0.2196371515547231 0.4602153576308604 0
-0.2637565673436819 0.4648025478447705 0
-0.1787947208937514 0.4549168130922898 0
0.3306080972396322 -0.8212069021512886 0
-0.3815817131398643 -0.7306120474585902 0
-0.3709716604606832 -0.7627150315196265 0
-0.3937766681452675 -0.7872961101375242 0
-0.3604949778212287 -0.7945318655460147 0
-0.8174614609505013 0.3335293784575698 0
-0.7976038005201289 0.3604268204479604 0
-0.7642539570012288 0.3568211705487808 0
-0.7776970357485338 0.3876256198677303 0
0.6601852544212419 -0.2575842902044426 0
0.4279457120997651 -0.5241544591556504 0
0.4126247112233897 -0.4889656954033792 0
0.3896730654990933 -0.5203764927462214 0
0.3738892209315418 -0.4847266806309061 0
0.3509339604938761 -0.51636636255104 0
0.1011448241298061 0.7182511400871217 0
0.1608702276548086 -0.8089498382602532 0
0.8843516302610827 0.08819704835365601 0
-0.6072254437164861 0.3544910552783834 0
-0.6301572489367844 0.3252852936303959 0
0.190576626443729 -0.8689808568417828 0
0.159398024895413 -0.8668479401719735 0
0.2377799429093313 0.692804426701387 0
0.1041698207158446 -0.2558359813165014 0
-0.2550938485667653 0.8576245679978102 0
-0.277780428839245 0.833243425598563 0
-0.5478965589199468 0.5344614923924598 0
0.6963074948463449 -0.4282425424856726 0
0.3277850680640526 -0.6703631974520521 0
0.291670958498688 -0.6668905669523273 0
0.3132656922820871 -0.6369298571324197 0
-0.4009532033552207 -0.02151930088512033 0
-0.4291305485273834 -0.05573954595157558 0
-0.471767731644443 -0.04988840637209802 0
-0.4567790462162443 -0.08982421647808277 0
-0.5835190116900023 -0.04531026109749593 0
-0.2890833292272034 0.4310486598590025 0
-0.3051636244525538 0.4697085854599314 0
-0.04198193459042113 -0.5164802202856739 0
-0.06645744104772014 -0.5504139603860013 0
-0.5933727014055212 -0.6578460413864585 0
-0.2073504878640502 -0.8703786026513554 0
-0.2411652954909455 -0.8665685616300328 0
-0.3081357940039095 0.1537848800388747 0
0.07816306241868358 0.3583160281111146 0
0.03383258396570665 0.3657433387752894 0
0.1285858642717224 0.3550545275912971 0
0.005384395511883886 0.3296285980899098 0
-0.01168061348238057 0.372717177013848 0
-0.1123599635612486 0.8860311533455469 0
0.8069180078184148 -0.3633560212593867 0
0.7873430351775034 -0.3900802461659721 0
-0.08942860215190722 0.1650187004854386 0
-0.7384610844780947 -0.2735348618789749 0
-0.2690636030769717 0.8000835891231803 0
-0.3008630737830316 0.8086626372258557 0
-0.5625651110797631 0.1946085502819452 0
-0.2005604787734852 0.8751294406020322 0
0.2234460669551068 -0.8713005962985827 0
-0.07342817476330081 0.5209026360111016 0
-0.05927631465794212 0.4823549586344361 0
0.3973199709458669 -0.4529158911584402 0
0.3579810498368808 -0.4484622796536591 0
-0.7521287997917194 -0.481782234751002 0
-0.7401706396557791 -0.5123368280174222 0
0.2268363343062702 -0.09132431346172278 0
0.6272667816173032 -0.5718412797310294 0
0.6414169081459314 -0.6020223716134093 0
-0.8565084081287467 -0.137280042272475 0
-0.5265317091765724 0.5626371308816267 0
-0.5124542184809784 0.5298885547602785 0
-0.49060836168938 0.5587738456903028 0
-0.4762713912988097 0.5252113561462074 0
-0.5931532278716298 0.3199602191600886 0
-0.6161167968995134 0.2918980037796171 0
-0.7133348076508881 -0.3378190961327961 0
-0.1266398670391513 -0.5075393338117832 0
-0.5161456006078007 -0.7036129422421187 0
-0.5754506454075133 0.5983460149836596 0
-0.6870312727205696 -0.4016469372883249 0
0.8964278099763601 0.05733935011970191 0
-0.8693303418618334 -0.1063417724010688 0
0.2764642932369134 -0.6332893866664177 0
0.2548673294905915 -0.6636597546223382 0
-0.5427015189298816 0.7146132582589028 0
-0.564269169077817 0.6897893907941245 0
-0.519100643361001 0.7446926558993198 0
0.3816487159143676 -0.4161961365177332 0
0.3413483946885376 -0.4114009014179281 0
0.2055806679570729 0.9370079570876794 0
0.1890546167081393 0.9136298444209952 0
0.2230724120229285 0.9107313967665189 0
0.7285980715300924 -0.01050871659446892 0
-0.9701195725711045 0.1548323215462658 0
-0.9531876713441467 0.1363293853923702 0
0.1593270844985399 -0.9719496646605361 0
0.1357837337479332 -0.9468284258215554 0
-0.7954419205317678 -0.5774198092956944 0
0.5183370903742387 -0.8356592470710587 0
0.5152553228423955 -0.8096768658276323 0
0.5887264498888444 0.7864516514587706 0
0.5647313703700486 0.7794160155978286 0
0.7755451276408284 0.6059251270345689 0
0.7705717533446327 0.5788900780552692 0
0.4981801649266298 0.8490580821131875 0
0.4754929676563989 0.8316925349228073 0
-0.5679961883374146 0.8029669048476833 0
-0.2239116967909507 -0.957173778034436 0
0.9567741075015945 -0.2249700983089682 0
0.5689686968960558 -0.8032881679388553 0
0.8130912799834006 0.5523269282676241 0
0.8028104216571897 0.5287701297179234 0
-0.523757638773514 -0.8326420259048821 0
0.8437122549825178 0.5006875823143169 0
0.8352174208535011 0.4771597841935427 0
0.8477014626295103 -0.4990948869530352 0
0.8164260941920873 -0.5022382286821212 0
0.9712130514812007 0.1589314315534299 0
0.9458789186032864 0.1658205245754019 0
-0.1581470747789667 0.9702909236965597 0
-0.309888784226257 0.8407979478398211 0
-0.3328074543477901 0.8164888433998808 0
-0.3234759361188652 0.7844788934594462 0
-0.3557101543598578 0.7922800297764514 0
0.3636884443128172 -0.8243671706941712 0
-0.2376099880910023 0.4985803629487711 0
0.8757294251589223 -0.2197319295288447 0
-0.5268130388531314 -0.4867645121865089 0
-0.4905732273806587 -0.493119890445787 0
-0.4788054312932491 -0.5265887008009578 0
-0.338029147420648 -0.7695943749157733 0
-0.328074070517055 -0.8016587525864894 0
-0.4590333515164121 -0.7739026673366579 0
0.8871293522778458 -0.1653607842293031 0
0.8712348544366145 -0.1322936712886561 0
0.2947643158317036 -0.6035263742887794 0
-0.1659428366388543 0.9437090338960955 0
0.2003016760243881 0.8843925283107162 0
0.2313610600813524 0.8780800779449413 0
0.1679563329259422 0.8898902547280542 0
-0.4541460745503599 0.5546805964912589 0
-0.4395006776205526 0.5204884421118183 0
0.6511810339600564 0.6154283468359062 0
-0.3500478016914392 -0.8261409800421715 0
-0.009562688515514811 -0.9037084571220954 0
0.02387703118570389 -0.9072984022926016 0
0.5143139552317501 0.4543131376760309 0
-0.6694093925296611 0.4286288395178978 0
-0.3182227590383132 -0.8332280145628204 0
0.7140955233668971 -0.5523193279873151 0
0.7340822376409943 -0.526167751456611 0
-0.3848954010294333 -0.06310656786366055 0
-0.3300991963451287 0.438912421873536 0
-0.3465930525968388 0.474866744218774 0
-0.3215682072852381 0.5073786759990359 0
0.5016348392762464 0.4893900467470961 0
-0.4912018879936274 -0.7678249141484866 0
0.2392236153485215 -0.6296102397998244 0
0.645162000842517 -0.2227556832247931 0
-0.8110218059017871 0.3897299916243845 0
-0.3649520160164706 0.8240056218869226 0
-0.3876773279533366 0.8001582561936891 0
-0.3496691238387076 0.3503025267969047 0
-0.559774403733526 -0.0138080124326339 0
-0.04034063591889323 0.3367693405175539 0
-0.744893665184335 0.3837123845034735 0
-0.7579942746280173 0.4147859093660701 0
0.3656390038540324 -0.3785284692513742 0
0.3240250305768257 -0.3753651608740105 0
-0.022502701508825 0.6878204861771303 0
-0.05983319713463792 0.6945266506802099 0
0.01668359422114902 0.677509562824918 0
-0.6258147788852575 -0.6520405407135048 0
-0.356375580412484 -0.02838472251354898 0
0.6392817826332861 0.6460156337799743 0
0.8384519378267936 -0.1275222478167885 0
-0.4984276132446749 -0.08414326576998983 0
-0.4840044244130128 -0.1231721781679326 0
0.6891873606054687 -0.391065410229832 0
-0.2077933146056309 -0.4241330147767721 0
-0.2262529118476142 -0.3843001843179261 0
-0.2009017931658767 -0.348206054905313 0
-0.4159695178020324 0.5509344952089247 0
-0.4417718983250061 -0.1300937633953903 0
-0.4691845978858331 -0.1630893295048098 0
0.673997269999779 -0.6057415514327991 0
0.6545577304094927 -0.6320317253072432 0
0.6222246751734157 -0.6286049963249148 0
-0.131091661978941 -0.824214876902195 0
0.6225245282821308 -0.2543816706761131 0
0.6397661236679594 -0.2925938990834064 0
-0.3966957447053862 0.8313973311286464 0
-0.4192185754498086 0.8079550026584488 0
0.6353560241061542 -0.6583409211563387 0
0.6031772587439921 -0.6549642929065328 0
-0.6534112512785136 0.296287466238835 0
-0.6398719622702853 0.2613733531981918 0
-0.7711437482302218 -0.5770925682290259 0
0.8587548317488045 -0.1008888927207421 0
0.8560923406218085 -0.2459591450209328 0
-0.5146170225854848 0.2613507647878676 0
-0.02536450362108302 -0.5548711002037953 0
-0.05009461153284427 -0.5878888772237157 0
-0.09024505941279927 -0.5837887342550695 0
-0.07395281717170023 -0.6202978595433635 0
-0.0005132835608079296 -0.5214849515298915 0
-0.1134839876892278 -0.616263577243681 0
-0.09712447388391665 -0.6520966411505051 0
-0.8927908690586688 -0.1383156605360231 0
-0.7725055578405249 -0.02312157219832065 0
-0.8075888201959424 -0.02029176518387751 0
-0.414189506198694 -0.4438348890712404 0
0.2615407825138088 0.2459340898047184 0
0.2910805504312788 0.2824882946543842 0
0.5522425936628099 -0.5702739968959185 0
0.0597344602662219 0.4008132458858295 0
0.8200205416651272 -0.3935682091815629 0
0.8006183576644071 -0.419937265606006 0
0.839394672211017 -0.3675414835297758 0
0.4134597183282166 0.7496380599720134 0
0.4016706508913664 0.7819390341296524 0
0.4349608843166953 0.7752557873170705 0
-0.8640839159527449 -0.1962448960105313 0
-0.8834312050656346 -0.223366424596828 0
0.2178398509377761 -0.3120111038821413 0
0.5283603271895003 0.4187361187574724 0
-0.1894856173408995 -0.4634145506294756 0
-0.2322001987470407 -0.4593147582043388 0
-0.3709182875281732 0.4439263393497198 0
0.6339420211463966 -0.1286959397689587 0
0.335505570123285 0.276699847252004 0
0.3185869916730502 0.3177640776823512 0
0.2748211345442124 0.3242927097270812 0
-0.8285395782145983 -0.04880144640592898 0
-0.8419770581069206 -0.0174616807117936 0
-0.8215605449986034 0.01104628572270634 0
-0.855630288696355 0.01508689736095257 0
-0.8353607366083566 0.04240364124593534 0
-0.8688413964366113 0.04609730574606561 0
-0.8489456644046136 0.07329107220300529 0
-0.8754916934899735 -0.01465859814337178 0
-0.8822347198699734 0.07589654962793771 0
-0.8662086997297017 0.1067219796258854 0
-0.8153227433810005 0.06977991388859997 0
-0.9017229062381067 0.04999700361272827 0
0.4251858736081051 0.06265740209509293 0
0.4428221910750144 0.02154667469209652 0
0.4164781963926716 -0.01433813799137377 0
0.4076875771540638 0.1037333809080778 0
0.4605540012255693 -0.0192411410938242 0
-0.6370771861789926 -0.6209716654233032 0
-0.8718990427093261 -0.2532328503520246 0
-0.6090975933523244 0.602233162504908 0
0.3831291623886803 -0.797482944404573 0
0.4236511716610277 0.8068148137343585 0
0.392468239996737 0.812974233988534 0
0.7133719657161866 -0.4593358495051281 0
-0.2577128102136292 0.3494264615841154 0
0.8727422385066568 0.1210187978844895 0
0.9049166661713818 0.1143439796412133 0
0.2050346616205738 -0.8981322247283249 0
0.2341153027320858 0.6082208803704334 0
0.1957436061813153 0.6153967427214644 0
0.2725598085896604 0.6017041762092871 0
-0.253970228440013 -0.8376339002667674 0
0.8759911222869891 0.03115107775834964 0
0.9085514037677536 0.02680516059820966 0
0.8885381989565369 0.001017044291955114 0
0.9206340134791395 -0.003426078718656703 0
0.8961815217780287 -0.02809511906222297 0
0.07264517110456165 -0.7943359417359037 0
0.0860653756314847 -0.8261211980712311 0
0.06508401276451001 -0.8537743438143 0
0.4628795862001697 0.49620235292374 0
0.4896045276845267 0.5234080836863192 0
0.4502395284219772 0.5310693662190982 0
-0.5474757901287123 0.1568175220280205 0
-0.035703738659475 0.7232029044306675 0
0.299532023765074 -0.4075896754783916 0
-0.1300060868134919 -0.5800384070139285 0
0.7692952895913789 -0.4159480544539954 0
0.7819042554790917 -0.4461026435286631 0
-0.9164010305525714 0.07586437532778273 0
0.1242734069519074 0.8388825077333761 0
0.1125950517934095 0.8708190197361235 0
0.07997941418204993 0.8771636808502103 0
-0.4114663405251575 -0.2583699727704967 0
0.8948853268479221 0.149843689587822 0
0.6070912010782634 0.6514748359601708 0
-0.2062262587652403 -0.937862250321426 0
0.1095282586748528 -0.4543724695825129 0
0.6669910277706732 -0.02995220797322446 0
-0.7724442009847255 -0.5072331670390151 0
-0.7842219386555237 -0.4772560037052588 0
0.3444380630795912 -0.850883433723015 0
0.3122783893327686 -0.848324083138988 0
0.3670702424296684 -0.5503030189184295 0
-0.3400401019719901 -0.8571615752976807 0
-0.3090247085194761 -0.8637061787708271 0
-0.6790937082910102 0.3660650332974688 0
-0.01633164351447672 0.1136290429439097 0
0.6503798414476225 -0.3907011510833342 0
0.6717152362877069 -0.3594484144350267 0
0.2106415113068063 0.8536288417671651 0
0.2423409248942924 0.8474406374513817 0
0.2632739079721474 0.8714166423106868 0
0.2743562379380118 0.8414274805681936 0
0.2952986981314922 0.8661482572282609 0
0.3053861548830537 0.8364781066543073 0
0.3270477309581452 0.8605117977529689 0
-0.4102441082530092 0.777013600224876 0
-0.4418487574091106 0.7846799879159858 0
-0.5752968591242877 0.0225634601614977 0
0.8943214988088586 -0.2484616667759996 0
0.8697618477145532 -0.2759208465303484 0
-0.1094539282663937 0.2096779778950393 0
-0.05982669582501508 0.2046787448100534 0
0.6277012331311644 0.6764402604593436 0
0.5937889853954191 0.6795175826834648 0
0.3962572542975765 -0.8274636821788258 0
0.4153433495718495 -0.8012821076925133 0
-0.5885960757439898 0.1623247445437499 0
-0.5747430308856993 0.1248320422098242 0
-0.05612349370022796 0.3770070760549847 0
0.9357501272821089 -0.2081351821569518 0
-0.5623278640033811 -0.4799803712653003 0
0.6164503644281853 -0.6841651978603261 0
0.5842772281928167 -0.6812635467477794 0
0.2787335210602963 -0.001670349541857884 0
0.2972197560050016 -0.04218710658566766 0
0.3438340213104104 -0.04850337951169127 0
-0.5746552321277966 0.7207819443087395 0
-0.596069716752277 0.6962015126143478 0
-0.5858400193890619 0.6653447505196133 0
-0.617151167022103 0.6734525613770561 0
-0.6146931098135465 -0.6827404633427125 0
-0.5827740054652923 -0.6887738170847961 0
0.5514715053563162 0.4488674120994207 0
0.5665492053885757 0.4131913477008364 0
0.6886432504692847 -0.1660151209887033 0
0.2822472807719169 -0.3689082128426776 0
-0.3920597965916245 -0.698208167414607 0
-0.3587212560337095 -0.7048810230295081 0
-0.3693038266167074 -0.6717022711388086 0
-0.07965312290977686 0.2523338360188368 0
-0.8164043305972988 0.548846712509565 0
0.2422848512749375 0.9517724197215341 0
0.5533795794016891 0.5411982763520067 0
-0.01837161992726998 0.4770052121319339 0
-0.1020184104624823 0.4881875496771704 0
0.5705663005649562 -0.652707499320305 0
0.5516061308085511 -0.6784093599862382 0
-0.1198466466097565 -0.8560434828083932 0
-0.1409136886074255 -0.8814796294357193 0
0.4532273136393197 0.09953485232226683 0
0.2180041672420518 -0.6605756116873781 0
0.2341406187855292 -0.693909504617246 0
0.19700595267221 -0.691176773429107 0
0.8918452445162027 -0.1062535308907997 0
-0.6577897501582625 -0.6456187145764356 0
-0.6690264557936152 -0.6158351407475839 0
-0.1507301437977431 -0.6115293285964092 0
0.2370729274921456 -0.9004194950429494 0
0.2569630490138987 -0.8734996294897499 0
-0.1083531654419368 -0.8873340750428745 0
0.03039350602844539 0.6413602068543348 0
0.6367600656211154 -0.3580806092402061 0
0.2863853799753462 0.5652517838657244 0
0.3108532758691469 0.5953675801434932 0
-0.03510491226951609 -0.6242050560773357 0
-0.3622255200877922 0.08877058076585337 0
-0.3446139166321223 0.04771807971447199 0
-0.6017664684955409 0.1998369878893175 0
0.746306181873341 -0.5557411258492913 0
0.7262689582830106 -0.5820969412918502 0
0.766212527820638 -0.529376149861345 0
0.7510341864266411 -0.5002718213208456 0
0.8685151881361649 -0.0212993618247056 0
-0.5397084901538776 0.7934903124625876 0
-0.1491026874851351 0.8949035010405126 0
-0.1227006894111875 0.9171260122767094 0
-0.09108871623639647 0.910501690423363 0
-0.4493681208947866 0.8154648653199322 0
-0.4709376948429373 0.7906873709873847 0
0.4202513840730487 -0.422038842846321 0
-0.5770243846852481 0.2872542232249823 0
-0.5561407356416057 0.3149413730957111 0
0.0665085331748107 0.7258384742643758 0
0.07712772272208428 0.6907098535463463 0
0.113525649839612 0.6834798779172414 0
0.3020494073349315 0.356967761049625 0
0.5653102435473658 -0.70712219445594 0
0.5327116458959422 -0.704862226555157 0
-0.4620120665181819 0.4916440021631633 0
0.8149291579930972 -0.4492767390335983 0
0.09847281888260725 -0.8577903261628924 0
0.07875833444251301 -0.8844129750533918 0
0.6073262198261808 -0.21912073280424 0
-0.08667247411531752 0.4499261436594759 0
-0.07269445664458579 0.7287476482355297 0
-0.09675040416522662 0.7016633221200768 0
-0.1091912756246762 0.735235475680148 0
-0.3715720163371063 -0.8506205285522691 0
0.6714460816365082 0.640932075291255 0
0.6841611589046386 0.6096554051584548 0
0.1112128140311423 -0.8885375360366374 0
0.09251948538330432 -0.9123918628958988 0
-0.2142675313290741 -0.4955035326256942 0
-0.5368173492063244 0.01955451837378385 0
-0.5504886503021305 0.0540104605901678 0
-0.4307334788678132 0.5830706240943357 0
-0.3168551580706874 0.08213370386332206 0
-0.2983495529596485 0.03983845863216887 0
-0.4804476716351547 -0.7984843180580012 0
-0.4488754612006351 -0.8045037458390688 0
0.5469940291042725 -0.7317756311952751 0
0.5144754591550101 -0.730875107636936 0
-0.4546590241580068 -0.5003041227888578 0
0.3336858382071106 0.8298131341694335 0
0.3566075013573387 0.8530934659119623 0
-0.4019008608658097 0.515762382277753 0
-0.3759696564275397 0.5480716293656342 0
0.5858015957597714 -0.2502084807457945 0
0.3298438570318697 -0.6074182622307114 0
-0.3461039795651386 0.7609889277616397 0
-0.3133884037314732 0.7521805974618346 0
-0.3062978890720141 -0.7759049837843999 0
-0.3155038535689008 -0.7442550782165058 0
-0.2713619635898195 0.07600290929782198 0
0.3605940728560118 0.310766635493047 0
-0.5351256781945751 -0.4534940233446604 0
-0.570522936282358 -0.4465938338829217 0
0.3259066383497167 -0.8766216262151989 0
0.2848625020836847 0.8943489006343022 0
-0.9022446742070659 -0.1029145513301188 0
-0.8823056747103888 -0.07619058162504887 0
-0.9188148160522834 -0.07093618949653824 0
0.3282092889441582 -0.548059078121684 0
0.3119741425016005 -0.5124387545571654 0
-0.901423099501923 -0.2501904581935139 0
-0.8907351103048515 -0.278691254468344 0
-0.4431777153950602 -0.5343906035346371 0
-0.49221284946737 -0.5865539436528138 0
-0.4583426962613784 -0.5930279898231732 0
-0.7333646302102834 0.3499028810792414 0
-0.4277599483407562 -0.1696110394334351 0
-0.4013892382764998 -0.1369596225780731 0
-0.4542586077209229 -0.2011681857881135 0
-0.5091432986855154 -0.1557175088922737 0
0.1068274742592811 -0.7996163982050482 0
0.9476442096511013 -0.0802640292130824 0
-0.0778166278759289 -0.9512197181276505 0
-0.8481516365212312 0.4388975299996981 0
-0.8187673206024797 0.4406503821544245 0
-0.8122436102356994 0.4723994134837436 0
0.07871667714362557 0.9549568759636348 0
-0.1153393368777734 0.5281762880623361 0
-0.7251769931120473 0.4095341212453419 0
-0.7381857984073936 0.4413406572079842 0
0.002708738368511043 -0.9325329719687985 0
0.03726134752371317 -0.9339453251532529 0
-0.02930730441326982 -0.9280288334199602 0
0.900236152317168 -0.2806182678780774 0
0.8813535037429356 -0.3018725680677651 0
-0.627872410874168 0.7022158066588836 0
0.9280534335628128 0.05280934516962389 0
-0.2436139385449278 -0.3452727448625517 0
-0.2177170112852118 -0.3087961446270889 0
-0.1747576962984045 -0.3114746674646818 0
-0.1934008979163725 -0.2703214115647893 0
-0.147554998418086 -0.2743961762722749 0
0.2134804087778073 -0.7237273011515307 0
0.1758153657951894 -0.7211589378690315 0
0.3111227349859356 -0.08570531599411592 0
0.3628495343230146 -0.08795546766285224 0
-0.3530702496524169 0.1611065111693788 0
-0.534106742085435 0.5013902381829043 0
-0.6879895599015144 -0.6403971239750514 0
-0.7029467400226231 -0.6105087978024895 0
-0.6806903170809206 -0.5858325364901984 0
-0.7121205196324755 -0.5766663255611093 0
0.5337843617377297 -0.7615696672218111 0
0.4938913903324256 -0.759871909532841 0
-0.5240114687944496 -0.8081560134046223 0
-0.600718001542083 -0.7128520413421663 0
0.7188617630863755 -0.4015005436170425 0
-0.5705125131686017 -0.7180319279161858 0
-0.9547810031367802 0.1065901754556473 0
0.4330146476124092 -0.0537967743011636 0
0.4284890972534726 -0.8292870000057675 0
0.4455311179403166 -0.8043767455336903 0
0.4356572816741636 -0.7731211281841406 0
-0.4726699652943646 -0.4652955254014587 0
0.1021778893383009 0.9010621866219661 0
0.2901388659664963 -0.5434273581646165 0
0.8796854884951467 -0.07555035201808881 0
-0.02311378250977015 0.291279696871814 0
0.2692938503708449 -0.9032395745761665 0
-0.3733749394238572 0.8541396832185697 0
-0.5053326977016428 0.5909714381487025 0
0.5413434956749179 -0.6526233657086573 0
-0.8928538024542987 -0.1942912807936407 0
0.4752136808303919 0.5586583501919222 0
0.4367534822100702 0.5647613689810833 0
0.4135657801361707 0.5367637390194768 0
0.3986847724867422 0.5672315889498906 0
0.9253426730571108 -0.03427209167761887 0
0.569707717506815 -0.6003461450065819 0
-0.9336090995867248 0.04997831214964216 0
-0.9208459976328796 0.0192791694382997 0
-0.1010215936168783 0.9382442746708841 0
-0.07033060371307108 0.9323416212710842 0
0.259540033841739 0.634583456642582 0
0.6860544223066718 -0.6349664643381512 0
0.0697287800110282 0.9085556241111794 0
0.2584804948598493 0.364200328521449 0
0.2309989437673393 0.3306967316781179 0
0.2148135424739623 0.3714795372155629 0
-0.08495659704070646 0.339357502844956 0
0.2853356880734348 0.8107372659867212 0
-0.2298610050072537 -0.8975302978031015 0
-0.2602826759030994 -0.8906301235954952 0
0.6286031536620488 -0.1914669877017935 0
0.4132266180914154 0.8351905738187396 0
-0.6481638845017486 0.6775525655455634 0
-0.6363762658176455 0.651691192373463 0
-0.669465716093483 0.6540751137137006 0
-0.1294690474639438 -0.9116819941506084 0
-0.1619888318606451 -0.904200687779938 0
-0.750502757738664 -0.5997614859935607 0
-0.3442475818475482 -0.07170710742032643 0
0.8493694769571816 -0.3960253521795837 0
0.568132457886308 -0.215496732102527 0
0.1071277880356892 -0.9563615718568843 0
0.5005340843375418 -0.6994816369002452 0
0.3058267281359179 -0.3380090328556428 0
-0.09932876709000746 -0.831738391755922 0
-0.1063574083669485 -0.7978349327540332 0
0.1871217267928365 0.3376516252166937 0
-0.3142236224436494 0.4021135191049169 0
-0.5147149853028692 0.8088498482493747 0
-0.9374655408015348 -0.2100632982322898 0
-0.5697809415978762 -0.7755328341471486 0
0.4903283158856272 -0.8223527863951288 0
0.538328465398993 0.7927431795958954 0
0.5355950676021877 0.7644193507319512 0
0.5608996846636598 0.7464657090254435 0
0.5123892315280669 0.7818421337416186 0
0.5321256960524118 0.7331392136085499 0
0.5575057989019743 0.7156709400833453 0
0.5857420716855111 0.729160023724047 0
0.9286544410933657 -0.2370407102313639 0
-0.6557127614166467 0.6290415970072329 0
-0.6914615802923488 0.6306519754418667 0
-0.2674564962430963 -0.3796311293077957 0
-0.2889804893889675 -0.3450663625411641 0
0.2495507163398465 -0.03923372396457366 0
0.9413748457917884 -0.1822025868241834 0
0.9376926601599107 0.1945783026698885 0
-0.1820679876011142 -0.9434570242489063 0
-0.19377816409238 0.9376355148950274 0
-0.3393917967285891 0.7332197830675795 0
0.08932029792398077 0.655813566624054 0
0.1255451323686304 0.6477018599324105 0
0.1608083030441762 -0.6861918108352685 0
0.1394596447732268 -0.716436470531307 0
0.1564479119539219 -0.7503361031212578 0
-0.5141614294614366 0.7797216580998203 0
0.1993385714137507 -0.6296138127542638 0
-0.5096502180000424 0.05170236828466722 0
0.3740113429210986 0.2738737731670386 0
-0.9260576182438203 0.1196878209402611 0
-0.9219644646399009 0.1489542507482015 0
-0.9473516286153949 -0.1531838190938756 0
0.152128075867193 0.9468124543176223 0
0.4880636530706933 0.02058451716653182 0
0.01288213058814356 -0.5595016173953444 0
0.0373563997345622 -0.5259684646966594 0
0.02436081240298305 -0.4879071404981909 0
-0.7690882038819057 0.4452325595978937 0
-0.6278060267248604 0.1687970787825122 0
-0.6409847725035446 0.2056507213290654 0
0.9524294133511469 -0.008327484354159446 0
0.2194354809594386 -0.6004017119797737 0
-0.02754810094199189 0.4120706908644461 0
0.5495684000084636 -0.2429935765360652 0
-0.143486310263314 0.4957639149098644 0
-0.8949177207056641 0.129900026989079 0
-0.8919737719117756 0.1611839934235896 0
-0.9176400012588697 0.180586806189037 0
-0.8880413347508892 0.1931766371406184 0
-0.8622175792047908 0.1733382361766589 0
-0.858315800373084 0.2053749876596177 0
-0.8840926102964489 0.2253042383868911 0
-0.8567019744338485 0.2380673865922537 0
-0.8809579232289808 0.2573981726360648 0
-0.9089521083259714 0.2446227306865386 0
-0.9083988107640329 0.2798348439293541 0
-0.8762447551807173 0.2891537990435596 0
0.8253339960828341 -0.09460624499667705 0
0.8045731979925317 -0.1224074527304823 0
0.06624237498289345 -0.4928152840920237 0
0.3480789965352977 0.8881552039090298 0
-0.3369518477273515 -0.6789907184276661 0
-0.3464392695875483 -0.6443588095986624 0
-0.3807067958308545 -0.6381596826761452 0
-0.3517902355754728 -0.6044024688153268 0
-0.3931565951454509 -0.6030512335667518 0
-0.4700011604286448 -0.8286521407205432 0
-0.4384265214343468 -0.832819705449854 0
-0.04889387318102976 0.7587598457609173 0
-0.3180015091690641 -0.03683540322581064 0
0.6566623050234288 -0.3255040948171636 0
0.2209262776092715 0.8224880680226281 0
-0.1678178676452396 -0.2309004480621023 0
-0.1202929823274525 -0.235383616954976 0
-0.922028820146624 -0.160497205341821 0
-0.370549886950973 0.3868485244334194 0
-0.2818490467805324 -0.7515184026832995 0
0.4359778154500508 0.1393249331022891 0
0.3911339159502601 0.1454412526321444 0
0.4202703325184579 0.1808322041264254 0
-0.5443205449757009 -0.05053803853152621 0
-0.5707830793840962 -0.08056122397212552 0
-0.1747885929364698 0.9169876040801623 0
-0.6844243278104315 0.2674910973783229 0
-0.6904331806412574 0.3058311063395925 0
0.2557675908726719 -0.4021183369541978 0
-0.8318504311922482 0.1863017154578399 0
-0.8365170847996316 0.153905083983829 0
0.2772385471273319 -0.5095356584831034 0
0.2972377238600315 -0.4775828927905704 0
0.9170244093642923 0.1738659006075503 0
0.9108912358786654 0.2066981354769468 0
0.8872440803926596 0.1845822252687749 0
0.881455701321361 0.2176862535888013 0
0.90996684256423 0.2402641624179318 0
0.8768230255099854 0.2498276899758045 0
0.8991719925249708 0.2710072557973268 0
0.8707705349823179 0.2815802582458093 0
0.8468068517503977 0.2610833938752912 0
0.8407768948357831 0.292723044057888 0
0.8658538272225282 0.3131966134700879 0
0.8357631538883077 0.3247012148988861 0
0.8598720341953023 0.3448121686323219 0
0.8306844762805167 0.3564948766375263 0
0.8546343895863947 0.3764852494045495 0
0.8257497384854553 0.3881387842046846 0
0.8071963715645494 0.3365852566161735 0
0.8582308546838002 0.1981272277900609 0
0.8907522635652001 0.3333726209249545 0
0.8154253263339369 0.2720657398071812 0
-0.2919786851837498 -0.7236611261305248 0
-0.408392190376874 -0.2082569821024954 0
-0.3660610153257529 -0.8827019331076196 0
-0.0980352736318887 -0.9227358756169085 0
-0.6620073521109058 0.174125219996264 0
-0.6177488127812444 0.1291211521697661 0
0.4557668592399838 0.8007908942231978 0
0.4659305367322474 0.7717858044712643 0
0.4526471470743402 0.214719017786537 0
0.404145173749371 0.2213051928655374 0
0.8545379051198878 0.4091836008289428 0
0.8211417488539063 0.4180843648031633 0
0.7960576936203486 0.3996860521050017 0
0.791259832327211 0.4312689571320146 0
-0.8089579706771303 -0.5036340217144416 0
-0.8163747458771033 -0.4721863865532939 0
0.7477029941358596 -0.4433488648256869 0
0.9144110620171275 -0.1880795487496861 0
0.9207474502246661 -0.1604989789574311 0
0.490265743993398 -0.7943730131969726 0
0.9121241329941919 -0.08046275628586089 0
-0.2319138841279981 -0.9289686467654451 0
-0.2140499129853363 -0.2320746069781008 0
-0.7616678162346134 -0.5426233068304959 0
-0.7264308615694469 -0.5449750012502924 0
0.8355409693597504 -0.2740999586817824 0
0.17053080249608 0.382112670371167 0
0.1296151624323678 0.4034574931149553 0
0.1652405088196581 0.4246291558808261 0
-0.9499525311598975 -0.08187835723030097 0
0.4782815788577874 -0.05947493576050056 0
0.7650170511860118 0.4116110824640694 0
0.7607030085277723 0.4437285664837963 0
0.7860050046473972 0.4619971726293617 0
0.758237302599529 0.4759450767620433 0
0.5890383232448314 -0.5721881212414411 0
0.5745193686061236 -0.5395486006356526 0
-0.7467499159083912 0.4724847393402453 0
-0.2063062662736102 0.9073448863488348 0
-0.2541760034838654 -0.4945248154351642 0
0.6199997683644582 -0.3256422474573091 0
0.6037077490626027 -0.2881045988120105 0
0.291269968286991 -0.8748354706273895 0
-0.8958843772788001 -0.04364910320160491 0
-0.927247411306626 -0.03778450288960921 0
-0.4052549273670981 0.8632632107226088 0
-0.01899104375677802 -0.9580020373476198 0
-0.8013855165061792 0.5236752035746708 0
-0.7802789894829802 0.5060608129210687 0
0.2514404727061998 0.9289309781946504 0
0.7843834228027406 0.4971052287014076 0
0.7515611207683759 0.5080124651598017 0
0.6139692428769254 0.7071108183950922 0
0.6455320317108973 0.7012247301365566 0
-0.3138255973261549 -0.3874164850844891 0
-0.602086611815988 0.092869446602206 0
-0.3162765005635272 -0.6209685985392582 0
-0.1692615253321669 -0.5760566441971673 0
0.5836435196490027 -0.3277500194549078 0
0.8733942772360406 -0.3745862691937178 0
0.8589011944083668 -0.3491247380417663 0
0.6763572345170595 -0.2921386927826149 0
-0.5494512309746757 -0.6954634783393724 0
0.32619989591174 0.559205637502129 0
0.3471496161272526 0.5891010930804988 0
0.3349948748857687 0.622682525179363 0
0.3693426428966828 0.6140785063109718 0
0.7991534932100883 -0.4757109599670379 0
0.8614427942734484 0.1608364023189123 0
0.798019591115648 -0.5279717410897045 0
-0.8052174322149732 0.1654997567397851 0
-0.8101772861009355 0.1274798993272962 0
-0.7824987453056867 0.1111203925524813 0
-0.1350186716577069 0.7078325314890404 0
-0.147006333019791 0.7422024362869799 0
-0.1206455040486087 0.771110191533554 0
-0.1397302135046798 -0.1924335744903163 0
-0.09061138266879643 -0.1970019245902246 0
-0.07345414850702588 -0.2399744604158638 0
-0.04346461551997606 -0.2007512685017916 0
-0.06141991348618261 -0.1569078495637445 0
-0.01520783039587075 -0.1619217029825793 0
0.001244532806193849 -0.2076645452206464 0
-0.03092825610698491 -0.114546913735745 0
0.01732662643474761 -0.1195319323651011 0
0.2644458509873796 -0.3293816623884739 0
0.2951970535057943 -0.2977491884367379 0
0.0582662881816575 -0.909946465556432 0
0.07667469055639163 -0.9442000133012407 0
0.3753693084952333 0.1884768779064751 0
0.6502081707030652 -0.6895857737550867 0
0.5253780287360973 0.6972840888086368 0
0.5593606310243905 0.6848792907524381 0
0.5001139883797272 0.7213624583528808 0
0.4128492563850374 -0.8581304589815011 0
-0.9292009858129956 -0.1269282458941049 0
-0.1699298819823948 -0.5024200762680336 0
-0.1972111048003346 -0.5360249794719725 0
0.7051775537417263 -0.6083775462578443 0
-0.1964138214588095 -0.901058256231079 0
0.22206596520428 -0.9293769426121067 0
0.187653974316618 -0.9248072160711374 0
0.04434902799620084 -0.880607977556723 0
0.1185064001728148 -0.7467660634016318 0
0.8899134861390786 -0.3469286242561749 0
0.1247876850281787 -0.9181910228220562 0
-0.06248555497859958 -0.924111325697306 0
0.652532328153781 0.007785919787083778 0
0.6766277307172361 0.03879648149038456 0
0.662435717576907 0.07461051040686316 0
0.6993352559684054 0.06846103328313698 0
0.6854799499840105 0.103868640950635 0
0.7141051939970448 0.02996588236316079 0
0.7374966712999018 0.063066471123853 0
0.4601120186292096 0.5948874466978424 0
-0.8763707700465653 -0.1647683337183533 0
0.1351584780055073 0.8953622942016439 0
0.1976900570363337 0.2963975651307892 0
0.7910576309550086 -0.08725760661937289 0
-0.3710586618367263 -0.5770815529632904 0
-0.4017495201844685 -0.5724214925475796 0
0.8802748773558648 0.3905347106547836 0
-0.6932161919853612 -0.5520497823355566 0
0.1487406637562825 0.3063266638205043 0
0.2111821033553736 0.2510814731955348 0
0.0465739627181615 0.8837645263266112 0
0.03617375861301104 0.9150129581246764 0
-0.4844048206662525 0.8231399896108837 0
-0.2740369564788188 -0.4563028391644819 0
-0.5860197405400185 0.6330271247461424 0
-0.5525103885517415 0.6258988429632959 0
-0.7965965773837068 -0.4459970965911652 0
-0.8277745654578468 -0.4406267681405031 0
-0.8192886487398495 0.5017313419556042 0
0.8454742329568617 -0.06724738386378921 0
-0.6347092570766117 -0.7094710832820444 0
0.9253242434371196 0.1393327822153411 0
0.9349702247175662 0.1104910155530125 0
-0.538272578693483 -0.7283256218109615 0
-0.5036746062751098 -0.7366963752014566 0
-0.5229738493096665 -0.7591919762111173 0
0.5437995930068458 0.3808767210706444 0
0.5827148401869388 0.3744978714003395 0
-0.05785548340451963 0.9035682947832562 0
-0.04036577385068937 0.9265505540464788 0
0.03681770015728372 0.1078817404605294 0
0.01667249358390368 0.162368628808563 0
-0.4302247548175284 -0.4059246124120622 0
-0.8593375310215243 -0.2850655063965793 0
-0.8793334008173682 -0.3096876951382201 0
-0.7932757264043221 -0.5315153322864332 0
-0.8433715127121204 -0.1693051062803651 0
0.2769616899896685 -0.8459045463309628 0
0.4253460997585239 -0.7416664518618458 0
0.4593350478482991 -0.7457963340160612 0
0.7121605234307169 0.4580782606240036 0
0.4444617560950341 0.8313985876869364 0
0.6881909889327578 0.5202556947786948 0
0.7090418223644139 0.5465592589493 0
0.6971448097284024 0.5774447085080916 0
0.7357316364298629 0.5712970105995422 0
0.7184432119772173 0.6016155753489463 0
0.7416991081832247 0.5380422196358283 0
0.7091954562986853 0.6334537614351663 0
-0.01115329188199865 0.865797274230528 0
0.01199373101961873 0.8909850679077183 0
0.005979051334576832 0.9222957040091115 0
0.03133431121543369 0.9493652255605955 0
-0.02093348602302669 0.8977303364331719 0
-0.0008569686687315368 0.9544374066221466 0
0.3158796445665733 0.8909570134396892 0
0.4675138184948897 -0.6879839971730399 0
0.1616656876455488 0.04539500912731921 0
0.2121812190916642 0.04304213975805081 0
-0.7894470773338358 -0.3866655949652928 0
-0.8223995380062048 -0.3811220229257431 0
-0.8344087144284497 -0.3504822910986008 0
-0.8539326309412109 -0.3751040631720325 0
-0.8414350620118081 -0.4064499474495579 0
-0.8660474667884369 -0.3447357816073598 0
-0.8466108611409875 -0.3175492558454908 0
-0.8090735696426093 -0.4133098898782637 0
-0.8596361051163861 -0.4322928565549511 0
-0.8857158122604246 -0.3682157242978155 0
0.9379095487520225 0.02111649541409058 0
-0.6477512563496315 -0.239817892369255 0
-0.6706442198819079 -0.2704885391655505 0
-0.6559608974797519 -0.3049355381558675 0
-0.6914622726998779 -0.3029743884581859 0
-0.6856233458347798 -0.234457807756534 0
-0.7000629882334773 -0.2000091133965522 0
-0.7223406013538105 -0.229847428379937 0
-0.7385843047439931 -0.1903253978364066 0
-0.7154162897804467 -0.1612144135656714 0
0.7617671367785901 0.3228470264911326 0
-0.1549888298593528 -0.1428248530164021 0
-0.3972548591908402 -0.4812972424847564 0
-0.1817871714364455 0.04412116489160898 0
0.3633590884209693 0.5599214767539833 0
-0.1685873325515704 0.8669980004804509 0
-0.003982165553508969 -0.4068900128032127 0
0.2531354672542737 -0.2748303613205183 0
0.6671922605421621 -0.6620225781667515 0
0.1360506759382531 0.8060263901013994 0
0.1574310742765213 0.833171779038038 0
0.0163021417462856 0.4059780017027814 0
0.04123691292478862 0.4377502632310656 0
0.08921899489370845 0.4296443002167477 0
-0.7043438197159462 0.4374758088977466 0
0.345065049424962 0.152997087689783 0
0.3621376476620076 0.236081410296446 0
-0.1328971817734804 0.9474112626798006 0
-0.8088943854987294 0.243218606181398 0
0.4719675978374814 0.06133718698320593 0
0.1916861993131837 0.08816249357491196 0
-0.8419297017330504 0.303455994921553 0
-0.8503564415340303 0.3374355606223162 0
0.8312952171829513 -0.4220434568812321 0
-0.4209920180583219 0.7219855373078402 0
0.8112267805613513 0.1895527104200208 0
0.663997281529121 0.6744779528460457 0
-0.7410446079287235 0.07554975722815321 0
-0.7643511366595939 0.04202926363026156 0
-0.7508786297641865 0.007659964578800498 0
-0.7142579783963674 0.004666450208224851 0
-0.6997729728982082 -0.03016388445194188 0
-0.526642533924418 -0.6710583512932522 0
0.2983480681865386 0.6274557381482238 0
-0.5537133932506411 0.7454274294401106 0
-0.5801964428556114 0.7472623915591832 0
-0.6057736854069865 0.731279875321551 0
-0.2324662450132197 0.8821297027164727 0
-0.2642268931215587 0.8890684495389989 0
-0.2409252024268113 0.9116871582071466 0
-0.2870145947499704 0.8648798078909157 0
-0.3199933550855004 0.870860523022698 0
-0.2966370227854715 0.8936294683683881 0
-0.3423763550588547 0.847557671398375 0
-0.3535774581490675 0.8809931304060746 0
-0.2010574189098723 0.6858386293053917 0
-0.1742297714525124 0.7145019541432519 0
-0.212512985857283 0.7212106702954277 0
-0.1851757701349274 0.749307479569282 0
-0.5885345017126531 -0.3813384048652372 0
-0.6262205800555173 -0.3762471790005026 0
-0.6127278039586086 -0.4105027170129081 0
-0.6500259100917691 -0.405833817558731 0
-0.663580441216612 -0.3716605032410276 0
-0.6398845941962586 -0.4390734581614837 0
-0.8305094795230512 0.3636920221618252 0
-0.8603853883793602 0.366083050124802 0
-0.8799011365951488 0.3432001275324599 0
-0.8435895368621202 0.3931732455092714 0
0.3774300329385685 -0.8536582900139491 0
0.5063115613226532 -0.01640615769470501 0
-0.7936626771738485 0.4201260703115089 0
-0.2865854048889596 -0.8388528782767813 0
0.03070833442012944 -0.8497855697993875 0
-0.4875837623956775 0.7346561413385333 0
-0.5107549920588076 -0.3935506531799546 0
-0.4977373386178421 -0.4321761893336875 0
-0.2796727997034257 0.502865164633703 0
-0.25484298201824 0.5345871952334382 0
-0.21035029468427 0.5310909014528595 0
-0.2282958886186374 0.5610224752333139 0
-0.2957373220680438 0.5387951536338407 0
-0.3358961653278948 0.5446955616576126 0
-0.3076008765128472 0.5739991777905771 0
-0.3448123243636143 0.5796471773492999 0
-0.3885241583593215 0.5837070505266801 0
0.6491387760802716 0.1102709993315014 0
0.6730765796630203 0.139604110960668 0
0.7104115513627659 0.1336634435076822 0
0.6930623706376001 0.1730476819147991 0
0.6564298621523406 0.180623782069971 0
-0.4267150770140733 0.8400113397382301 0
-0.4632996425759424 0.7589281757454494 0
0.7884606346543012 -0.2395841481295791 0
0.8015054149177119 -0.2715577796082052 0
0.8487290667084927 -0.3022459160262023 0
-0.05918785733766498 -0.6557658904411811 0
-0.08174188421105186 -0.6872646214453972 0
-0.1182435061534821 -0.6826895049026926 0
-0.1034871721525227 -0.7159814761002152 0
-0.06705826261080503 -0.7212081827432893 0
-0.0885864768505185 -0.7517753347780718 0
-0.1424554008469038 -0.7118913525565111 0
-0.05119214220477001 -0.7533258332637214 0
-0.6459026599217943 -0.6763523001506357 0
-0.332732398441901 -0.8882618658770203 0
-0.2995591472381854 -0.8949286889327096 0
-0.3013784876553879 -0.1157367082510618 0
0.3808812966995436 -0.2846280944538667 0
0.3592157758591753 -0.3187163670611212 0
0.404095385388345 -0.3219320172298872 0
0.4259340031918187 -0.2882565766026989 0
0.003602969536667451 0.7123688529672109 0
-0.32787991516337 -0.1542612000050484 0
-0.2403717360058734 -0.03883301444813671 0
0.5398117759197694 0.4827945458857553 0
-0.2379087705968162 0.6926860326084209 0
-0.2516572778988216 0.7268791084015173 0
-0.224503147563428 0.7560991874062994 0
-0.2598247761366834 0.7642748343147034 0
-0.6476306536489379 0.4555134027406408 0
0.4260586253667217 0.7170107147428957 0
0.2209660508938661 0.6430659876781291 0
0.1833198410943947 0.6519135372797273 0
0.1576650898449983 0.6232003315339311 0
0.1951628995025967 -0.7525936450164803 0
0.04446702249071785 0.6054973404975277 0
0.6113048891273943 -0.7411305971173282 0
0.8492283241385818 0.4546825372071047 0
-0.7407318327539462 0.6134607042480722 0
0.5506254936070007 0.2719435915837963 0
0.589786062278417 0.2657024417400183 0
0.604054857749044 0.2291184885184698 0
0.5758755323432102 0.3022377929529087 0
0.6129139920541053 0.2955426721548524 0
0.5977053359327769 0.3338089183417763 0
0.559753645740257 0.3414474214729007 0
0.6204046234937036 0.3682960897324357 0
0.6036973912360535 0.4078450813062239 0
0.6279469403543435 0.2588599113922228 0
0.6412620067791722 0.2195430691731279 0
0.6187584556232484 0.1883801502530414 0
-0.6923371410870813 -0.1315881224533006 0
-0.03258818930576533 -0.4424843396729148 0
-0.4163836321308494 -0.8108792392619257 0
-0.4061410257520153 -0.8409535125587699 0
-0.3823842472180379 -0.8193076957533985 0
0.5916768309903279 -0.4124403473810459 0
0.1280056516176432 0.5927633565560466 0
0.2390774008211378 -0.1436226414259235 0
0.2681870756247254 -0.1049793166361411 0
0.8991269095300479 0.3041103712729875 0
0.3450423840104327 0.3497969420981765 0
0.3267915903254674 0.3843353604645651 0
0.3835475890049379 0.3389225460973372 0
-0.4954114103114521 -0.1953701095939164 0
-0.4749723914692767 -0.2307451001333077 0
0.5184940616681315 0.5467581883205548 0
0.3450670189408828 0.7630762502071196 0
-0.91227996641257 0.2125245016646553 0
0.3330263635240758 0.7960157895077427 0
0.3693744954180152 0.7886355262348776 0
-0.8147513641351598 -0.08203775336807262 0
0.9161491844076013 0.08387670001117394 0
-0.618238655060952 -0.3105155309855165 0
-0.6408725653711991 -0.3405986518392116 0
0.1690932870817501 0.5851994556225523 0
-0.1742417502131504 -0.8753700964917279 0
-0.03346883521400573 0.2450541106553298 0
0.5947199587672455 0.1568173989429787 0
0.2023787313780324 -0.04437044925265752 0
0.6641285719597088 0.583279687566152 0
0.105080798180687 -0.7014387399789379 0
0.6906297273959311 -0.000436080230318144 0
0.628289454497842 -0.02382384216730594 0
-0.006923778470083362 0.7467844915901188 0
0.09204107891865301 -0.4141823936343818 0
0.3882072807176748 0.509075908093595 0
0.6936218647973473 -0.5786876659242298 0
-0.1453187384700948 -0.4677411366430166 0
-0.4701452984774037 0.2551223429998452 0
-0.4842122173147624 0.2955029622318804 0
0.5966914659058986 -0.5096324230963076 0
0.5609431562660734 -0.5060118528000963 0
-0.1340356404011304 -0.6473040909822694 0
-0.1734780104823315 -0.6445623870522568 0
0.4801649870794718 0.1343181190857938 0
-0.01136672918503044 -0.5923869908244831 0
0.001519167674728212 -0.6275243313013271 0
0.1182730990135323 -0.8314091566257304 0
0.6893134060216149 -0.4893418669656759 0
-0.7298263528556947 -0.1250893065693074 0
0.1734066912253033 -0.8962034696366908 0
-0.5785790297805791 0.2283496409093993 0
0.3026857058154118 0.5275328309282558 0
-0.6160270661032025 -0.5947351598176556 0
0.8392249038423097 0.1272753293393818 0
0.07061085841775155 0.1495795082138568 0
-0.241102588552516 0.3069582592048655 0
-0.2864189001842322 0.3110417016151113 0
-0.307475133152505 0.3562561397507525 0
-0.888503831942413 0.01795357094989946 0
-0.9083637613362738 -0.01175633434167787 0
-0.9394261213765018 -0.009665172713560688 0
0.1550092090744351 -0.9215393608122204 0
0.7399436858273845 0.3884910492232377 0
0.5936254596316439 -0.1245758148144535 0
0.1893272538395814 -0.3487903862542978 0
-0.6672817988358619 0.3303922548508217 0
0.2967695013980343 -0.8183403868076515 0
-0.477590668847456 0.8488705116662021 0
0.1460975733577335 0.8647002107365971 0
0.389416723539533 -0.05088222691326419 0
0.4078257547006784 -0.09020783310188131 0
0.3863618713917468 -0.1277219695909194 0
0.429096553953013 -0.1223245265824668 0
-0.3040920691508199 -0.9242962095532167 0
-0.6291997180563407 0.5740415880483545 0
0.3698440397782669 -0.7665154320394278 0
-0.1992887406899011 0.09287655364046828 0
0.5151882638129213 -0.6332867086767214 0
-0.5230133219532208 -0.1176828800339965 0
0.5853423414164776 0.6262420155819852 0
0.8387350351312846 -0.02958745112724286 0
0.4057012287753858 -0.5550245588982821 0
-0.6775399817991227 -0.168508068852039 0
0.2713985817061385 -0.6964809556278704 0
-0.5330295857257001 0.1189810946852341 0
-0.08642681363617388 0.5598672072611834 0
-0.4866232003877804 -0.01440965880047643 0
0.443719907714828 -0.5578467675240879 0
-0.4688040493264627 0.5866028759218532 0
-0.4451686357464205 0.6098916857193108 0
-0.2692865125456655 0.2687623442246601 0
0.1097444256258325 -0.172685016559784 0
0.06659972466408447 -0.1725824775126615 0
0.2210513715201531 -0.4291273639542718 0
-0.5404608517471154 0.5939832644939744 0
0.4473998685024115 0.7440724366214712 0
0.4377425946446046 0.4665084690115485 0
0.8425693701317865 0.03519733191682454 0
-0.1231408048704155 0.6721924260032354 0
-0.8624155158904494 -0.04765984694713331 0
-0.2481801056806661 -0.4190375401740398 0
0.2429038707223873 -0.8435453707839673 0
-0.1600919557508302 0.4155436108417321 0
-0.1320221909946404 0.4523844064346048 0
-0.1154014162380335 0.4143706019884043 0
-0.1882677274350155 0.4971864546146762 0
-0.1632738066687772 0.5337571544562326 0
0.9505315681283161 0.08009654224283358 0
0.0461606187717572 -0.03070495670241452 0
-0.4429154764383651 0.2887886228552064 0
-0.4966664104780492 0.3353088660686748 0
0.08413405032182047 -0.2142326400222372 0
0.2773888585179152 0.7772511565482474 0
-0.697633071471882 0.5795905074082361 0
0.4179339101230763 -0.1675080501784127 0
0.8323953132039811 -0.3341864354036371 0
-0.3615646339617338 0.5117745120757337 0
-0.3861887827100596 0.4799607026085428 0
-0.4098492627886289 0.451283395509451 0
0.738613948806304 -0.6137300087382386 0
0.4778061584248862 -0.3982023133603653 0
0.8479715234217985 -0.4501198420768939 0
-0.7065095923089961 -0.5186626164747616 0
0.05915224363157621 -0.7618519675606359 0
-0.01484195778831553 0.2058226584560713 0
-0.0451192500771114 -0.6897779297628747 0
-0.7871787678336442 0.007711730343652543 0
-0.6914606465907412 0.4023860059266305 0
-0.2324374288879345 -0.8073799486753468 0
-0.2658293283955978 -0.805578803610536 0
0.05686842275583898 0.8518360841437956 0
0.6097236741328957 -0.542254982013904 0
0.5977905856465857 -0.7096973156633097 0
-0.1131675902481146 -0.3547432792952711 0
-0.1499736945011406 -0.541549313119486 0
0.5794588431871882 0.196719645490704 0
-0.81393144344751 -0.3237698314506945 0
-0.6591939551404675 0.4886414865093037 0
0.5366159035270206 0.3094156600350106 0
-0.5225384225545745 0.6514349075789001 0
0.7399828452259141 -0.3544699443397296 0
0.7051697812784932 -0.3528214480541654 0
0.2815259181609832 -0.1528743515619909 0
-0.09412019875080133 -0.05957286118163781 0
0.06290707482723058 -0.08604926209910463 0
0.2316919019852936 -0.7546502689013082 0
0.4943793279712133 -0.4333287841153419 0
-0.8390152778271176 -0.2587511971885136 0
0.7209481849853956 -0.4948086413452452 0
-0.4117054868226204 0.390776430444858 0
-0.2599020516850929 0.007326080356991603 0
0.6502484318913139 0.2851403087542086 0
0.5382767242542433 -0.5364731238739906 0
0.3623959492283771 0.1099070389971014 0
0.0448068653022092 -0.4582538792419105 0
-0.7640936872622224 -0.4507636883899585 0
0.8190729108863956 0.4494772040487338 0
0.004871783852487968 0.6142215383373366 0
0.20505622636338 0.7921957176200297 0
-0.9385042453002584 0.197991598761804 0
0.6235582016680756 0.08087780519564429 0
0.347842248899619 -0.6419264908482127 0
-0.5171880527312807 -0.2917769516002165 0
0.5758332135545473 0.4771754427268873 0
-0.4267510300729443 -0.7801393430654227 0
-0.4362729574366725 -0.2982328856138057 0
-0.5546929651360095 0.6586110411802382 0
0.7504315212841471 -0.3865522245836581 0
-0.5953115993181863 -0.4760293527543364 0
-0.06076844850676028 -0.0172759257238882 0
0.5046820045763836 0.3872537514639696 0
-0.07947316389302179 0.8791395891908038 0
-0.7522506859100156 -0.15397529308518 0
-0.1587795415209393 0.2145657003795511 0
0.08222179689727267 -0.5621281404176202 0
0.4042252375219896 -0.3868081239497603 0
-0.2729018704290933 0.3912265194332955 0
-0.0389170594927261 0.161735823807027 0
0.3578116083935671 -0.8791549583384688 0
0.3421576700994257 -0.9005296231421145 0
-0.7217698955829477 0.2631821554197209 0
-0.6674285007102041 0.2332054589346169 0
-0.3686700822463209 0.2032945482654318 0
-0.8311996243017632 0.09933254210506237 0
0.8226760955019166 -0.242526410268192 0
0.09130446231502549 -0.9766988683455364 0
-0.7550862645680619 -0.6243316238331136 0
-0.9755395390401909 0.09192403680246851 0
-0.09235678853816195 0.9781604326870156 0
0.9789866529272321 0.0913923297698938 0
0.7797181920057719 -0.5572903292993517 0
-0.0735737539184293 -0.7837027493001683 0
0.1284575450056814 -0.4928628679965847 0
-0.3782044048105219 0.7698745050171288 0
-0.5665287580065244 0.7735370706908204 0
0.07804192492071868 -0.2939963210106699 0
0.7515599960772609 0.01697491867354517 0
0.4879017149788181 0.7986197271063253 0
0.4352932454787551 -0.4584641530993762 0
-0.8661292901718242 0.1416105457381818 0
0.7049240122067598 -0.03870384045484462 0
-0.6777380233705129 -0.3369141465628288 0
0.6734932552618382 -0.1321075080482595 0
0.2874507019885096 -0.7285511836195616 0
-0.1311124508270038 0.2524058562034595 0
-0.560433468541763 -0.6640733957232622 0
-0.6437152725107357 0.09807196335925944 0
-0.5263069080601217 -0.580116269114932 0
-0.429799063152655 -0.8609278766059933 0
-0.2350012159866157 0.791377390916829 0
-0.6145371564710758 0.02634928985580652 0
-0.9104586741049618 -0.3041129735773338 0
-0.06923637921287959 0.3008988365243733 0
0.3709475881893622 -0.01032561297395388 0
-0.8016384861740158 0.0387441983213348 0
0.36246913899601 -0.6747783086451372 0
0.2445522619413911 0.2884818106984376 0
-0.125569175253727 0.5682986313941502 0
0.05504130817665488 0.7605356480523395 0
-0.4319308101740332 0.7531358297651823 0
0.3857566653068264 -0.583639301349509 0
-0.4475048826338073 -0.6263426460691515 0
-0.5067189537546687 0.1503897431596807 0
0.131758703312008 -0.217017809697424 0
0.8170416663411803 -0.1535570702205869 0
0.5871765040944223 0.5363115863959245 0
-0.465535348348923 0.4316677758032916 0
-0.5480333087919109 0.3772693982996644 0
0.2601778434905685 0.04068869152186291 0
0.519912257577718 -0.6738484053338332 0
0.4226559521191052 -0.58760940646425 0
-0.3959122720816703 0.169130992605846 0
-0.08518944068037208 0.6651461016880973 0
0.6111696978293069 0.471888214771529 0
0.588973544976787 0.4428554549533733 0
-0.6080698397864905 -0.0756682533504163 0
0.2620485479349794 0.5336014850310887 0
-0.8488529832905169 -0.0785415285770337 0
0.8018165568394902 0.3684444831250912 0
0.1690167267539611 0.4692063988383121 0
0.8106312016032815 0.3044071565414068 0
0.007534439332896952 0.5074731701446719 0
-0.6747645808549672 -0.4337246169681039 0
-0.3484586759928327 -0.7374585538155596 0
0.5055722618561591 0.5803320085909314 0
0.3455697587354516 0.6721458505744506 0
-0.5840485775822233 -0.508383498283131 0
0.5885310297422882 -0.6273146575445289 0
0.2533133204183007 0.8167598586331919 0
0.5323714367549646 0.02096790947685431 0
-0.736266182664839 -0.02653392035507787 0
-0.584651395268337 0.3830963958132447 0
0.8530011625905997 0.2303494579751383 0
-0.7009488114475299 -0.3701392491697834 0
-0.5646959977106324 -0.182155737161577 0
-0.06869759064084799 0.1194752990886711 0
0.02443651748090312 0.286291234507772 0
0.4448654700623628 -0.3253313992568593 0
-0.1079287698833448 -0.545892992564178 0
0.2403658130817448 0.08373523756826158 0
-0.0169218489117903 -0.4826624272907298 0
0.1362481937377316 0.7117930285668854 0
0.6075991271220672 -0.5996661054702412 0
0.627860305259559 -0.4190859332543523 0
0.08882613414485108 0.4916127230344335 0
-0.3727551350673536 0.01316787342886421 0
0.2585912018759052 -0.6015275397308211 0
0.6987759833592884 0.2402023993387758 0
0.5716376690390814 0.6563703712588272 0
-0.3745862280999783 -0.1057837426595476 0
0.3351606180016838 -0.4805826650302094 0
-0.1419521389509613 -0.7911604177367482 0
0.2560301926452487 -0.9235137062559602 0
-0.4147587267457575 -0.09691790982105497 0
0.2034247189938166 0.7005436126817657 0
-0.6485523889756343 -0.5911478080605993 0
0.4992463463516604 0.09739562149015503 0
-0.7518177242781101 0.325247574769959 0
0.2356695026902828 -0.3583757286973523 0
0.2741253650016108 0.686869819016324 0
0.7117568203062069 -0.2937278621760279 0
-0.5335745715828695 -0.2563962217740167 0
-0.4252268139355502 -0.6916136091644161 0
0.7033564765486882 -0.1989491693623706 0
-0.2623945384206796 0.1488642235107706 0
0.2257367299448707 0.4316852790176509 0
-0.3335826756353933 0.3113957377652626 0
-0.6929416888769995 0.4940116071694697 0
-0.6819670032922551 0.4619678823660179 0
0.2303009179932977 0.2096510431105471 0
-0.5690786814297741 0.5064252511611554 0
0.5082996053630657 0.7516574973895873 0
0.1789287172620872 0.859618562943016 0
0.03235370132063403 -0.2900580687183184 0
-0.2306611905805802 0.04902249150556998 0
-0.4982757760018448 0.4973114368283312 0
-0.03222421658244851 -0.7835896019311244 0
-0.424391252997551 0.4867094579783295 0
0.4251531679352826 0.5021767173065861 0
-0.04281371645350202 -0.8995847662837415 0
0.1255904872378932 0.9288187378887001 0
0.4033311611476506 -0.7697365613540603 0
0.4629883608620113 -0.8374318977056434 0
0.9063291158768535 -0.2163345020300662 0
0.1581736365574859 0.9194361660774387 0
-0.7295808608761405 0.5833131667771804 0
0.270362621877355 -0.4442885344143004 0
-0.2712853506995921 0.9171199816484963 0
-0.3051632718566404 0.9241035900391562 0
0.7577913970258244 -0.6296451605976018 0
0.4726218187322538 -0.4634439954692375 0
0.856447168777167 0.005417058232831136 0
0.6343763699895235 0.1481802918350191 0
-0.1569118362321242 -0.3515475237869909 0
-0.2054768848588675 -0.6252552667875404 0
0.7208628048596399 0.5166312407641012 0
0.7717157852946049 0.53054759973017 0
0.6294984288815185 -0.7149541099499017 0
0.1280183214317952 -0.6689839413948306 0
-0.6909070657923078 0.1978238002760646 0
0.7824982958842809 -0.1485735264507376 0
-0.7260279961691187 -0.3046097516845492 0
-0.3159722769434437 0.7099598958550497 0
-0.7014703033502548 0.3417815717467228 0
-0.2370758486704295 -0.2722046542424819 0
-0.07602211103272856 -0.8942725353241372 0
0.8205802427969766 0.5029764848692795 0
-0.08806782850448303 -0.8628546002157829 0
0.761570945758649 -0.5860424253293798 0
-0.9482226674264813 0.1679871907082965 0
0.5896245150466026 0.761972532034067 0
-0.5033421547707976 -0.5531539648138264 0
-0.7051670427657358 -0.2651071595798151 0
0.1526163260612369 0.6718516722243161 0
0.5399651910661343 -0.7940231222437166 0
0.5643112631744416 -0.7783238308265982 0
-0.5010621770683312 -0.8180056015163097 0
-0.1545843893663763 -0.9374569727729313 0
-0.7146353660892364 0.4677732373837949 0
-0.2858777252150221 0.7337445194586334 0
-0.4553558086164931 -0.2637013240553256 0
-0.6603678123082444 -0.5590772180037114 0
-0.0433975063822398 -0.06517242004692912 0
0.3891098135172019 -0.8803569771047963 0
0.05592053273214854 0.1966809139975512 0
-0.3307315509573051 0.005288412065575391 0
-0.326786667592096 -0.7132340741605311 0
-0.2917522103978643 0.7764686740118336 0
-0.5944098710907735 -0.1113358831342507 0
0.3184242507492382 -0.4441963709626856 0
-0.2969625164770949 -0.8075088981257104 0
0.6779758238922615 0.2110706799156117 0
-0.5707689776275297 0.3490231275694374 0
-0.6108653440770007 -0.742193417797542 0
-0.1203572510592486 -0.7670926432243841 0
0.3832255968223036 -0.646309904656664 0
0.9220921565525007 -0.107927577699078 0
-0.6647100997373218 -0.698224635837785 0
-0.9502151383886387 0.01797695196498452 0
0.1905551738247251 0.8267944148138548 0
-0.4029035180508744 -0.6654105656829193 0
-0.554979325311275 0.473807696274662 0
0.2509869302772675 -0.7256923008527645 0
0.6675840692707619 -0.1947174557194173 0
0.1348383411015982 -0.7792551015829541 0
-0.4697975081243734 -0.5605591448900399 0
-0.6141545315170568 0.2350527220933434 0
0.03155838841502967 0.7347710019737036 0
0.7694378108802833 -0.11556315645309 0
0.6946503272894461 0.661428980226439 0
0.7487122111229081 0.6002024831007572 0
0.4656777113649804 -0.7797471428287671 0
-0.5596378676585616 -0.7500661405130239 0
0.7665473340182346 -0.4739196276010609 0
0.4418588409140345 0.2526028207990985 0
0.9594268143708475 -0.1361418545565789 0
0.05928389080811711 -0.2538350239989745 0
0.7878975741706256 0.2553716319693431 0
0.9589566890211648 0.04347366351105236 0
-0.3507748242089505 0.6157713052834128 0
-0.4792845607682285 0.07272548575949277 0
-0.02938782685932792 -0.7225453435564343 0
-0.7566579973180813 -0.2448118339897418 0
-0.9502028425398846 0.07564473762355416 0
-0.1307385162004397 -0.3145245051868791 0
0.5644084573510428 0.5096758851010064 0
-0.6003211541007719 0.7690988485474448 0
0.1420032395589865 -0.8924841658370375 0
0.6146090776473681 -0.3848525712872299 0
-0.7119368880823588 0.6066947439786754 0
0.01012109070498646 -0.4489986726030979 0
-0.6769550178535544 -0.6686022103487232 0
-0.7069697199565177 -0.6667411619168145 0
0.7828988711305561 -0.5015814214203526 0
0.1857155997820507 -0.6612454759509999 0
-0.5428757768507572 0.2817251883609494 0
0.8317037280819312 -0.4764498199616958 0
-0.6290891316973021 -0.4712271447879943 0
-0.7417778157720856 -0.5726926724044802 0
0.9012729986997895 -0.1348919416478337 0
0.7719809379926972 0.3793445316874107 0
-0.8309188218133475 0.2203975264873936 0
0.4795718566288121 0.7448032582309894 0
-0.3798812109110863 0.128830186011741 0
0.01064823805282549 -0.07180587053691867 0
-0.7643420108314271 -0.2130446274920201 0
0.3079315703198023 -0.9002596674632168 0
-0.4752303089333087 -0.8593536198740674 0
-0.9443118654014971 -0.2720293343101594 0
-0.5193267725326389 0.4692763064915232 0
-0.4143611457591543 -0.6321204766708132 0
-0.396477313276845 -0.86857680021719 0
-0.3353368539441923 -0.3457146228516064 0
-0.8955260776497262 0.3044547577964089 0
0.09314530818315378 -0.7689359067364078 0
-0.1261810872055294 0.3307773855680662 0
-0.1597997054012158 0.7750527822582736 0
-0.05525700704820528 0.9536820398744129 0
0.4574562252009695 -0.4283557601751126 0
-0.5340063208779301 0.3430485102101327 0
-0.1036902529767772 -0.2769915407730151 0
0.6496500030152754 -0.1623454390036407 0
-0.07802740075327305 -0.109976646349786 0
-0.8944135645649034 -0.3350091126536763 0
-0.5888793999125792 0.05803866165069863 0
0.6140620153511206 0.7414492763187299 0
-0.9695818786764727 -0.003875478470902252 0
-0.3134256431333075 -0.6555269093494492 0
-0.5193273051534543 0.6197402778892477 0
0.5278888735502343 0.5155375043487896 0
0.6112893115411788 -0.1586980358898268 0
0.1303715306115593 0.4430011622082433 0
-0.7786750457559988 0.07745510000819057 0
-0.02251348603174499 -0.6584306510018542 0
0.1807642830140871 0.2170139006565091 0
-0.2015079524899726 0.58631961694408 0
-0.4200113415116385 0.6322718850103446 0
0.3038917495177651 0.9169035398921112 0
-0.06866738166616441 -0.8380835717967702 0
0.5354246922739015 -0.2117741816212983 0
-0.3995392473279667 0.7465207868855044 0
-0.05838292817309834 -0.2816299336466279 0
-0.8529568884989709 0.2699043297968945 0
-0.9608962288821833 0.0451609990315266 0
0.952932759686886 0.1364249495490278 0
0.1736896254399073 -0.6037316928987464 0
0.9085643121408224 -0.3059598461325657 0
0.4822712986678142 -0.7252798565037246 0
-0.7318354442164692 -0.618489515897426 0
-0.3355597876007475 0.1220970137269201 0
-0.2331921266158016 -0.5493315194808537 0
0.04366407796646773 0.6995464518946747 0
0.6912748479522298 -0.3247674641532876 0
0.9357711732440254 0.2212074169108779 0
0.9453578073579214 0.2439344913578259 0
0.1757247010372145 -0.7809273861684123 0
-0.2794693973542702 -0.86875023314899 0
-0.6340818596902843 0.7295728121922638 0
0.3066872505726507 0.4201065108462971 0
0.3678256179341008 -0.1659231749542819 0
-0.3160228356039007 0.6085257860321591 0
-0.4366794544564259 0.8703457851758282 0
0.3554433505090199 0.9157418201706333 0
0.3840548815171157 0.8443447970874889 0
0.4078413481849257 0.8670975471648834 0
0.01574523621967973 -0.2499438924709715 0
-0.2792764072922206 -0.9159799428085629 0
0.01555063243253416 -0.6611369995508315 0
0.2535466526179775 0.8996313783047458 0
0.3752275808997212 0.8774935731412449 0
0.04022486166730109 -0.6293309169809669 0
-0.4255691515888825 -0.5990005664845648 0
-0.5626495978131323 0.08869522565660173 0
0.5794772718724371 -0.7326115712425909 0
-0.1115060584251531 0.8032122625528935 0
0.6638035760257965 0.2485160759458773 0
0.789071793555448 0.5554184092108702 0
-0.6415671355222754 0.6030023351348706 0
0.19892860544748 -0.5702029100960784 0
-0.8716382189547096 0.3169284038240894 0
0.1288234346434169 -0.8631838460931027 0
-0.573992039984045 -0.4121725511108097 0
-0.4176578578040754 0.8879728337630779 0
-0.9734695564192829 -0.06925759421546597 0
0.8857507499815217 -0.4172425997661833 0
-0.4181219948366702 -0.8864085630960359 0
-0.8967140766678047 0.3961213613287 0
-0.9077326265975542 0.3754762155965992 0
-0.06743570595246792 -0.9747212232420546 0
0.04716242490237071 -0.9814171666455718 0
-0.3762510858194814 -0.9081474229944831 0
0.9034237496559265 -0.372719012173441 0
-0.3541494564406875 -0.910158856988333 0
0.9146728190458852 -0.3543268180060664 0
-0.921771580761849 -0.3312753639107645 0
-0.8966712833043801 -0.3956931497508982 0
-0.6596167975579753 0.7268464750095683 0
0.9189926515668181 0.329686080497169 0
0.90982489669317 0.354635187410174 0
0.06884653893522349 0.9769452789968233 0
0.9754535288653658 -0.06810230422556225 0
0.6738315383126069 0.7059013518177586 0
-0.723089187806127 0.6588432549840584 0
-0.04382327992895863 0.9761060262816996 0
0.6572085791923039 -0.7215949964620914 0
0.6935928999949086 -0.6918370232314657 0
0.7246840184093473 -0.6601828092711778 0
-0.3526971760616584 0.9115628107708292 0
-0.6946059705935932 0.6954379775742032 0
0.9786748930774698 0.001053847828438807 0
0.9775835366749429 -0.02490271216787136 0
-0.9225722317674652 0.3332243051692209 0
0.4144604167678075 -0.8873752594635002 0
1.715137286070256e-16 0.9803102917929089 0
0.02037629806905664 0.9768645868665372 0
-0.3742353891895562 0.9026264065124319 0
-1.823698604922431e-16 -0.9803102917929089 0
-0.6607000643004142 -0.723871498101304 0
0.4182973588752056 0.889954234738921 0
0.6570574841461321 0.7243551697809815 0
-0.8755253666621218 0.4376347522738606 0
0.7398495688070914 0.643141418143058 0
-0.5233902485034492 -0.01496495588472886 0
0.203992405038021 -0.9495179844999749 0
0.3657416287566042 -0.6120825686666823 0
-0.289998995919021 0.1155413602629908 0
-0.7125766577897786 0.3755636662998131 0
0.2308106790709528 -0.0004402210377513878 0
0.7676767736602829 0.07916977939691457 0
0.4412002182632536 -0.3922284377744438 0
-0.02848281303004416 -0.2438854576802695 0
-0.05009501217912547 -0.9524072156335285 0
0.7160375830569227 0.09561462798533836 0
-0.4825807075747024 0.4645489858434348 0
0.09364836214231514 0.9288293904957902 0
0.6547302267704758 0.3777275941734035 0
-0.9121544695947562 -0.2217552563689647 0
0.6721231635773679 0.3109514655521643 0
-0.1079005543775087 -0.1516539028815349 0
-0.1077758100011174 0.2914907375419794 0
0.7110566488286092 0.6780760709979862 0
-0.6769642706221888 0.6043625406339155 0
-0.7513697271878345 0.5058278398510206 0
-0.779749747990486 0.4760792579194899 0
-0.3770281121605543 -0.2321246222819643 0
0.7304124695750952 0.4841032350041662 0
-0.5386425428466961 0.7673738253185317 0
0.6395056464174278 0.4079303052714321 0
0.1713442066785645 -0.9472677166021082 0
-0.5364281665909172 -0.4190849739065113 0
0.05379010593997647 0.6664207399522961 0
-0.08634352167299171 0.7564846811756281 0
-0.1490863976490254 0.9240274827946561 0
-0.1720745913671163 -0.725884536209396 0
0.02543182076845122 -0.5946531243238737 0
0.7430442513567784 0.1453534871935694 0
-0.4354141995339458 -0.5666998192712057 0
0.631849032757414 0.3238463666843179 0
0.7273646943214347 0.173207412320099 0
0.4200961482198616 0.3309148312052238 0
0.5168102100018219 0.8082849645707366 0
0.6065220027056502 -0.3537019913634102 0
-0.3067122103781684 -0.3092925439376086 0
-0.5227278542782027 0.08281568359699251 0
0.8832496515452724 0.3630263204904102 0
-0.02201192847167694 -0.9831991240259932 0
-0.9032531425544421 0.1005623938697889 0
-0.2552048144471454 -0.7376103912241825 0
0.02353972701052599 0.4723869737460321 0
0.3639420632145707 0.821055224512786 0
0.7136593744927318 -0.6358592031245713 0
-0.2694521506576669 0.5672782533397542 0
0.7913748787014936 -0.5841347283957279 0
-0.5216120390994318 0.3079776608504356 0
0.05618281607695441 0.9365108514608887 0
0.5146324019944165 -0.7839029156045947 0
0.9808585284640643 0.04568871287098029 0
0.5356990744660842 0.6633467915955604 0
-0.9562394694502927 -0.02942879517857421 0
-0.8708084112144872 0.3949722899572157 0
-0.9337255394139492 0.2309219484098434 0
0.7804307390792952 0.3466650316531829 0
-0.4465582256872266 0.4597469343536597 0
0.4247789940667114 -0.3569387311891472 0
-0.7776586708131905 0.1791391553236104 0
-0.4544483458453948 -0.4339242661525228 0
0.8221642223890432 0.2424975557738292 0
-0.9801825406656498 -0.02518850420171395 0
0.1462273421651125 -0.8360435287770924 0
-0.3680543543511561 0.7390820028953824 0
0.9296075976346471 -0.06035783367393006 0
0.2390380445993642 -0.5698870006863868 0
-0.9291653201665373 -0.09618660576077179 0
0.3389928846575245 -0.1232455010371878 0
-0.6186148361129067 0.6293776043739875 0
-0.07233206236248466 0.4130172497087005 0
-0.9317220908812153 -0.2433719665888938 0
-0.8285822389583621 0.4160188126953671 0
-0.4848012625403518 0.6140754198337173 0
0.2787136814208476 0.9224284454132622 0
-0.8434165020605821 0.1250429472292947 0
-0.4213242912587118 -0.5075688754912135 0
0.8873048704214678 0.4161351776471693 0
-0.5043129403734378 -0.4642267179551107 0
-0.7507300166592545 0.1128348297299217 0
-0.9182888496745019 -0.2747961254008209 0
-0.3268582156677996 0.9006183570040134 0
0.5678670075139549 -0.2810033132808316 0
-0.04428297275758103 0.7906481356576425 0
-0.2456867338282825 0.1103654311402353 0
-0.2213985456550248 0.9339812586521814 0
-0.4919547550748348 0.7647639370266046 0
0.3455036945246164 -0.5766460020053151 0
0.738919959090695 -0.4736820178698534 0
-0.2484761613120795 0.9391664419613974 0
-0.001471726717877164 0.4422635373587399 0
0.8991835212402945 -0.05635586777003031 0
0.5235739903970458 -0.05144762306065463 0
-0.5584447952080807 -0.1151614646867027 0
0.2411995320922097 0.3980297255353007 0
-0.04406472706874038 0.4477955948278325 0
-0.8708375758375956 -0.3962661964824059 0
0.4626050486828722 0.6259514419019434 0
0.423392813982201 0.5910866993569461 0
-0.9309588502006751 -0.3114944739261767 0
-0.4357576653243353 -0.4720374868983415 0
-0.3922645532550907 -0.1707646726577126 0
0.9241007678917428 -0.287497755310751 0
0.9315815151434285 -0.3084743694413239 0
-0.2704693827213854 -0.701278476425321 0
-0.01560065563096164 0.7795032480640841 0
-0.9085286663385004 -0.3769088614825494 0
0.1997692731430102 0.4064006050257042 0
-0.2878728765011533 -0.4976443347993209 0
0.3085275278860392 -0.5735527310246098 0
-0.7902535568842547 -0.5576500491743429 0
-0.8181324635421847 -0.5287673908192678 0
0.5535491418829678 -0.3435262237570495 0
0.5282818379896034 -0.2709550705215671 0
0.2842827284556896 0.3903765182930745 0
0.6285234528989871 -0.7580933478267833 0
0.4586936106302733 -0.8658039567552098 0
0.8709925416730989 -0.4598700537263847 0
0.2922605615163045 -0.9400366275836508 0
-0.2902104412815523 -0.9403006718006645 0
0.6290172181850638 0.7580324045762797 0
0.4598700537263878 0.8709925416730996 0
0.8695180346502964 0.4599273768410948 0
0.9382042916681789 0.2874144064659025 0
-0.9360760682255647 0.2855104243134013 0
-0.7573955250166414 0.6291355334045152 0
0.2929268522263603 0.9380474327302066 0
-0.6287075316198271 -0.75817894566453 0
-0.8689097102053636 -0.4587181497201513 0
0.8891081409007382 -0.1965579747375511 0
-0.8425362062230318 -0.4645240050587079 0
-0.841452551357927 -0.490613411994246 0
-0.5292440309779473 -0.1875217032321054 0
-0.1019173957274707 0.3756371223269232 0
-0.5439424806478628 -0.1495733686358393 0
0.9191869814131907 -0.2615100961138888 0
0.3733478225325741 0.9041388738398772 0
-0.4524744674816581 0.8449423884174418 0
-0.1494218260603324 -0.6751713237265231 0
-0.6055619093376451 -0.4448104456725441 0
-0.1325207112425185 -0.9577865545733617 0
-0.5125873303333259 -0.2258249725859827 0
0.9556929925862214 -0.04612392185731543 0
-0.9521052752379077 0.2512280693610434 0
0.4399991132173458 -0.8533654277763637 0
-0.241982690459048 0.5951158544456245 0
0.06627182755928875 0.6331821847134378 0
-0.5067122169205561 -0.789592656132287 0
-0.9821439353236647 0.04582372029967138 0
-0.9581508146507046 -0.2257545208178072 0
0.8145324215074256 -0.5483010673896603 0
0.5435724812685566 0.8191415007438931 0
-0.5185569280677386 0.8346339141993772 0
0.4940331526370067 -0.8495596425596138 0
0.9497116789457982 -0.2516154426246674 0
-0.534821323832959 -0.08339820555039652 0
0.5053490694199508 -0.08386022356557124 0
-0.3578529432318164 0.7079706779843574 0
0.588596085903209 -0.1867615049926987 0
0.7239072917169385 -0.4284110897728518 0
-0.1935731946700305 0.5577319659947978 0
0.9607605518530052 0.2084048912923236 0
-0.2085281273382238 0.9604835749911634 0
-0.1754506058282245 -0.9656588375302309 0
0.0486593473109888 -0.5626155461097881 0
0.0161069644444904 -0.9565680257324867 0
0.3946424310800831 0.6338219440857846 0
-0.7167642462071132 0.6315488356782976 0
-0.598900269671079 0.2613503307708681 0
0.3689470540201555 0.3767175335607442 0
-0.4949875241082604 -0.2622753869326551 0
0.0445181544596513 -0.9617356671982122 0
-0.7160131028998623 -0.6402433896451727 0
-0.2626285800490872 -0.3089943335160066 0
0.8693808180693496 -0.04892237850824148 0
0.358208602179371 0.6433207131118218 0
0.4069210748538294 0.2581233679229897 0
0.9301470558876743 0.2661425149943875 0
0.3963947847085916 0.3007145220757176 0
0.352216423043078 0.4139579264552908 0
-0.2788182309532647 -0.7807276841088322 0
0.5529904691913714 -0.6274592871569444 0
0.4920602695531171 0.6951677137861793 0
-0.8809115730404857 -0.4403732567288785 0
0.8304505508961368 0.2106013761079611 0
-0.6952011459839958 0.6554231583270262 0
0.5810262678690578 0.7030228020993576 0
-0.1802261539133335 0.891189133544373 0
0.1333777404430758 -0.8076991858130294 0
0.1039540746146217 0.6247294859059159 0
0.5623110979447595 -0.7528572751132554 0
-0.5098917770981679 -0.04955708848486931 0
0.9613214954901614 0.1083679598262596 0
-0.08255505458506045 0.9571867041415947 0
0.2483213096885992 -0.9502811074436731 0
-0.1247340183020625 -0.738044412100063 0
0.405529697749699 0.3688621218862497 0
0.2844372024026433 -0.923293983579504 0
0.3234064757521807 0.6513994182939064 0
0.3110736342701244 0.812708487631833 0
-0.4304906588107562 0.4250580450409119 0
-0.4582626308373743 0.6410236041499174 0
0.4438973013788297 -0.08698468391063563 0
0.9347330912607849 -0.134594231457525 0
0.9183345615205667 0.2877943119257191 0
-0.3779157907838253 0.8793400211985034 0
-0.9201347308398173 -0.1906936870624284 0
-0.4387662968458834 -0.2326569422848745 0
0.8586675123435042 -0.4210835161731578 0
-0.02861856119729754 0.9510553853265826 0
-0.3056671411738776 -0.4683536877456007 0
0.4340830606394294 0.8535666123196504 0
-0.6767464791641179 0.6805039551727523 0
0.5095581913997562 -0.231208264795939 0
0.2579743927129944 -0.5394847242197029 0
-0.079765533146861 -0.8119478785881545 0
0.3336600399298839 -0.9250874066073236 0
0.5469500915036125 -0.1817401718366906 0
-0.9296792287011117 0.2611336783639444 0
0.8089992985778225 0.4766959884166028 0
0.3969627137836284 -0.9000808131888105 0
-0.2567594319934273 -0.2369933257595184 0
0.6954108452709689 -0.6640611496841348 0
-0.3657448777941139 -0.1478087607033269 0
-0.3035348295244489 -0.6897950379907984 0
-0.570406031982492 -0.7991469627788933 0
-0.8004928805030117 0.570725307422892 0
0.2213503065308302 0.9590174313790052 0
-0.2491723141662351 -0.9485353520356008 0
0.3856925191822034 -0.3534701393412292 0
0.2751440948616454 -0.5721872639908904 0
-0.8417623458884023 0.5079819449719727 0
0.9679081024987337 -0.1767113239540309 0
-0.9729515732770389 -0.1466918316615972 0
0.1472752568188778 0.9720656719862064 0
0.7343666071478259 0.620006987960752 0
-0.6536410790774428 0.701666481547999 0
0.06871975136555301 -0.5327003622779359 0
0.2849814116238451 0.6567949985194668 0
-0.4140327129931415 0.6063273795549922 0
-0.803355339335446 0.09539073077467712 0
-0.7218971932237105 0.318027501863999 0
0.7207266542960797 -0.3772819141648855 0
-0.5553871135385525 0.2537576841009696 0
0.3947279027373832 0.6007799621962673 0
-0.7280679025232519 -0.659296519728979 0
-0.3932686928214543 0.4208335194175615 0
0.9002089672675336 0.3986176457125468 0
0.09706350885654083 0.3894571189839888 0
0.2082617488463992 0.6701174025902118 0
-0.9327723849412327 0.09539895898340682 0
0.3012505430059987 -0.1225042592147753 0
0.2445666917260634 -0.5066496928700692 0
0.2451830151211256 0.6629480099152739 0
-0.7953155218915098 0.4494856875445356 0
0.3540482345247485 -0.91898788514814 0
-0.4391912049312693 -0.8814338003912913 0
0.7423976202020788 -0.4135737248735276 0
0.3466077592455033 -0.3492935541383788 0
0.04200315436482126 -0.2138437061062566 0
0.4705038294537832 -0.8121627754124369 0
0.1943675098781405 0.4412738713890573 0
-0.1816099531069683 -0.9200084083550474 0
0.9424576373858082 -0.2915481365937796 0
0.7390662767346042 0.4572714761937937 0
0.0647089817974308 0.469152989204936 0
-0.5040782168496304 0.01590922628000297 0
-0.3151365077593671 -0.5908858644851229 0
-0.2002845770471029 -0.6587515484196939 0
-0.1082583995014876 0.9630435905619206 0
-0.9608014299360739 0.2109223109778135 0
0.4999522794734171 0.8244847486588456 0
0.2704669764565272 -0.07160464185536725 0
0.7669515858582872 -0.6126811437835384 0
-0.2587591061601727 0.9539266484815789 0
-0.9781735447655143 -0.1099978871830555 0
0.9806593762753986 0.1106882561792321 0
-0.1110054280236397 0.9810401603360845 0
0.1105259864551371 -0.9804778825065922 0
-0.3698715849005589 -0.5468439477659253 0
-0.2904683128312042 -0.6340185040259446 0
-0.3370263741725095 -0.1169269810017096 0
-0.6797797967035962 -0.7121779734233252 0
-0.2537227296588476 -0.9182324673952497 0
0.003866330610779138 0.2515248220132646 0
0.09701632224765078 -0.4815249618053347 0
0.8374310589400458 0.1813401908912808 0
-0.2819624194068845 -0.4127196461399025 0
0.6727884591970817 -0.684294216377977 0
-0.5882232302090129 -0.7365789292063836 0
0.4908185890462021 0.7697416841879569 0
-0.2961602381265088 -0.00492851875720532 0
0.7884749589721474 0.3187901239656283 0
0.2945559054711678 -0.2613451348467431 0
-0.60618397941307 0.6507526679452424 0
-0.2364316751376545 -0.5190160837951003 0
-0.3535498860427349 0.4151823645463906 0
-0.8344379012956029 0.2509970249218427 0
0.02743511383697517 -0.1677186702056202 0
0.2655428412512671 -0.4786572910607008 0
-0.8588345784338132 0.4161673067896586 0
0.4605470376902662 0.8483958875204773 0
-0.409226462030668 -0.5407506153347815 0
0.4541441235663228 -0.1471883866481573 0
-0.5417624739339955 -0.7844539772578263 0
0.8923760215604588 -0.3212947175271541 0
-0.1242344032459535 -0.9365236665655559 0
-0.4954247572191807 0.7945527276702231 0
-0.2150857506514293 -0.9149403829110663 0
0.7616023608370182 0.5538893752384055 0
0.3125352972198099 0.9340695431272301 0
-0.8868805508503257 0.3692295377179952 0
-0.4798335423038257 0.8645333229872144 0
-0.8999836702387333 0.3274856883983071 0
0.2579583559023598 0.9509588242998893 0
0.2148034547801541 -0.9634880965312514 0
-0.9758790713530918 0.139024419446241 0
0.839257960315003 0.5153365801900645 0
-0.6034162465714528 -0.7812417485749967 0
0.5778400051022274 0.7978429680912753 0
-0.8253519627836212 -0.5442920509155236 0
0.9770945821392824 -0.1404849240913807 0
0.6027703073911077 0.7797387878453454 0
-0.137671177060943 -0.9764198961562519 0
0.7886065280680128 0.5919987034519097 0
-0.7812417485750043 0.6034162465714549 0
-0.9675433576100971 -0.1850295987721777 0
0.806985230719822 0.5666941479609209 0
-0.4901784338517403 0.8583197979267523 0
0.8547930321373027 0.4892999523047064 0
0.8248887042201767 0.5422254715456238 0
-0.788499750089991 -0.5918278393198814 0
-0.8072201285501016 -0.566903162022606 0
-0.9703914687627014 0.1709787275869304 0
-0.2465123619141832 0.9572442194804431 0
-0.6871425320161602 0.1607248894701148 0
-0.7986728189174213 0.4946087643759176 0
-0.6409412117662908 0.2338132799346534 0
-0.3075631098010297 -0.07981967227963269 0
-0.1807738348909979 -0.6048460574060012 0
0.1808705272384535 0.6790467494809294 0
0.05631052861461614 0.9590413599473971 0
-0.6462974374827113 0.7440549004182615 0
-0.711290535317169 0.2879713926732488 0
0.05318359622249794 -0.1347598995131317 0
0.1047246705618928 0.464926582278182 0
0.8423022254784871 0.4314045784403238 0
-0.01695914768103366 0.9304138772874984 0
-0.4559649301217443 -0.8484802396982487 0
-0.3381492390799324 0.3792897665815507 0
0.3266424059054052 -0.3109465195006804 0
-0.8509870810806845 -0.5037625104933782 0
0.2287457420983938 0.9374920366298776 0
-0.7939272652231231 0.5482242589842665 0
0.1069957048745629 -0.9330063632010478 0
0.8665024142145663 -0.3242846080120864 0
0.873041228981616 -0.4003347017697692 0
-0.05096390678336805 0.2722530075828727 0
-0.2808347537991736 -0.03969722025662257 0
-0.09721872254878623 -0.7751014150141642 0
-0.233175784660779 -0.2002099282686111 0
-0.264714135723038 0.04360659400476924 0
0.3748251952190504 0.5845454919143898 0
-0.8990658609535606 -0.1699032360482077 0
0.9525252507423032 0.2594173818755328 0
-0.8346278263514155 0.4860958224131142 0
-0.9559708300144368 -0.1314599714907025 0
0.1296957398311419 0.9571163838098372 0
0.9490488243042711 -0.1575702891426905 0
-0.6173749996878535 0.7722663550000404 0
0.3832147215896863 0.538934281779794 0
-0.8575554077167102 -0.4935623201842352 0
0.960649811446198 0.01382494305133156 0
0.02202883051028184 0.2099803841786063 0
-0.9474381185924716 -0.05610152404984513 0
0.07745146822291285 -0.448724559418851 0
0.3019280375451835 0.792275930974691 0
-0.7278366554764635 -0.5956237595318131 0
0.1297978046721346 0.6207990080222432 0
0.6345254501213264 0.7211364693977182 0
$EndNodes
$Elements
241 6224 1 6224
1 1 1 1
1 1 2 
1 2 1 1
2 2 3 
1 3 1 1
3 3 4 
1 4 1 1
4 4 5 
1 5 1 1
5 5 6 
1 6 1 1
6 6 7 
1 7 1 1
7 7 8 
1 8 1 1
8 8 9 
1 9 1 1
9 9 10 
1 10 1 2
10 10 241 
11 241 11 
1 11 1 2
12 11 242 
13 242 12 
1 12 1 2
14 12 243 
15 243 13 
1 13 1 2
16 13 244 
17 244 14 
1 14 1 2
18 14 245 
19 245 15 
1 15 1 2
20 15 246 
21 246 16 
1 16 1 1
22 16 17 
1 17 1 1
23 17 18 
1 18 1 1
24 18 19 
1 19 1 1
25 19 20 
1 20 1 1
26 20 21 
1 21 1 1
27 21 22 
1 22 1 1
28 22 23 
1 23 1 1
29 23 24 
1 24 1 1
30 24 25 
1 25 1 2
31 25 247 
32 247 26 
1 26 1 2
33 26 248 
34 248 27 
1 27 1 2
35 27 249 
36 249 28 
1 28 1 2
37 28 250 
38 250 29 
1 29 1 2
39 29 251 
40 251 30 
1 30 1 2
41 30 252 
42 252 31 
1 31 1 1
43 31 32 
1 32 1 1
44 32 33 
1 33 1 1
45 33 34 
1 34 1 1
46 34 35 
1 35 1 1
47 35 36 
1 36 1 1
48 36 37 
1 37 1 1
49 37 38 
1 38 1 1
50 38 39 
1 39 1 1
51 39 40 
1 40 1 2
52 40 253 
53 253 41 
1 41 1 2
54 41 254 
55 254 42 
1 42 1 2
56 42 255 
57 255 43 
1 43 1 2
58 43 256 
59 256 44 
1 44 1 2
60 44 257 
61 257 45 
1 45 1 2
62 45 258 
63 258 46 
1 46 1 1
64 46 47 
1 47 1 1
65 47 48 
1 48 1 1
66 48 49 
1 49 1 1
67 49 50 
1 50 1 1
68 50 51 
1 51 1 1
69 51 52 
1 52 1 1
70 52 53 
1 53 1 1
71 53 54 
1 54 1 1
72 54 55 
1 55 1 2
73 55 259 
74 259 56 
1 56 1 2
75 56 260 
76 260 57 
1 57 1 2
77 57 261 
78 261 58 
1 58 1 2
79 58 262 
80 262 59 
1 59 1 2
81 59 263 
82 263 60 
1 60 1 2
83 60 264 
84 264 61 
1 61 1 1
85 61 62 
1 62 1 1
86 62 63 
1 63 1 1
87 63 64 
1 64 1 1
88 64 65 
1 65 1 1
89 65 66 
1 66 1 1
90 66 67 
1 67 1 1
91 67 68 
1 68 1 1
92 68 69 
1 69 1 1
93 69 70 
1 70 1 2
94 70 265 
95 265 71 
1 71 1 2
96 71 266 
97 266 72 
1 72 1 2
98 72 267 
99 267 73 
1 73 1 2
100 73 268 
101 268 74 
1 74 1 2
102 74 269 
103 269 75 
1 75 1 2
104 75 270 
105 270 76 
1 76 1 1
106 76 77 
1 77 1 1
107 77 78 
1 78 1 1
108 78 79 
1 79 1 1
109 79 80 
1 80 1 1
110 80 81 
1 81 1 1
111 81 82 
1 82 1 1
112 82 83 
1 83 1 1
113 83 84 
1 84 1 1
114 84 85 
1 85 1 2
115 85 271 
116 271 86 
1 86 1 2
117 86 272 
118 272 87 
1 87 1 2
119 87 273 
120 273 88 
1 88 1 2
121 88 274 
122 274 89 
1 89 1 2
123 89 275 
124 275 90 
1 90 1 2
125 90 276 
126 276 91 
1 91 1 1
127 91 92 
1 92 1 1
128 92 93 
1 93 1 1
129 93 94 
1 94 1 1
130 94 95 
1 95 1 1
131 95 96 
1 96 1 1
132 96 97 
1 97 1 1
133 97 98 
1 98 1 1
134 98 99 
1 99 1 1
135 99 100 
1 100 1 2
136 100 277 
137 277 101 
1 101 1 2
138 101 278 
139 278 102 
1 102 1 2
140 102 279 
141 279 103 
1 103 1 2
142 103 280 
143 280 104 
1 104 1 2
144 104 281 
145 281 105 
1 105 1 2
146 105 282 
147 282 106 
1 106 1 1
148 106 107 
1 107 1 1
149 107 108 
1 108 1 1
150 108 109 
1 109 1 1
151 109 110 
1 110 1 1
152 110 111 
1 111 1 1
153 111 112 
1 112 1 1
154 112 113 
1 113 1 1
155 113 114 
1 114 1 1
156 114 115 
1 115 1 2
157 115 283 
158 283 116 
1 116 1 2
159 116 284 
160 284 117 
1 117 1 2
161 117 285 
162 285 118 
1 118 1 2
163 118 286 
164 286 119 
1 119 1 2
165 119 287 
166 287 120 
1 120 1 2
167 120 288 
168 288 121 
1 121 1 1
169 121 122 
1 122 1 1
170 122 123 
1 123 1 1
171 123 124 
1 124 1 1
172 124 125 
1 125 1 1
173 125 126 
1 126 1 1
174 126 127 
1 127 1 1
175 127 128 
1 128 1 1
176 128 129 
1 129 1 1
177 129 130 
1 130 1 2
178 130 289 
179 289 131 
1 131 1 2
180 131 290 
181 290 132 
1 132 1 2
182 132 291 
183 291 133 
1 133 1 2
184 133 292 
185 292 134 
1 134 1 2
186 134 293 
187 293 135 
1 135 1 2
188 135 294 
189 294 136 
1 136 1 1
190 136 137 
1 137 1 1
191 137 138 
1 138 1 1
192 138 139 
1 139 1 1
193 139 140 
1 140 1 1
194 140 141 
1 141 1 1
195 141 142 
1 142 1 1
196 142 143 
1 143 1 1
197 143 144 
1 144 1 1
198 144 145 
1 145 1 2
199 145 295 
200 295 146 
1 146 1 2
201 146 296 
202 296 147 
1 147 1 2
203 147 297 
204 297 148 
1 148 1 2
205 148 298 
206 298 149 
1 149 1 2
207 149 299 
208 299 150 
1 150 1 2
209 150 300 
210 300 151 
1 151 1 1
211 151 152 
1 152 1 1
212 152 153 
1 153 1 1
213 153 154 
1 154 1 1
214 154 155 
1 155 1 1
215 155 156 
1 156 1 1
216 156 157 
1 157 1 1
217 157 158 
1 158 1 1
218 158 159 
1 159 1 1
219 159 160 
1 160 1 2
220 160 301 
221 301 161 
1 161 1 2
222 161 302 
223 302 162 
1 162 1 2
224 162 303 
225 303 163 
1 163 1 2
226 163 304 
227 304 164 
1 164 1 2
228 164 305 
229 305 165 
1 165 1 2
230 165 306 
231 306 166 
1 166 1 1
232 166 167 
1 167 1 1
233 167 168 
1 168 1 1
234 168 169 
1 169 1 1
235 169 170 
1 170 1 1
236 170 171 
1 171 1 1
237 171 172 
1 172 1 1
238 172 173 
1 173 1 1
239 173 174 
1 174 1 1
240 174 175 
1 175 1 2
241 175 307 
242 307 176 
1 176 1 2
243 176 308 
244 308 177 
1 177 1 2
245 177 309 
246 309 178 
1 178 1 2
247 178 310 
248 310 179 
1 179 1 2
249 179 311 
250 311 180 
1 180 1 2
251 180 312 
252 312 181 
1 181 1 1
253 181 182 
1 182 1 1
254 182 183 
1 183 1 1
255 183 184 
1 184 1 1
256 184 185 
1 185 1 1
257 185 186 
1 186 1 1
258 186 187 
1 187 1 1
259 187 188 
1 188 1 1
260 188 189 
1 189 1 1
261 189 190 
1 190 1 2
262 190 313 
263 313 191 
1 191 1 2
264 191 314 
265 314 192 
1 192 1 2
266 192 315 
267 315 193 
1 193 1 2
268 193 316 
269 316 194 
1 194 1 2
270 194 317 
271 317 195 
1 195 1 2
272 195 318 
273 318 196 
1 196 1 1
274 196 197 
1 197 1 1
275 197 198 
1 198 1 1
276 198 199 
1 199 1 1
277 199 200 
1 200 1 1
278 200 201 
1 201 1 1
279 201 202 
1 202 1 1
280 202 203 
1 203 1 1
281 203 204 
1 204 1 1
282 204 205 
1 205 1 2
283 205 319 
284 319 206 
1 206 1 2
285 206 320 
286 320 207 
1 207 1 2
287 207 321 
288 321 208 
1 208 1 2
289 208 322 
290 322 209 
1 209 1 2
291 209 323 
292 323 210 
1 210 1 2
293 210 324 
294 324 211 
1 211 1 1
295 211 212 
1 212 1 1
296 212 213 
1 213 1 1
297 213 214 
1 214 1 1
298 214 215 
1 215 1 1
299 215 216 
1 216 1 1
300 216 217 
1 217 1 1
301 217 218 
1 218 1 1
302 218 219 
1 219 1 1
303 219 220 
1 220 1 2
304 220 325 
305 325 221 
1 221 1 2
306 221 326 
307 326 222 
1 222 1 2
308 222 327 
309 327 223 
1 223 1 2
310 223 328 
311 328 224 
1 224 1 2
312 224 329 
313 329 225 
1 225 1 2
314 225 330 
315 330 226 
1 226 1 1
316 226 227 
1 227 1 1
317 227 228 
1 228 1 1
318 228 229 
1 229 1 1
319 229 230 
1 230 1 1
320 230 231 
1 231 1 1
321 231 232 
1 232 1 1
322 232 233 
1 233 1 1
323 233 234 
1 234 1 1
324 234 235 
1 235 1 2
325 235 331 
326 331 236 
1 236 1 2
327 236 332 
328 332 237 
1 237 1 2
329 237 333 
330 333 238 
1 238 1 2
331 238 334 
332 334 239 
1 239 1 2
333 239 335 
334 335 240 
1 240 1 2
335 240 336 
336 336 1 
2 1 2 5888
337 875 2656 2053 
338 1128 2625 1114 
339 2020 2581 2022 
340 1902 2565 1680 
341 1730 2915 2286 
342 1950 2262 1488 
343 2286 2915 821 
344 2286 2438 1730 
345 2189 2542 2190 
346 1768 1908 1276 
347 1781 2512 1543 
348 978 2438 2286 
349 1836 3001 690 
350 1967 2083 1454 
351 1939 1979 716 
352 1970 2394 1763 
353 1858 1952 876 
354 690 2001 1836 
355 2206 2207 2156 
356 1494 2665 1272 
357 2136 2458 1805 
358 358 2931 2481 
359 1543 2869 1781 
360 2190 2542 1793 
361 2151 2588 804 
362 2390 2528 1811 
363 433 2905 2899 
364 2201 2203 2024 
365 342 2394 1970 
366 1408 2976 2350 
367 405 2562 2017 
368 588 2458 2136 
369 664 1936 662 
370 1862 1864 1517 
371 840 1936 664 
372 978 2053 1764 
373 77 2517 359 
374 754 1851 1849 
375 2273 2487 1454 
376 155 2601 154 
377 1764 2438 978 
378 1810 1886 761 
379 1128 2184 2124 
380 402 2172 2171 
381 975 2095 1805 
382 1276 2005 1768 
383 326 2781 221 
384 2011 2375 1563 
385 1812 2876 2719 
386 2074 2381 1149 
387 1680 2565 446 
388 1791 2531 1655 
389 338 2710 2102 
390 1968 2083 1967 
391 15 2663 245 
392 1811 2528 1886 
393 1828 2651 2097 
394 1996 2453 1035 
395 2531 2548 1655 
396 402 2282 2172 
397 2124 2184 2123 
398 2020 2022 2021 
399 1091 1904 1844 
400 1408 2350 1532 
401 2156 2560 2206 
402 2150 2588 2151 
403 761 1887 1810 
404 2102 2578 338 
405 2095 2485 1584 
406 1855 2389 831 
407 1795 2527 2238 
408 2024 2202 2201 
409 950 2000 1829 
410 1710 2004 1906 
411 1749 2457 2321 
412 2112 2595 418 
413 2517 2815 2118 
414 1732 2453 1996 
415 1454 2487 1967 
416 2321 2457 1061 
417 1227 2314 1355 
418 440 2858 1827 
419 276 2595 90 
420 151 2395 371 
421 121 2396 409 
422 2203 2766 1021 
423 1295 3006 1786 
424 126 2635 125 
425 1805 2458 975 
426 1739 2269 2268 
427 244 2895 13 
428 268 2896 73 
429 310 2897 178 
430 1995 2405 916 
431 2053 2656 1764 
432 407 2815 2517 
433 1985 2238 768 
434 2017 2562 1714 
435 2075 2381 2074 
436 116 2877 283 
437 903 2000 950 
438 134 2883 292 
439 320 2887 206 
440 332 2888 236 
441 43 2885 255 
442 328 2884 223 
443 273 2886 87 
444 2235 2521 2207 
445 1864 1950 1517 
446 2530 2541 1283 
447 2012 2375 2011 
448 2207 2521 2156 
449 2899 2905 1690 
450 1794 2527 1795 
451 1896 2865 353 
452 290 2967 131 
453 60 2968 263 
454 105 2965 281 
455 239 2966 334 
456 1994 2405 1995 
457 406 2052 1832 
458 2070 2541 2530 
459 2102 2710 1935 
460 811 2515 2302 
461 400 1332 31 
462 1 445 364 
463 347 443 106 
464 181 447 363 
465 61 449 362 
466 1786 2236 1295 
467 118 3004 285 
468 1529 2735 2532 
469 318 2928 195 
470 2423 2641 1473 
471 2004 2331 1906 
472 2124 2625 1128 
473 754 1890 1851 
474 2481 2931 1727 
475 279 2960 102 
476 57 2961 260 
477 176 2962 307 
478 303 2959 162 
479 975 2485 2095 
480 1472 2408 1817 
481 2185 2556 2548 
482 1686 2426 2315 
483 1939 2343 1979 
484 1795 2238 1985 
485 1283 2541 2073 
486 1925 2268 1926 
487 1842 1943 1420 
488 1517 1950 1488 
489 2531 2891 783 
490 2023 2202 2024 
491 2073 2591 1283 
492 1757 1885 1594 
493 641 2202 2023 
494 2097 2688 1828 
495 1832 2671 406 
496 598 2252 596 
497 1816 2314 1229 
498 2014 2063 2060 
499 2543 2544 1711 
500 2410 2462 2129 
501 1652 1923 1419 
502 1827 2622 440 
503 1979 2343 1978 
504 1229 2312 1816 
505 1791 2891 2531 
506 2548 2556 1655 
507 2138 2665 1494 
508 2448 2640 1910 
509 955 2262 1950 
510 1470 2268 1925 
511 1427 2607 1905 
512 2236 2736 527 
513 2962 3017 348 
514 1517 2018 1862 
515 2204 2443 1568 
516 1923 2816 1940 
517 1127 2772 2589 
518 2061 2062 2031 
519 1782 2803 1755 
520 2111 2595 2112 
521 561 2323 556 
522 1739 2567 2269 
523 2060 2064 2014 
524 1246 2664 2573 
525 688 2527 1794 
526 1995 2737 1020 
527 2573 2664 1796 
528 1940 2816 858 
529 1021 2744 2203 
530 1952 2793 876 
531 1605 2399 1951 
532 1899 1900 1363 
533 1829 2016 950 
534 1420 1922 1842 
535 602 1890 600 
536 2280 2802 2668 
537 2686 2803 1782 
538 1438 1977 1846 
539 1316 2820 1797 
540 1949 2605 1624 
541 2285 2818 2503 
542 2217 2706 1880 
543 1392 2495 2266 
544 1927 2670 2157 
545 2532 2735 1674 
546 1913 1914 954 
547 2698 2905 433 
548 2223 2453 1732 
549 2185 2418 1284 
550 2184 2418 2185 
551 2092 2910 1800 
552 1020 2741 1995 
553 1891 2910 2092 
554 1903 3017 2962 
555 1191 2021 1195 
556 1975 2611 1065 
557 1442 2425 2006 
558 2241 2576 1109 
559 1504 2223 1732 
560 78 2517 77 
561 2016 2908 2289 
562 1727 1924 1593 
563 1341 2525 1932 
564 1844 1958 1091 
565 2589 2772 1799 
566 1797 2755 1316 
567 1794 2603 688 
568 2031 2062 2030 
569 1892 2811 429 
570 646 2077 644 
571 430 2706 2217 
572 1322 2405 1994 
573 1817 2775 1472 
574 2104 2641 2423 
575 1727 2615 1924 
576 1532 2661 1842 
577 1897 2865 1896 
578 1925 2308 1470 
579 2030 2062 1204 
580 1661 2758 2690 
581 1920 2113 1287 
582 2624 2748 1748 
583 2266 2495 2265 
584 2350 2661 1532 
585 2546 2897 459 
586 2544 2924 1711 
587 1346 2605 1949 
588 1956 2122 1955 
589 1838 2545 355 
590 1771 2883 2805 
591 1785 2907 2771 
592 899 2000 903 
593 1771 2805 2745 
594 1470 2308 1464 
595 1994 2239 1322 
596 2686 2750 1108 
597 1883 2753 655 
598 1459 2639 2630 
599 2581 3038 2022 
600 2302 2515 1857 
601 2315 2426 709 
602 2178 2576 2241 
603 1551 1887 1552 
604 1355 2314 2145 
605 2477 2786 1033 
606 1920 2115 2113 
607 1843 2367 1061 
608 1813 2654 1798 
609 1494 2338 2138 
610 1660 2758 1661 
611 688 2603 1798 
612 2503 2818 1658 
613 714 2770 1940 
614 2324 3089 2161 
615 831 2390 1855 
616 1385 2638 1504 
617 355 2616 1838 
618 1333 2579 2042 
619 2073 2614 2591 
620 2268 2269 1926 
621 1136 2589 1799 
622 1849 2252 754 
623 1738 2652 2567 
624 1937 2415 971 
625 1906 2607 1710 
626 817 2935 2645 
627 1887 2415 1937 
628 1065 2916 1975 
629 2314 2315 2145 
630 1690 1970 1969 
631 2074 2614 2073 
632 1738 2567 1739 
633 1786 2736 2236 
634 1798 2654 688 
635 2148 2150 1651 
636 1748 2748 2421 
637 1930 2752 2751 
638 600 1890 754 
639 1999 2005 869 
640 1172 2331 2004 
641 655 2835 1883 
642 1813 2687 2654 
643 1195 2021 1386 
644 1439 2459 2105 
645 1736 2876 1812 
646 1955 2122 712 
647 1884 2620 373 
648 1024 2640 2448 
649 174 2282 173 
650 2128 2451 2130 
651 1335 2038 1888 
652 348 3017 2675 
653 1412 2151 1640 
654 1881 2449 948 
655 2771 2907 751 
656 1296 2340 1917 
657 2025 2050 2026 
658 1846 3097 1438 
659 2060 2830 2064 
660 1799 3000 1136 
661 2208 2257 2075 
662 2064 2830 377 
663 1203 2050 2025 
664 2399 2884 1951 
665 1015 2302 1857 
666 1940 2846 714 
667 459 2874 2546 
668 1942 3089 2324 
669 1101 2560 2155 
670 2526 2713 1972 
671 2751 2752 1919 
672 337 2601 155 
673 2746 2766 2360 
674 1965 2613 2551 
675 2670 2871 2157 
676 1105 2443 2204 
677 1021 2766 2746 
678 2168 2762 1008 
679 1082 2683 1957 
680 2031 2632 2061 
681 1061 2457 1843 
682 1768 2005 1999 
683 1957 2760 1082 
684 1008 2929 2168 
685 2016 2289 950 
686 2130 2451 1170 
687 2104 2423 2335 
688 2315 2894 2145 
689 2456 2471 1737 
690 2509 2513 1804 
691 1907 2160 1130 
692 1737 2471 1917 
693 2257 2381 2075 
694 2743 2783 1744 
695 1229 2314 1227 
696 1727 2931 2615 
697 2142 2758 1660 
698 1690 1969 1375 
699 2668 2802 837 
700 1974 2786 2477 
701 2338 2559 2138 
702 1928 2740 390 
703 1579 2312 1628 
704 1938 3001 1836 
705 1782 2750 2686 
706 1223 2092 1460 
707 1978 2343 1306 
708 1810 1887 1551 
709 754 2252 598 
710 948 2586 1881 
711 2042 3043 1333 
712 954 2271 1913 
713 2348 2375 2012 
714 1172 2550 1173 
715 2122 2124 2123 
716 885 2340 977 
717 1952 1953 794 
718 2104 2335 2105 
719 2764 2767 2154 
720 2150 2669 2588 
721 1114 2625 1113 
722 1956 2124 2122 
723 2328 3007 2537 
724 2105 2459 2106 
725 1736 2825 2799 
726 2645 2935 2298 
727 1130 2161 1907 
728 1972 2713 435 
729 1305 2410 2070 
730 1419 1923 1420 
731 1685 2783 2743 
732 429 3080 1892 
733 2353 2613 1966 
734 1857 2487 1015 
735 1521 2409 2239 
736 1945 2260 637 
737 2248 2249 1918 
738 1772 3038 2581 
739 2013 2063 2014 
740 712 2307 1955 
741 2154 2767 2155 
742 1504 2638 2223 
743 1979 2659 716 
744 1721 2036 2035 
745 1888 2406 1335 
746 2082 2599 1205 
747 1816 2312 1579 
748 1128 2418 2184 
749 1998 2513 2509 
750 2838 2958 1882 
751 1651 2325 2148 
752 2667 2913 617 
753 2201 2766 2203 
754 1862 2018 1348 
755 353 2845 1896 
756 1885 2534 1594 
757 1751 2665 2172 
758 1898 2893 1486 
759 2150 2151 1651 
760 2041 2043 1634 
761 1082 2760 1840 
762 1499 2825 1736 
763 2127 2873 2690 
764 1949 2602 1346 
765 2429 2821 2733 
766 1934 2634 1780 
767 1130 2324 2161 
768 2006 2425 1999 
769 2128 2129 1309 
770 1486 2822 1898 
771 2149 2669 2150 
772 684 2307 712 
773 1924 2034 1593 
774 1305 2462 2410 
775 222 2781 326 
776 1217 2063 2013 
777 808 2590 779 
778 2012 2637 2348 
779 1974 2477 1548 
780 2049 2723 2051 
781 1632 2212 2211 
782 698 2879 2644 
783 2178 2660 2576 
784 895 2577 899 
785 1966 2613 1965 
786 1712 2580 1901 
787 637 2260 618 
788 1854 2921 1609 
789 2004 2550 1172 
790 2498 2643 864 
791 1887 1937 1552 
792 1983 2757 2732 
793 765 2958 2838 
794 1584 2485 2252 
795 1890 2583 1891 
796 556 2323 551 
797 1012 2354 2191 
798 1218 2534 2508 
799 1660 2812 2142 
800 2630 2639 1752 
801 1884 2701 2171 
802 1664 1977 1438 
803 1889 2406 1888 
804 1309 2451 2128 
805 2239 2409 1322 
806 2172 2675 1751 
807 2103 2813 2641 
808 1840 2817 1082 
809 2075 2291 2208 
810 2313 2867 2804 
811 2148 2325 1384 
812 1855 3077 2389 
813 1015 2487 2273 
814 2247 2782 1430 
815 1996 2831 1083 
816 2205 2684 2360 
817 1083 2832 1996 
818 2090 2336 1377 
819 1548 2920 1974 
820 1363 2863 1899 
821 2010 2842 1921 
822 644 2077 818 
823 899 2577 2000 
824 2191 2354 1701 
825 1969 1984 1375 
826 1908 1909 1276 
827 2289 2908 1607 
828 2154 2741 1020 
829 2663 2911 1866 
830 2367 2568 1066 
831 1525 2275 2034 
832 1966 3078 2353 
833 3013 3036 2002 
834 2008 2047 2007 
835 2065 2632 404 
836 1905 2607 1906 
837 2804 2867 1553 
838 2662 2663 1866 
839 1909 2640 2089 
840 1609 2761 1854 
841 1848 2776 1882 
842 2070 2530 1305 
843 2010 2944 2842 
844 847 2510 2035 
845 1831 2971 966 
846 2582 2602 1949 
847 1680 2799 1902 
848 1091 2077 646 
849 2733 2821 1653 
850 2586 2795 1881 
851 1366 2093 1349 
852 1239 1943 1007 
853 2252 2485 596 
854 1905 2844 1427 
855 1091 3094 1904 
856 2227 2778 2226 
857 823 2776 1848 
858 1272 2665 1751 
859 1929 1930 467 
860 2511 2850 345 
861 499 2299 2265 
862 2089 2982 1909 
863 359 2517 2516 
864 2247 2318 491 
865 1953 1954 794 
866 1401 2660 2178 
867 2097 2651 1100 
868 1687 2336 2090 
869 2042 2579 2043 
870 1543 2512 1356 
871 2265 2495 499 
872 1917 2471 1296 
873 1420 1943 1239 
874 2289 2520 914 
875 1341 2535 399 
876 1343 2535 1344 
877 1686 2315 1816 
878 2007 2047 1102 
879 1815 2947 2847 
880 2707 2773 1880 
881 2852 2931 358 
882 1222 2091 1971 
883 2496 2547 2497 
884 2003 2811 1892 
885 561 3037 2323 
886 2776 2838 1882 
887 876 2610 1858 
888 844 2872 2251 
889 1460 2092 1800 
890 2719 2876 392 
891 2352 2631 2551 
892 2902 2977 1615 
893 1464 2308 1463 
894 1307 2021 1191 
895 966 3019 1831 
896 2583 2910 1891 
897 1349 2093 411 
898 2155 2560 2156 
899 2806 3034 2134 
900 1932 2525 1933 
901 2048 2050 2047 
902 641 2347 2202 
903 1020 2764 2154 
904 2420 2703 2632 
905 1634 2045 1633 
906 1430 2782 2604 
907 2024 2204 1568 
908 2036 2656 875 
909 2847 2947 569 
910 1521 2239 1989 
911 2113 2115 2114 
912 2511 2878 2850 
913 1499 2908 2825 
914 2129 2462 1309 
915 1919 2547 970 
916 1918 2340 2248 
917 949 2795 2586 
918 412 3038 2959 
919 2036 2580 1712 
920 637 2080 1945 
921 2231 2410 2129 
922 2193 2526 2341 
923 1516 2753 1883 
924 1682 3034 2806 
925 2690 2873 1661 
926 1848 2914 823 
927 1651 2151 1412 
928 1843 2568 2367 
929 2035 2510 1721 
930 1113 2625 1957 
931 2207 2344 2235 
932 1452 1997 1731 
933 2858 2952 1827 
934 2105 2335 1439 
935 1701 2571 1586 
936 1944 2020 1307 
937 605 2347 641 
938 2077 2747 818 
939 2123 2184 2183 
940 2687 2800 570 
941 2641 2813 1954 
942 2388 2989 376 
943 2043 2045 1634 
944 1307 2108 1944 
945 1214 2505 2400 
946 2226 2778 1648 
947 1449 2304 1451 
948 1932 2535 1341 
949 2488 2987 2972 
950 1840 2839 2817 
951 1912 2826 2136 
952 2115 2516 2114 
953 1914 2998 954 
954 2360 2684 1202 
955 977 2340 1296 
956 2061 2632 2065 
957 1369 2513 1998 
958 1017 2091 1222 
959 2203 2756 2204 
960 491 2319 2247 
961 1595 2366 2192 
962 1037 2786 1973 
963 1525 2034 1924 
964 2211 2212 2210 
965 1941 2700 1986 
966 374 2595 2403 
967 1889 3024 2406 
968 2241 2839 1840 
969 1900 2608 1363 
970 2259 2977 2902 
971 1721 2580 2036 
972 1607 2908 1499 
973 741 2231 2126 
974 2210 2212 1233 
975 2387 2388 376 
976 746 2182 772 
977 2021 2022 1386 
978 407 2517 78 
979 1758 2233 1981 
980 1652 2816 1923 
981 1690 2905 1970 
982 2348 2637 960 
983 2006 2643 2498 
984 615 2507 2243 
985 373 2699 1884 
986 1222 2092 1223 
987 2862 2864 2064 
988 2673 2678 2672 
989 1971 2092 1222 
990 1607 2520 2289 
991 445 446 364 
992 347 444 443 
993 447 448 363 
994 449 450 362 
995 1936 2621 662 
996 2249 2361 1918 
997 2732 2757 381 
998 2170 2600 2566 
999 1879 1950 1864 
1000 2573 2623 1679 
1001 2692 3108 393 
1002 1633 2578 2102 
1003 1606 2602 2582 
1004 2256 2357 1486 
1005 1855 2390 1426 
1006 1463 2446 2228 
1007 1205 2599 2363 
1008 1306 2245 1978 
1009 1912 2890 2826 
1010 2219 2913 2667 
1011 125 2635 442 
1012 2637 2807 960 
1013 2006 2498 1442 
1014 2008 2048 2047 
1015 970 2751 1919 
1016 840 3021 1936 
1017 2126 2231 2129 
1018 1813 2800 2687 
1019 2821 2843 1653 
1020 818 2747 2631 
1021 1715 2976 1408 
1022 2251 3002 844 
1023 2248 2340 885 
1024 1785 2621 1936 
1025 1149 2614 2074 
1026 2744 2756 2203 
1027 618 2260 620 
1028 1910 2995 2448 
1029 391 2723 2049 
1030 1634 2237 2041 
1031 2062 2345 1204 
1032 1604 2244 1980 
1033 1883 2941 1516 
1034 2312 2313 1628 
1035 2182 2183 772 
1036 2673 2945 441 
1037 1612 2871 2009 
1038 2203 2204 2024 
1039 2794 2834 1441 
1040 1704 2278 1560 
1041 1901 2784 1712 
1042 2123 2183 2182 
1043 860 2263 552 
1044 2508 2534 1988 
1045 2695 3045 2788 
1046 2403 2595 2111 
1047 1027 2237 1372 
1048 1184 2414 2108 
1049 2013 2364 1217 
1050 2400 2505 2169 
1051 1343 3051 2535 
1052 2243 2507 1734 
1053 1102 2339 2007 
1054 2535 3051 399 
1055 2048 3081 2050 
1056 680 2307 684 
1057 1653 2843 1365 
1058 1284 2556 2185 
1059 731 2107 730 
1060 2644 2879 2146 
1061 1502 1984 1626 
1062 1704 2279 2278 
1063 1695 2587 2316 
1064 419 2884 2399 
1065 1725 2016 1428 
1066 867 2005 964 
1067 1739 2268 2267 
1068 2115 2823 2516 
1069 1544 2161 1693 
1070 2023 2379 641 
1071 1998 2277 1369 
1072 1957 2683 1113 
1073 2025 2380 1203 
1074 559 2177 583 
1075 859 2096 861 
1076 2216 3006 1295 
1077 1218 2536 2534 
1078 1985 2623 2573 
1079 1452 2033 1997 
1080 390 2774 1928 
1081 1801 2984 2775 
1082 1420 1923 1922 
1083 2192 2366 634 
1084 1632 2620 1884 
1085 394 2526 2193 
1086 2354 2571 1701 
1087 2810 2834 1647 
1088 1780 2920 1934 
1089 884 2256 1486 
1090 2064 2864 2014 
1091 441 2727 2673 
1092 1321 2677 1931 
1093 1401 2759 2660 
1094 2117 2120 2119 
1095 2230 2231 741 
1096 961 2158 2140 
1097 1970 2905 342 
1098 1451 2304 1889 
1099 1379 2244 1604 
1100 555 2177 559 
1101 2972 2987 1742 
1102 294 2617 425 
1103 306 2616 355 
1104 2334 2590 808 
1105 2420 2632 2031 
1106 2566 2600 337 
1107 2476 2684 2560 
1108 1018 2091 1017 
1109 343 2652 2592 
1110 2118 2815 2117 
1111 1934 3113 2634 
1112 1789 2897 2546 
1113 761 2415 1887 
1114 2208 2291 726 
1115 970 2547 2496 
1116 1122 2244 1379 
1117 861 2096 870 
1118 704 3001 1938 
1119 1204 2356 2030 
1120 700 2230 741 
1121 1989 2240 1521 
1122 1907 2393 2160 
1123 730 2107 1138 
1124 2147 2148 1384 
1125 964 2005 1276 
1126 1720 2994 2580 
1127 2308 2446 1463 
1128 879 2139 1502 
1129 2143 2147 1384 
1130 2235 2344 597 
1131 1980 2328 1604 
1132 2214 2232 2190 
1133 602 2583 1890 
1134 1130 2160 952 
1135 2045 2578 1633 
1136 2211 2620 1632 
1137 1785 2771 2621 
1138 1450 2227 1081 
1139 1390 2119 1728 
1140 1326 2270 1987 
1141 758 2361 2249 
1142 2028 2386 1530 
1143 794 2793 1952 
1144 1663 2808 2677 
1145 1428 2016 1829 
1146 856 2029 665 
1147 2046 2050 1203 
1148 1695 2316 2229 
1149 1917 2340 1918 
1150 2316 2587 344 
1151 1626 1984 1969 
1152 689 3036 3013 
1153 2333 2386 2028 
1154 1907 2161 1544 
1155 1712 2656 2036 
1156 2060 2063 2057 
1157 1502 2139 1984 
1158 2108 2414 1944 
1159 2160 2393 2159 
1160 863 2263 860 
1161 1066 2086 2085 
1162 1595 2759 1401 
1163 985 2313 2311 
1164 2027 2028 1530 
1165 628 2232 2214 
1166 2187 2304 1449 
1167 844 2762 2168 
1168 2516 2823 359 
1169 2055 2468 2096 
1170 1639 2681 2633 
1171 1336 2403 1608 
1172 1643 2545 1838 
1173 1973 2916 1037 
1174 710 2182 746 
1175 2672 2678 1649 
1176 641 2379 607 
1177 1203 2380 1077 
1178 1763 3088 1970 
1179 1485 2227 1450 
1180 1562 2112 1694 
1181 1351 2119 1390 
1182 1377 2497 2090 
1183 2716 2724 2120 
1184 1890 1891 1851 
1185 2106 2459 2107 
1186 2215 2351 2216 
1187 2943 3081 2051 
1188 768 2623 1985 
1189 922 2262 955 
1190 1217 2364 1164 
1191 869 2006 1999 
1192 637 3104 2080 
1193 2116 2117 1350 
1194 2168 2872 844 
1195 1061 2367 1054 
1196 418 2666 2112 
1197 639 2369 2152 
1198 345 2887 2511 
1199 968 2237 1027 
1200 1068 2085 1513 
1201 1912 2936 774 
1202 2387 2552 2135 
1203 2039 2040 1117 
1204 1204 2345 1156 
1205 603 2347 605 
1206 2056 2063 1217 
1207 376 2552 2387 
1208 1255 2116 1350 
1209 2176 2466 2177 
1210 1384 2325 1383 
1211 1757 3040 1885 
1212 742 2071 2067 
1213 2151 2973 1640 
1214 575 2272 874 
1215 890 2240 578 
1216 548 2273 540 
1217 527 2055 2054 
1218 2009 2886 1770 
1219 1474 2267 1468 
1220 1372 2237 1634 
1221 1908 1910 1909 
1222 2119 2120 1728 
1223 2171 2701 402 
1224 1981 2233 1271 
1225 1958 2077 1091 
1226 878 2139 879 
1227 869 2005 867 
1228 2368 2538 1819 
1229 2116 2118 2117 
1230 1691 2508 1988 
1231 2034 2275 1010 
1232 1664 2801 1977 
1233 2057 2063 2056 
1234 1891 2092 1971 
1235 1512 2592 1738 
1236 1691 2740 1928 
1237 1609 2081 1084 
1238 669 2078 689 
1239 875 2053 812 
1240 938 2271 954 
1241 2067 2071 2068 
1242 1445 2088 2087 
1243 1812 2066 1498 
1244 946 2039 1117 
1245 1613 3041 2820 
1246 2169 2505 845 
1247 1071 2339 1102 
1248 1346 2602 1951 
1249 2295 2925 1263 
1250 2186 2497 1377 
1251 432 2942 2330 
1252 1075 2046 1203 
1253 942 2037 997 
1254 369 2700 1941 
1255 374 2403 1336 
1256 1438 3097 1997 
1257 1233 2373 2210 
1258 2037 2754 997 
1259 316 3049 381 
1260 1832 2052 1539 
1261 1100 2094 886 
1262 1666 3108 1911 
1263 1389 2134 2131 
1264 382 2538 2368 
1265 841 2100 961 
1266 266 1349 411 
1267 242 1347 410 
1268 314 1325 408 
1269 398 1328 321 
1270 274 1336 413 
1271 389 1575 280 
1272 365 1339 323 
1273 387 1337 309 
1274 388 1338 333 
1275 257 1334 354 
1276 329 1345 352 
1277 355 1342 305 
1278 396 1334 258 
1279 374 1336 275 
1280 262 457 385 
1281 397 1345 330 
1282 304 1342 412 
1283 324 461 365 
1284 322 1339 398 
1285 381 1325 315 
1286 380 1347 243 
1287 379 1349 267 
1288 518 2027 1530 
1289 1306 2467 1023 
1290 1796 2664 2191 
1291 2551 2631 1965 
1292 2243 3104 637 
1293 774 2890 1912 
1294 734 2107 731 
1295 1118 2140 1316 
1296 1162 2056 1217 
1297 952 2160 912 
1298 678 2441 680 
1299 620 2445 622 
1300 1052 2321 1061 
1301 651 2179 655 
1302 527 2054 523 
1303 703 2141 682 
1304 2051 3081 2048 
1305 742 2067 722 
1306 1624 2605 2330 
1307 2437 2468 2055 
1308 934 2076 951 
1309 798 2286 821 
1310 1454 2083 536 
1311 1060 2085 1068 
1312 874 2272 1459 
1313 1695 2229 1310 
1314 912 2160 2159 
1315 1739 2267 1474 
1316 2263 2553 2028 
1317 1805 2095 1476 
1318 1463 2228 1142 
1319 1015 2273 548 
1320 1895 2365 1915 
1321 1927 2939 372 
1322 2678 2870 1832 
1323 665 2029 661 
1324 1933 2525 2044 
1325 2260 2445 620 
1326 1173 2550 1176 
1327 2106 2107 734 
1328 1549 2135 1976 
1329 1816 2315 2314 
1330 1547 2102 1935 
1331 1154 2356 1204 
1332 1267 2143 1384 
1333 525 2236 527 
1334 1921 2842 696 
1335 2332 2623 768 
1336 645 2180 769 
1337 1886 3069 761 
1338 836 2439 2429 
1339 1565 2170 2017 
1340 1298 2033 1146 
1341 1416 2084 1743 
1342 1081 2227 2224 
1343 2184 2185 2183 
1344 1978 2245 1456 
1345 284 2877 116 
1346 2044 2524 1933 
1347 781 2082 1205 
1348 2775 2984 1512 
1349 1624 2099 1447 
1350 1375 1984 1208 
1351 2258 2270 1983 
1352 1445 2087 1275 
1353 1683 2806 2137 
1354 626 2232 628 
1355 14 2895 244 
1356 179 2897 310 
1357 74 2896 268 
1358 1253 2432 2320 
1359 1951 2602 1605 
1360 955 2101 924 
1361 2085 2086 1513 
1362 2277 2501 1369 
1363 1389 2131 1236 
1364 1947 2109 1598 
1365 736 2106 734 
1366 356 2886 2009 
1367 1022 2209 829 
1368 1238 2137 1389 
1369 2086 2501 2277 
1370 1560 2422 1213 
1371 1066 2568 2086 
1372 845 2590 2169 
1373 779 2590 845 
1374 2246 2318 2247 
1375 2008 2049 2048 
1376 2266 2385 1769 
1377 2311 2313 2312 
1378 1973 2786 1974 
1379 2174 2177 555 
1380 173 2282 402 
1381 880 2213 755 
1382 1456 2245 1121 
1383 2429 2439 2290 
1384 2175 2963 2176 
1385 535 2215 532 
1386 2131 2134 2132 
1387 991 2431 1127 
1388 1422 2157 1612 
1389 2110 2111 1561 
1390 2320 2432 2300 
1391 649 2179 651 
1392 1271 2233 1092 
1393 2265 2299 2264 
1394 912 2159 906 
1395 1977 2801 452 
1396 593 2369 639 
1397 552 2263 2027 
1398 1487 2385 2266 
1399 1938 3014 704 
1400 1030 2288 1033 
1401 293 2883 134 
1402 236 2888 331 
1403 223 2884 327 
1404 256 2885 43 
1405 206 2887 319 
1406 87 2886 272 
1407 1711 2784 2543 
1408 549 2242 1520 
1409 2140 2820 1316 
1410 639 2521 2235 
1411 1574 2413 1545 
1412 2173 2179 649 
1413 2103 2104 759 
1414 1184 2108 1186 
1415 1198 2373 1233 
1416 2185 2548 2183 
1417 883 2256 884 
1418 1065 2187 1040 
1419 2278 2422 1560 
1420 1521 2240 890 
1421 1170 2606 2130 
1422 1146 2033 1147 
1423 992 2246 1430 
1424 1018 2362 2091 
1425 1490 2258 1983 
1426 2892 2951 1762 
1427 1143 2257 1139 
1428 2178 2241 1507 
1429 1081 2224 1046 
1430 2476 2560 1101 
1431 1230 2275 1525 
1432 2054 2096 859 
1433 2113 2114 1254 
1434 492 2318 495 
1435 2919 2946 438 
1436 1529 2274 1009 
1437 544 2242 549 
1438 680 2441 2307 
1439 511 2285 2079 
1440 1194 2261 1480 
1441 487 2319 488 
1442 503 2299 500 
1443 2049 3075 391 
1444 1483 2284 1104 
1445 1911 2801 1666 
1446 998 2275 1230 
1447 3019 3109 1831 
1448 1383 2326 1458 
1449 1487 2264 983 
1450 718 2230 700 
1451 1943 2489 1007 
1452 511 2079 513 
1453 1287 2921 1920 
1454 2272 2639 1459 
1455 829 2209 827 
1456 473 2283 1108 
1457 1009 2274 1249 
1458 1104 2284 853 
1459 831 2528 2390 
1460 1084 2081 1085 
1461 1011 2310 1010 
1462 2677 2808 1931 
1463 2072 2291 2075 
1464 755 2213 713 
1465 2197 2205 2200 
1466 3039 3089 1986 
1467 1314 2110 1561 
1468 1399 2178 1507 
1469 550 2174 555 
1470 742 2291 2072 
1471 958 2140 1118 
1472 475 2283 473 
1473 682 2141 671 
1474 532 2215 530 
1475 2147 2149 2148 
1476 643 2180 645 
1477 647 2173 649 
1478 816 2100 841 
1479 886 2094 838 
1480 2580 2994 1901 
1481 1180 2261 1194 
1482 2258 2596 2270 
1483 2592 2652 1738 
1484 578 2240 579 
1485 2020 2021 1307 
1486 1127 2431 2293 
1487 477 2186 479 
1488 1147 2033 1151 
1489 507 2285 508 
1490 1868 2217 1869 
1491 1479 2136 1805 
1492 739 2103 759 
1493 1997 2033 1298 
1494 1124 2244 1122 
1495 1250 2258 1490 
1496 2181 2638 1385 
1497 1529 2532 2274 
1498 2218 2219 1620 
1499 1431 2253 1806 
1500 1289 2294 1686 
1501 630 2214 685 
1502 2246 2247 1430 
1503 1139 2257 773 
1504 1704 2802 2280 
1505 2633 2681 1937 
1506 1820 2225 1819 
1507 988 2246 992 
1508 667 2078 669 
1509 1228 2143 1267 
1510 2328 2537 1604 
1511 1125 2113 1254 
1512 1045 2187 1449 
1513 695 2121 710 
1514 2009 2871 2276 
1515 1174 2455 2377 
1516 1722 2794 2142 
1517 1286 2259 1602 
1518 983 2264 980 
1519 1832 2870 2671 
1520 2078 2834 2810 
1521 2343 2467 1306 
1522 2040 2041 1117 
1523 1402 2170 1565 
1524 847 2035 834 
1525 1098 2097 1100 
1526 1487 2265 2264 
1527 488 2319 491 
1528 2392 2974 1953 
1529 1354 2135 1549 
1530 400 2579 1332 
1531 1376 2181 1385 
1532 427 2878 1976 
1533 1144 2228 1148 
1534 491 2318 492 
1535 1373 2212 1632 
1536 1990 2239 1994 
1537 1489 2229 2019 
1538 500 2299 499 
1539 1561 2112 1562 
1540 2194 3080 429 
1541 297 2845 353 
1542 1888 2038 1484 
1543 1929 3070 1930 
1544 1498 2066 1496 
1545 1142 2228 1141 
1546 907 2289 914 
1547 1310 2229 1247 
1548 812 2053 802 
1549 1476 2095 1475 
1550 1986 3089 1942 
1551 699 2125 703 
1552 1404 2102 1547 
1553 1503 2305 956 
1554 811 2302 557 
1555 1522 2032 1905 
1556 2149 2150 2148 
1557 409 2396 1717 
1558 371 2395 1759 
1559 571 2272 575 
1560 1025 2306 1495 
1561 1468 2267 1466 
1562 742 2072 2071 
1563 1407 2287 1678 
1564 1457 2309 2010 
1565 994 2139 878 
1566 1461 2218 1620 
1567 2086 2277 1513 
1568 944 2039 946 
1569 540 2273 538 
1570 2333 3018 2234 
1571 1624 2330 2099 
1572 2288 2477 1033 
1573 536 2083 534 
1574 2040 2042 2041 
1575 1088 2311 1229 
1576 1722 2834 2794 
1577 2534 2536 1594 
1578 2049 2051 2048 
1579 2072 2073 2071 
1580 973 2245 1306 
1581 2121 2182 710 
1582 1301 2297 1729 
1583 823 2338 2337 
1584 1804 3101 2509 
1585 916 2737 1995 
1586 1010 2310 2034 
1587 1073 2046 1075 
1588 1971 2091 1850 
1589 1350 2119 1351 
1590 508 2285 511 
1591 1704 2280 2279 
1592 940 2037 942 
1593 1437 2250 2164 
1594 1584 2252 1849 
1595 789 2249 2248 
1596 1445 2089 2088 
1597 1583 2233 1758 
1598 1984 2139 1208 
1599 919 2306 1025 
1600 523 2054 522 
1601 1140 1141 1139 
1602 1451 1484 1450 
1603 1490 1982 1592 
1604 1311 1438 1298 
1605 1097 2259 1286 
1606 1507 1840 1629 
1607 658 660 659 
1608 660 665 661 
1609 656 658 657 
1610 1626 1636 1635 
1611 653 656 654 
1612 1493 1742 1491 
1613 881 2248 885 
1614 1659 2220 2218 
1615 651 653 652 
1616 2221 2222 1677 
1617 2126 2128 2127 
1618 1138 1139 773 
1619 2175 2992 2963 
1620 1279 1610 1609 
1621 1103 1356 1131 
1622 677 701 678 
1623 559 569 560 
1624 992 1097 1096 
1625 918 1103 957 
1626 1457 1637 1456 
1627 649 651 650 
1628 897 2577 895 
1629 1148 1298 1146 
1630 1399 1507 1400 
1631 1316 2110 1314 
1632 1502 1626 1625 
1633 1293 1522 1294 
1634 1235 2098 2097 
1635 873 1376 956 
1636 956 2305 611 
1637 1460 1659 1461 
1638 798 821 797 
1639 961 2140 958 
1640 1446 1761 1448 
1641 1220 1475 1219 
1642 671 2141 856 
1643 1602 1811 1810 
1644 1994 1995 1992 
1645 1025 1247 1014 
1646 1449 1450 1081 
1647 1102 2047 2046 
1648 861 864 862 
1649 1088 1089 986 
1650 1250 1490 1288 
1651 1134 1491 638 
1652 1227 1228 1089 
1653 1632 1884 1527 
1654 2035 2036 875 
1655 1372 1633 1404 
1656 1355 2143 1228 
1657 555 559 556 
1658 2144 2147 2143 
1659 741 2126 2125 
1660 820 2100 816 
1661 1989 1990 1201 
1662 859 861 860 
1663 1374 1689 1375 
1664 1386 1643 1362 
1665 533 534 532 
1666 838 2094 876 
1667 1452 1453 1206 
1668 984 986 983 
1669 846 878 877 
1670 1017 1222 1019 
1671 554 558 557 
1672 558 567 564 
1673 549 554 553 
1674 712 2122 2121 
1675 647 649 648 
1676 972 973 829 
1677 1728 1927 1421 
1678 1272 1750 1271 
1679 550 555 551 
1680 1135 2180 643 
1681 1207 1374 1208 
1682 1230 1524 1354 
1683 905 918 909 
1684 1416 1743 1415 
1685 1514 1723 1515 
1686 2197 2200 2199 
1687 1194 1402 1270 
1688 1539 2052 1537 
1689 1512 1738 1474 
1690 1093 1271 1092 
1691 895 899 894 
1692 893 894 892 
1693 1434 2162 1599 
1694 891 892 890 
1695 530 2215 1295 
1696 2171 2172 1528 
1697 1068 1216 1069 
1698 893 895 894 
1699 546 550 547 
1700 2015 3070 1929 
1701 891 893 892 
1702 1436 1437 1434 
1703 756 789 755 
1704 1137 2295 1263 
1705 713 2213 714 
1706 2164 2165 2163 
1707 1987 3088 1326 
1708 977 1122 976 
1709 531 532 530 
1710 1215 2057 2056 
1711 544 549 548 
1712 2175 2176 2174 
1713 1524 2135 1354 
1714 1409 2309 1457 
1715 522 859 552 
1716 874 891 890 
1717 828 829 827 
1718 645 647 646 
1719 640 2197 2196 
1720 885 976 883 
1721 1269 1432 1431 
1722 1598 2109 1493 
1723 2068 2070 2069 
1724 715 755 713 
1725 858 2846 1940 
1726 1433 1434 1432 
1727 881 883 882 
1728 1379 1603 1380 
1729 998 1230 1104 
1730 567 570 564 
1731 1230 1354 1104 
1732 1402 1565 1270 
1733 1583 1757 1594 
1734 558 564 557 
1735 1065 2304 2187 
1736 769 2173 647 
1737 554 557 553 
1738 557 2302 553 
1739 1122 1379 1123 
1740 874 890 578 
1741 2165 2167 2166 
1742 2044 3043 2042 
1743 789 881 880 
1744 827 2209 2082 
1745 1437 2163 2162 
1746 833 2174 550 
1747 542 546 543 
1748 694 713 693 
1749 2067 2068 889 
1750 2198 2205 2197 
1751 1355 2144 2143 
1752 2061 2065 2059 
1753 2635 2796 2787 
1754 549 553 548 
1755 2122 2123 2121 
1756 1023 1269 1268 
1757 1227 1355 1228 
1758 2058 2059 2057 
1759 1088 1227 1089 
1760 1274 1445 1275 
1761 2055 2096 2054 
1762 2377 2455 1555 
1763 420 2928 1982 
1764 1942 2324 1448 
1765 984 1088 986 
1766 587 693 586 
1767 1103 1131 957 
1768 1471 1512 1474 
1769 851 1092 852 
1770 1513 1514 1216 
1771 1441 2078 667 
1772 1194 1270 1183 
1773 973 1023 1022 
1774 1633 2102 1404 
1775 918 957 909 
1776 534 542 535 
1777 1691 1928 1689 
1778 995 1207 994 
1779 1287 2113 1125 
1780 467 3087 1929 
1781 1931 3086 1321 
1782 822 851 824 
1783 577 2951 2892 
1784 529 530 528 
1785 2238 2527 707 
1786 1811 1886 1810 
1787 585 586 584 
1788 712 2121 695 
1789 888 994 878 
1790 1176 2484 2261 
1791 1376 1385 956 
1792 1453 1669 1481 
1793 2042 2043 2041 
1794 643 645 644 
1795 809 822 810 
1796 638 2232 626 
1797 1659 2218 1461 
1798 964 1274 965 
1799 845 846 793 
1800 984 2311 1088 
1801 583 584 569 
1802 982 984 983 
1803 1372 1404 1111 
1804 861 862 860 
1805 2027 2263 2028 
1806 834 2035 875 
1807 1457 1921 1637 
1808 1106 2324 1130 
1809 1989 2239 1990 
1810 1466 1470 1464 
1811 785 809 786 
1812 1440 1463 1142 
1813 1496 1695 1310 
1814 1286 1602 1551 
1815 872 1017 871 
1816 1151 1206 1152 
1817 1151 2033 1452 
1818 1479 1805 1476 
1819 779 793 767 
1820 660 661 659 
1821 700 741 699 
1822 1736 1812 1498 
1823 1602 1810 1551 
1824 1565 2017 1714 
1825 1027 1372 1111 
1826 834 875 812 
1827 920 2262 922 
1828 1711 2924 1645 
1829 684 712 695 
1830 1223 1460 1443 
1831 1547 1935 1934 
1832 1631 1957 1956 
1833 538 1454 536 
1834 1079 1279 1084 
1835 1471 1474 1468 
1836 565 577 571 
1837 1946 1947 1598 
1838 946 1117 968 
1839 609 873 611 
1840 1115 1287 1125 
1841 739 759 736 
1842 663 1441 667 
1843 632 2192 634 
1844 802 978 800 
1845 1180 1194 1183 
1846 1451 1888 1484 
1847 2188 2189 1492 
1848 1440 1464 1463 
1849 1912 2136 1479 
1850 658 659 657 
1851 1490 1592 1288 
1852 873 956 611 
1853 982 983 980 
1854 752 2103 739 
1855 2224 2226 1064 
1856 1140 1142 1141 
1857 1876 2003 1892 
1858 1409 1456 1121 
1859 821 1737 1444 
1860 764 785 766 
1861 575 874 578 
1862 1406 2287 1407 
1863 1523 1896 1522 
1864 1075 1203 1077 
1865 1900 3102 2937 
1866 730 773 728 
1867 1549 1976 1719 
1868 1449 1451 1450 
1869 1946 1948 1947 
1870 1425 1856 1855 
1871 942 997 944 
1872 1969 1970 1636 
1873 998 1104 853 
1874 1220 1476 1475 
1875 2141 2142 856 
1876 879 1502 1501 
1877 1589 2170 1402 
1878 750 767 748 
1879 1591 2251 2250 
1880 1401 2178 1399 
1881 988 992 990 
1882 1138 1140 1139 
1883 1279 1609 1084 
1884 746 772 762 
1885 1097 1286 1096 
1886 2326 2506 2327 
1887 1460 1461 1443 
1888 636 677 676 
1889 1496 2066 1695 
1890 1160 2056 1162 
1891 669 689 673 
1892 683 699 682 
1893 656 657 654 
1894 1025 1310 1247 
1895 605 641 607 
1896 601 2196 603 
1897 1373 1527 1378 
1898 544 548 540 
1899 790 794 770 
1900 1166 1293 1168 
1901 1314 1561 1315 
1902 1649 1832 1539 
1903 1212 1219 1210 
1904 903 950 907 
1905 1872 1880 1874 
1906 1278 1814 1553 
1907 792 797 776 
1908 1556 1972 1423 
1909 1475 1584 1478 
1910 859 860 552 
1911 1281 1446 1280 
1912 1071 1102 1073 
1913 1409 1457 1456 
1914 1133 1399 701 
1915 1189 1307 1191 
1916 905 909 901 
1917 744 764 745 
1918 802 2053 978 
1919 938 954 940 
1920 525 527 523 
1921 867 964 868 
1922 625 638 626 
1923 1311 1664 1438 
1924 653 654 652 
1925 1906 2331 1294 
1926 708 748 707 
1927 1118 1314 1119 
1928 1390 1728 1421 
1929 1851 1971 1850 
1930 1825 1826 1823 
1931 1121 2245 972 
1932 1489 2018 1517 
1933 2131 2132 2098 
1934 838 876 815 
1935 1107 1280 1106 
1936 1254 2116 1255 
1937 1308 1482 819 
1938 1195 1386 1362 
1939 1297 1415 1124 
1940 1144 1146 1145 
1941 1162 1217 1164 
1942 1148 1311 1298 
1943 672 682 671 
1944 1537 1663 1535 
1945 1507 1629 1400 
1946 870 871 864 
1947 1247 1489 1488 
1948 795 820 816 
1949 1493 2109 1742 
1950 884 1486 1257 
1951 1526 2290 1242 
1952 1567 2181 1376 
1953 1448 2324 1280 
1954 1141 1144 1143 
1955 1740 2093 1610 
1956 1636 1987 1635 
1957 2068 2541 2070 
1958 724 742 722 
1959 590 1989 1201 
1960 1263 1406 1264 
1961 782 1377 788 
1962 958 1118 959 
1963 730 1138 773 
1964 1267 1384 1383 
1965 651 652 650 
1966 865 869 867 
1967 1522 1905 1294 
1968 1484 1753 1485 
1969 934 951 936 
1970 992 1096 990 
1971 686 688 581 
1972 1990 1994 1992 
1973 2615 2950 2388 
1974 953 1106 952 
1975 1134 1493 1491 
1976 1626 1635 1625 
1977 666 671 665 
1978 1637 1979 1978 
1979 1761 1941 1448 
1980 1060 1068 1063 
1981 1212 1220 1219 
1982 1098 1100 886 
1983 687 707 686 
1984 1250 1288 1094 
1985 704 744 705 
1986 671 856 665 
1987 1099 1235 1098 
1988 1484 2038 1753 
1989 936 2271 938 
1990 1259 2292 855 
1991 997 2039 944 
1992 1045 1449 1081 
1993 2047 2050 2046 
1994 841 961 958 
1995 677 678 676 
1996 2285 2503 2079 
1997 1158 1215 1160 
1998 1990 1992 1991 
1999 2675 2853 348 
2000 1141 2228 1144 
2001 1527 2171 1528 
2002 919 1025 1014 
2003 841 958 843 
2004 1235 2097 1098 
2005 526 528 525 
2006 1110 1583 1582 
2007 767 2332 768 
2008 1247 2229 1489 
2009 2128 2130 2127 
2010 2635 2787 2269 
2011 2376 2976 1715 
2012 1222 1223 1019 
2013 533 536 534 
2014 1106 1130 952 
2015 2132 2133 2098 
2016 1500 2332 877 
2017 630 685 632 
2018 919 1014 920 
2019 599 640 601 
2020 887 1098 886 
2021 1611 1740 1610 
2022 1612 2009 1613 
2023 2280 2281 2279 
2024 722 2067 720 
2025 649 650 648 
2026 1144 1148 1146 
2027 1399 1400 701 
2028 2126 2127 2125 
2029 1489 2019 2018 
2030 932 2076 934 
2031 913 952 912 
2032 1487 2266 2265 
2033 1455 1567 1376 
2034 1475 2095 1584 
2035 580 1135 643 
2036 521 522 520 
2037 1118 1316 1314 
2038 1045 1081 1046 
2039 580 643 642 
2040 930 948 932 
2041 582 686 581 
2042 826 827 807 
2043 816 841 817 
2044 1643 1838 1644 
2045 559 560 556 
2046 792 798 797 
2047 1293 1294 1168 
2048 1056 1066 1058 
2049 726 2291 724 
2050 1502 1625 1501 
2051 720 889 718 
2052 744 765 764 
2053 1267 1383 1382 
2054 1042 2187 1045 
2055 1095 1250 1094 
2056 2215 2216 1295 
2057 1058 2085 1060 
2058 1446 1448 1280 
2059 1040 2187 1042 
2060 2072 2074 2073 
2061 1396 2137 1238 
2062 1046 2224 1048 
2063 1896 2032 1522 
2064 1154 1204 1156 
2065 924 2101 926 
2066 997 2524 2039 
2067 1796 2191 1702 
2068 1447 2099 1446 
2069 839 886 838 
2070 625 1134 638 
2071 699 703 682 
2072 1452 1731 1453 
2073 2155 2767 1101 
2074 767 768 748 
2075 1102 2046 1073 
2076 628 2214 630 
2077 878 879 877 
2078 2267 2268 1470 
2079 2311 2312 1229 
2080 972 2245 973 
2081 807 2082 781 
2082 865 867 866 
2083 1407 1678 1414 
2084 1373 1632 1527 
2085 2001 3013 2002 
2086 795 816 796 
2087 555 556 551 
2088 479 2186 782 
2089 590 1201 591 
2090 954 2037 940 
2091 531 533 532 
2092 1228 1267 1266 
2093 1689 1690 1375 
2094 741 2125 699 
2095 1544 1692 1543 
2096 2003 2773 375 
2097 1195 1362 1196 
2098 574 581 573 
2099 1017 1019 871 
2100 830 838 815 
2101 1429 1543 1356 
2102 2326 2327 1458 
2103 1294 2331 1168 
2104 647 648 646 
2105 926 949 928 
2106 1374 1375 1208 
2107 2111 2112 1561 
2108 2149 2780 777 
2109 1823 2225 1820 
2110 1414 2221 1677 
2111 1825 1827 1826 
2112 1491 2188 1492 
2113 1272 1751 1750 
2114 1562 1694 1564 
2115 1151 1452 1206 
2116 1052 1061 1054 
2117 846 877 793 
2118 1308 2011 1482 
2119 1511 1624 1447 
2120 2200 2201 2199 
2121 1688 1809 1396 
2122 522 552 520 
2123 828 972 829 
2124 1234 2212 1373 
2125 964 1276 1274 
2126 1723 1744 1515 
2127 2224 2227 2226 
2128 783 795 784 
2129 809 823 822 
2130 877 2332 793 
2131 1048 2224 1064 
2132 550 551 547 
2133 1537 2052 1663 
2134 1191 1195 1192 
2135 2937 3102 2584 
2136 1093 1272 1271 
2137 568 573 567 
2138 907 914 908 
2139 534 2083 542 
2140 1147 1151 1150 
2141 823 2337 822 
2142 477 2346 2186 
2143 1390 1421 1391 
2144 586 858 584 
2145 971 2633 1937 
2146 814 815 790 
2147 1869 2217 1872 
2148 1207 1208 994 
2149 973 1306 1023 
2150 673 690 674 
2151 2197 2199 2196 
2152 902 905 901 
2153 1587 1701 1586 
2154 1514 1515 1216 
2155 530 1295 528 
2156 1590 1707 1589 
2157 819 2283 475 
2158 1591 2250 1436 
2159 1297 1416 1415 
2160 1436 2250 1437 
2161 2372 2442 1112 
2162 1136 2295 1137 
2163 1480 1589 1402 
2164 1275 2087 1278 
2165 851 1093 1092 
2166 2164 2168 2165 
2167 756 2249 789 
2168 762 783 763 
2169 1236 2131 1235 
2170 1043 2909 2900 
2171 1238 1389 1236 
2172 1993 2154 2153 
2173 1117 2237 968 
2174 1249 2274 1425 
2175 2114 2118 2116 
2176 903 907 904 
2177 1423 2084 1416 
2178 1234 1373 1361 
2179 922 955 924 
2180 2059 2060 2057 
2181 977 1124 1122 
2182 1525 1662 1524 
2183 2229 2316 2019 
2184 2117 2119 1350 
2185 1189 1191 1190 
2186 758 2249 756 
2187 1093 2337 1494 
2188 1809 2137 1396 
2189 771 790 770 
2190 546 547 543 
2191 1068 1069 1063 
2192 1233 2212 1234 
2193 593 639 595 
2194 1048 1064 1050 
2195 899 903 900 
2196 1433 1436 1434 
2197 2270 2596 1987 
2198 529 531 530 
2199 715 756 755 
2200 898 901 897 
2201 926 2101 949 
2202 713 714 693 
2203 1437 2164 2163 
2204 2007 2339 1515 
2205 789 2248 881 
2206 885 977 976 
2207 883 884 882 
2208 963 2246 988 
2209 728 2208 726 
2210 616 2243 637 
2211 1702 2191 1701 
2212 833 2175 2174 
2213 1313 2292 1259 
2214 1603 1605 1380 
2215 669 673 670 
2216 896 897 895 
2217 645 646 644 
2218 1242 2290 1240 
2219 1703 1704 1560 
2220 746 762 747 
2221 1215 2056 1160 
2222 1092 2233 1110 
2223 1434 1599 1432 
2224 1205 2242 545 
2225 881 885 883 
2226 1379 1604 1603 
2227 781 1205 545 
2228 1269 1431 1268 
2229 685 2192 632 
2230 2167 2169 2166 
2231 1269 1433 1432 
2232 541 544 540 
2233 2068 2069 889 
2234 694 715 713 
2235 881 882 880 
2236 862 865 863 
2237 1379 1380 1123 
2238 521 523 522 
2239 826 828 827 
2240 426 2950 2615 
2241 2198 2206 2205 
2242 622 625 624 
2243 753 770 752 
2244 828 2342 1016 
2245 1750 3017 1903 
2246 640 2196 601 
2247 2176 2177 2174 
2248 529 2300 531 
2249 645 769 647 
2250 851 2337 1093 
2251 1549 1719 1550 
2252 1122 1123 976 
2253 1354 1549 1483 
2254 2165 2166 2163 
2255 1583 1758 1757 
2256 789 880 755 
2257 1437 2162 1434 
2258 1588 1902 1725 
2259 546 833 550 
2260 1583 1594 1582 
2261 2322 2514 469 
2262 2325 2326 1383 
2263 1198 1233 1232 
2264 1785 1936 1784 
2265 1515 2339 1216 
2266 691 704 697 
2267 542 543 535 
2268 640 2198 2197 
2269 587 694 693 
2270 1565 1714 1566 
2271 854 998 853 
2272 2058 2061 2059 
2273 1795 1796 1702 
2274 1524 2387 2135 
2275 2145 2146 2144 
2276 827 2082 807 
2277 1137 1263 1262 
2278 710 746 711 
2279 1023 1268 1022 
2280 915 919 917 
2281 1466 2267 1470 
2282 1422 1612 1541 
2283 948 2076 932 
2284 1215 2058 2057 
2285 545 2242 544 
2286 575 578 576 
2287 1110 2233 1583 
2288 667 669 668 
2289 773 2257 2208 
2290 1092 1110 852 
2291 720 2067 889 
2292 1066 2085 1058 
2293 911 912 906 
2294 1732 1996 1733 
2295 740 752 739 
2296 1274 1275 965 
2297 1586 2292 1313 
2298 1514 1998 1723 
2299 2198 2344 2207 
2300 1013 1094 1011 
2301 1750 1981 1271 
2302 520 2027 518 
2303 1068 1513 1216 
2304 585 587 586 
2305 1094 2310 1011 
2306 1042 1045 1044 
2307 962 2299 503 
2308 973 1022 829 
2309 2284 2510 847 
2310 851 852 824 
2311 995 1218 1207 
2312 800 2286 798 
2313 1085 2081 1115 
2314 2290 2296 1240 
2315 640 2344 2198 
2316 872 1018 1017 
2317 1251 2258 1250 
2318 853 2284 848 
2319 1177 2261 1180 
2320 1374 1691 1689 
2321 524 525 523 
2322 534 535 532 
2323 1743 1980 1415 
2324 980 2264 962 
2325 1546 1574 1545 
2326 1678 2221 1414 
2327 615 2243 616 
2328 579 2240 590 
2329 695 710 698 
2330 1131 1363 1132 
2331 1718 1912 1479 
2332 1125 1254 1126 
2333 888 995 994 
2334 577 2272 571 
2335 822 824 810 
2336 846 888 878 
2337 1547 1934 1548 
2338 1504 1732 1505 
2339 1469 1471 1468 
2340 472 2346 474 
2341 661 2029 663 
2342 737 739 736 
2343 1453 1481 1206 
2344 1404 1547 1518 
2345 495 2318 963 
2346 1669 1670 1481 
2347 583 585 584 
2348 788 2336 1529 
2349 826 2342 828 
2350 663 667 664 
2351 579 590 589 
2352 522 2054 859 
2353 571 575 572 
2354 538 2273 1454 
2355 1421 2157 1422 
2356 1461 1620 1462 
2357 782 2186 1377 
2358 539 540 538 
2359 1180 1183 1181 
2360 1385 1504 1503 
2361 1968 3027 2083 
2362 1215 2345 2058 
2363 559 583 569 
2364 526 529 528 
2365 1038 1065 1040 
2366 809 810 786 
2367 595 2235 597 
2368 2205 2360 2200 
2369 2034 2310 1593 
2370 1351 1390 1353 
2371 1001 1010 999 
2372 2073 2541 2071 
2373 779 845 793 
2374 1467 1468 1466 
2375 2058 2345 2062 
2376 2126 2129 2128 
2377 1115 1125 1116 
2378 821 2915 1737 
2379 643 644 642 
2380 964 965 868 
2381 2497 2547 2090 
2382 684 695 692 
2383 906 2159 905 
2384 1884 2171 1527 
2385 835 847 834 
2386 1465 1466 1464 
2387 1688 1919 1809 
2388 661 663 662 
2389 1826 2225 1823 
2390 1477 1479 1476 
2391 2341 2682 2193 
2392 785 786 766 
2393 1491 1492 638 
2394 1694 1754 1564 
2395 651 655 653 
2396 616 637 618 
2397 1585 1586 1313 
2398 1511 1949 1624 
2399 735 736 734 
2400 750 779 767 
2401 999 2275 998 
2402 1446 2099 1761 
2403 683 700 699 
2404 1527 1528 1378 
2405 821 1444 797 
2406 1293 1523 1522 
2407 1742 2188 1491 
2408 870 872 871 
2409 1737 1917 1444 
2410 1108 2322 471 
2411 1584 1849 1478 
2412 1626 1969 1636 
2413 1010 2275 999 
2414 1027 1111 1028 
2415 1186 1189 1188 
2416 1499 1736 1498 
2417 565 571 566 
2418 1523 1897 1896 
2419 513 2079 580 
2420 1151 1152 1150 
2421 1720 2580 1721 
2422 2070 2410 2069 
2423 813 834 812 
2424 1972 2084 1423 
2425 1561 1562 1315 
2426 951 2271 936 
2427 1286 1551 1506 
2428 1915 1932 1916 
2429 764 766 745 
2430 1507 2241 1840 
2431 1281 1447 1446 
2432 1255 1350 1285 
2433 1034 1037 1036 
2434 1406 1407 1264 
2435 1592 1727 1593 
2436 1439 1440 1142 
2437 981 982 980 
2438 680 684 681 
2439 1438 1997 1298 
2440 1872 2217 1880 
2441 1278 2087 1814 
2442 1186 2108 1189 
2443 1133 1401 1399 
2444 950 2289 907 
2445 2328 2779 434 
2446 708 750 748 
2447 677 1133 701 
2448 1475 1478 1219 
2449 1005 1136 1087 
2450 672 683 682 
2451 2104 2105 759 
2452 1497 1498 1496 
2453 1314 1315 1119 
2454 639 2235 595 
2455 696 3029 1921 
2456 992 1430 1097 
2457 968 1027 969 
2458 656 1516 658 
2459 2154 2155 2153 
2460 537 538 536 
2461 1107 1281 1280 
2462 1364 1588 1428 
2463 1495 1496 1310 
2464 1146 1147 1145 
2465 1235 2131 2098 
2466 2515 2558 1508 
2467 2040 2044 2042 
2468 1482 2283 819 
2469 1640 2298 2297 
2470 803 812 802 
2471 1247 1488 1014 
2472 1373 1378 1361 
2473 744 745 705 
2474 1631 1956 1955 
2475 678 680 679 
2476 609 611 610 
2477 850 853 848 
2478 1141 1143 1139 
2479 1945 1946 1598 
2480 1223 1443 1442 
2481 1118 1119 959 
2482 833 3027 1968 
2483 687 708 707 
2484 612 2305 615 
2485 1079 1084 1080 
2486 1925 1926 1666 
2487 1489 1517 1488 
2488 773 2208 728 
2489 861 870 864 
2490 1484 1485 1450 
2491 953 1107 1106 
2492 1144 1145 1143 
2493 1425 2274 1856 
2494 1665 1666 1664 
2495 1629 1631 1630 
2496 666 672 671 
2497 562 565 563 
2498 660 666 665 
2499 867 868 866 
2500 1646 1711 1645 
2501 1784 2309 1410 
2502 946 968 947 
2503 1490 1983 1982 
2504 1637 1978 1456 
2505 1099 1236 1235 
2506 1621 2341 1557 
2507 1481 2356 1206 
2508 625 626 624 
2509 1460 1800 1659 
2510 1597 1598 1493 
2511 958 959 843 
2512 1696 1784 1410 
2513 1990 1991 1201 
2514 1613 2820 2158 
2515 801 802 800 
2516 1559 1560 1213 
2517 406 2646 2052 
2518 612 615 614 
2519 2225 2368 1819 
2520 1370 2297 1301 
2521 518 1530 515 
2522 1992 1993 1991 
2523 1030 1033 1032 
2524 913 953 952 
2525 513 580 517 
2526 597 2344 599 
2527 914 2306 915 
2528 1221 1409 1121 
2529 1077 1079 1078 
2530 471 2322 469 
2531 1279 1611 1610 
2532 1069 2339 1071 
2533 887 1099 1098 
2534 2779 2956 2715 
2535 582 687 686 
2536 799 800 798 
2537 1383 1458 1382 
2538 1941 1986 1942 
2539 2294 2426 1686 
2540 1156 2345 1158 
2541 873 1455 1376 
2542 944 946 945 
2543 1095 1251 1250 
2544 607 609 608 
2545 1622 1645 1621 
2546 1263 1264 1262 
2547 841 843 817 
2548 1643 1644 1362 
2549 560 562 561 
2550 2114 2116 1254 
2551 1455 1568 1567 
2552 1233 1234 1232 
2553 2333 3107 3018 
2554 2030 2356 1481 
2555 1177 1180 1179 
2556 1176 2261 1177 
2557 704 705 697 
2558 1611 1741 1740 
2559 1876 1892 1877 
2560 587 2329 694 
2561 839 887 886 
2562 1640 2297 1370 
2563 729 730 728 
2564 1927 2157 1421 
2565 986 1487 983 
2566 724 2291 742 
2567 1075 1077 1076 
2568 1838 1839 1644 
2569 1795 1985 1796 
2570 1085 1115 1114 
2571 1425 1855 1426 
2572 1568 2443 1567 
2573 490 2358 489 
2574 816 817 796 
2575 991 1127 1003 
2576 919 920 917 
2577 574 582 581 
2578 942 944 943 
2579 1713 3038 412 
2580 979 980 962 
2581 2091 2362 1850 
2582 1557 2341 1556 
2583 988 990 989 
2584 1372 1634 1633 
2585 905 2159 918 
2586 1612 1613 1541 
2587 1228 1266 1089 
2588 1267 1382 1266 
2589 1103 1429 1356 
2590 1874 1876 1875 
2591 911 913 912 
2592 1444 2361 797 
2593 2280 2323 2281 
2594 1016 1121 972 
2595 830 839 838 
2596 636 676 675 
2597 1544 1693 1692 
2598 590 2240 1989 
2599 1045 1046 1044 
2600 1293 2364 1523 
2601 2196 2347 603 
2602 879 1501 1500 
2603 524 526 525 
2604 1013 1095 1094 
2605 776 2361 758 
2606 1211 1212 1210 
2607 1073 1075 1074 
2608 549 1520 554 
2609 733 734 731 
2610 1210 2362 1018 
2611 605 607 606 
2612 1164 2364 1166 
2613 347 1682 444 
2614 445 1680 446 
2615 449 1685 450 
2616 452 1911 451 
2617 447 1681 448 
2618 535 2351 2215 
2619 1278 1553 1394 
2620 795 796 784 
2621 1831 3109 2363 
2622 634 2366 636 
2623 1429 1544 1543 
2624 1895 1915 1914 
2625 727 728 726 
2626 1421 1422 1391 
2627 1478 2362 1219 
2628 1530 2464 515 
2629 558 568 567 
2630 940 942 941 
2631 1173 1176 1175 
2632 1195 1196 1192 
2633 914 915 908 
2634 1587 1702 1701 
2635 1166 1168 1167 
2636 1545 2382 509 
2637 568 574 573 
2638 690 691 674 
2639 814 830 815 
2640 978 2286 800 
2641 848 2284 847 
2642 1648 1649 1539 
2643 1872 1874 1873 
2644 1289 1686 1579 
2645 791 792 776 
2646 1050 2321 1052 
2647 1054 2367 1056 
2648 1424 1556 1423 
2649 865 866 863 
2650 902 906 905 
2651 677 2366 1133 
2652 1194 1480 1402 
2653 590 591 589 
2654 1417 1423 1416 
2655 1115 2081 1287 
2656 1071 1073 1072 
2657 1738 1739 1474 
2658 663 2029 1441 
2659 748 2238 707 
2660 686 2527 688 
2661 438 2946 2717 
2662 528 2236 525 
2663 1590 1708 1707 
2664 783 784 763 
2665 1288 2310 1094 
2666 1744 2008 2007 
2667 417 2871 2670 
2668 1230 1525 1524 
2669 580 642 517 
2670 2228 2446 1148 
2671 1842 2661 1943 
2672 1861 2558 2515 
2673 1191 1192 1190 
2674 1918 2361 1444 
2675 541 545 544 
2676 1244 1526 1242 
2677 1069 1071 1070 
2678 907 908 904 
2679 892 1521 890 
2680 1850 2362 1478 
2681 634 636 635 
2682 938 940 939 
2683 1164 1166 1165 
2684 899 900 894 
2685 1538 1539 1537 
2686 771 814 790 
2687 762 2531 783 
2688 1523 2364 2013 
2689 1282 1545 509 
2690 1480 1590 1589 
2691 963 988 987 
2692 2305 2507 615 
2693 607 2379 609 
2694 898 902 901 
2695 1077 2380 1079 
2696 725 726 724 
2697 603 605 604 
2698 2010 3021 840 
2699 673 674 670 
2700 474 2346 477 
2701 775 776 758 
2702 1001 1011 1010 
2703 1390 1391 1353 
2704 874 1459 891 
2705 1546 2234 1574 
2706 893 896 895 
2707 501 2391 1705 
2708 788 1529 1009 
2709 1509 1591 1436 
2710 818 2631 2352 
2711 1525 1924 1662 
2712 1169 1172 1171 
2713 1516 2374 658 
2714 762 763 747 
2715 1824 1825 1823 
2716 903 904 900 
2717 1296 1297 1124 
2718 915 2306 919 
2719 1991 2369 1201 
2720 1592 2481 1727 
2721 1225 1308 819 
2722 757 758 756 
2723 2176 2792 2466 
2724 1585 1587 1586 
2725 1257 1715 1408 
2726 1431 1806 1435 
2727 1162 1164 1163 
2728 564 811 557 
2729 553 1015 548 
2730 1581 1621 1557 
2731 1275 1278 1277 
2732 753 771 770 
2733 936 938 937 
2734 1412 1640 1370 
2735 1354 1483 1104 
2736 1536 1537 1535 
2737 1133 2366 1595 
2738 896 898 897 
2739 2283 2686 1108 
2740 1209 1210 1018 
2741 1599 2254 2253 
2742 884 1257 1120 
2743 1136 1137 1087 
2744 1565 1566 1270 
2745 1719 1720 1550 
2746 2881 3038 1713 
2747 1189 1190 1188 
2748 2417 2620 2211 
2749 2069 2231 2230 
2750 519 521 520 
2751 1923 1940 1922 
2752 854 999 998 
2753 1866 1868 1867 
2754 914 2520 2306 
2755 1355 2145 2144 
2756 578 579 576 
2757 862 863 860 
2758 632 634 633 
2759 669 670 668 
2760 723 724 722 
2761 716 3073 1939 
2762 1088 1229 1227 
2763 746 747 711 
2764 782 788 787 
2765 2123 2182 2121 
2766 1160 1162 1161 
2767 2177 2466 583 
2768 1549 1550 1483 
2769 601 603 602 
2770 982 985 984 
2771 740 753 752 
2772 1169 2331 1172 
2773 1249 1425 1304 
2774 934 936 935 
2775 1644 2373 1362 
2776 1037 1038 1036 
2777 1350 1351 1285 
2778 1060 1063 1062 
2779 811 3033 2515 
2780 1714 1716 1566 
2781 1729 2303 1299 
2782 1208 2139 994 
2783 539 541 540 
2784 2624 2867 985 
2785 2337 2338 1494 
2786 1301 1729 1299 
2787 961 2428 2158 
2788 1028 2288 1030 
2789 1131 1132 957 
2790 660 2374 666 
2791 553 2302 1015 
2792 552 2027 520 
2793 1559 1703 1560 
2794 1588 1725 1428 
2795 710 711 698 
2796 1158 1160 1159 
2797 889 2230 718 
2798 2041 2237 1117 
2799 1110 1582 1418 
2800 1279 2380 1611 
2801 2137 2806 1389 
2802 1869 1872 1871 
2803 1189 2108 1307 
2804 1404 1518 1111 
2805 2551 2613 1226 
2806 1280 2324 1106 
2807 873 2379 1455 
2808 721 722 720 
2809 575 576 572 
2810 932 934 933 
2811 667 668 664 
2812 1732 1733 1505 
2813 1254 1255 1126 
2814 850 854 853 
2815 737 740 739 
2816 2152 2369 1991 
2817 1432 2253 1431 
2818 759 2106 736 
2819 1469 1472 1471 
2820 1058 1060 1059 
2821 1696 1785 1784 
2822 501 1705 1273 
2823 1385 1503 956 
2824 1620 1745 1462 
2825 630 632 631 
2826 1183 1184 1181 
2827 1461 1462 1443 
2828 1218 2508 1207 
2829 2712 2943 437 
2830 1363 1364 1132 
2831 599 601 600 
2832 845 2505 846 
2833 519 520 518 
2834 580 2079 1135 
2835 1414 1677 1675 
2836 1457 2010 1921 
2837 1156 1158 1157 
2838 615 616 614 
2839 2163 2334 2162 
2840 976 2256 883 
2841 1440 1465 1464 
2842 985 2311 984 
2843 986 2385 1487 
2844 963 2318 2246 
2845 1547 1548 1518 
2846 1125 1126 1116 
2847 1152 2356 1154 
2848 505 962 503 
2849 1609 2921 2081 
2850 695 698 692 
2851 2264 2299 962 
2852 1033 1034 1032 
2853 1504 1505 1503 
2854 1467 1469 1468 
2855 393 3108 2787 
2856 661 662 659 
2857 930 932 931 
2858 521 2317 524 
2859 1392 1847 493 
2860 1822 1823 1820 
2861 825 826 807 
2862 2100 2428 961 
2863 996 2300 529 
2864 1477 1718 1479 
2865 1670 2031 2030 
2866 835 848 847 
2867 735 737 736 
2868 1056 1058 1057 
2869 493 2358 490 
2870 1220 1477 1476 
2871 2341 2526 1556 
2872 719 720 718 
2873 1849 1851 1850 
2874 1756 1783 1782 
2875 2159 2393 918 
2876 663 664 662 
2877 1754 1756 1755 
2878 611 2305 612 
2879 375 2773 2707 
2880 666 2374 974 
2881 571 572 566 
2882 760 819 475 
2883 1154 1156 1155 
2884 1534 1535 1368 
2885 793 2332 767 
2886 842 2407 1241 
2887 1513 2277 1514 
2888 1465 1467 1466 
2889 1592 1593 1288 
2890 1451 1889 1888 
2891 1286 1506 1096 
2892 1140 1439 1142 
2893 2210 2373 1644 
2894 1152 1154 1153 
2895 521 524 523 
2896 2372 2443 2442 
2897 495 963 497 
2898 628 630 629 
2899 1180 1181 1179 
2900 1407 1414 1413 
2901 717 718 700 
2902 1863 1866 1865 
2903 1593 2310 1288 
2904 537 539 538 
2905 1415 2244 1124 
2906 928 930 929 
2907 654 751 652 
2908 813 835 834 
2909 1932 1933 1916 
2910 684 692 681 
2911 1410 2309 1409 
2912 597 599 598 
2913 1025 1495 1310 
2914 1054 1056 1055 
2915 1520 2401 554 
2916 1551 1552 1506 
2917 1115 1116 1114 
2918 1064 2321 1050 
2919 473 1108 471 
2920 479 782 481 
2921 1611 2380 2025 
2922 1455 2379 2023 
2923 1282 1546 1545 
2924 1779 1780 1776 
2925 1818 1819 1802 
2926 527 2736 2055 
2927 1266 2385 1089 
2928 678 679 676 
2929 1027 1028 969 
2930 1497 1499 1498 
2931 611 612 610 
2932 1311 1665 1664 
2933 2013 2014 1897 
2934 626 628 627 
2935 2045 2730 436 
2936 1562 1564 1563 
2937 1216 2339 1069 
2938 533 537 536 
2939 1629 1630 1400 
2940 1103 2393 1429 
2941 822 2337 851 
2942 803 813 812 
2943 2866 2868 2463 
2944 1510 1511 1447 
2945 926 928 927 
2946 2142 2812 1722 
2947 1945 2080 1946 
2948 733 735 734 
2949 565 566 563 
2950 2292 2412 855 
2951 1223 1442 1019 
2952 1052 1054 1053 
2953 2141 2758 2142 
2954 1686 1816 1579 
2955 680 681 679 
2956 1134 1597 1493 
2957 1687 1688 1396 
2958 1084 1085 1080 
2959 1495 1497 1496 
2960 953 2349 1107 
2961 1147 1150 1149 
2962 1377 2336 788 
2963 1374 2508 1691 
2964 1221 1410 1409 
2965 622 2445 625 
2966 1915 1916 1914 
2967 792 2296 799 
2968 1905 1906 1294 
2969 968 969 947 
2970 1646 1712 1711 
2971 1941 1942 1448 
2972 1662 2388 2387 
2973 880 2472 2213 
2974 1176 1177 1175 
2975 595 597 596 
2976 2301 2320 2300 
2977 792 799 798 
2978 558 2401 568 
2979 801 803 802 
2980 1631 1955 1630 
2981 806 807 781 
2982 1022 2469 2209 
2983 1625 2255 1501 
2984 924 926 925 
2985 1501 2255 1679 
2986 2120 2815 2716 
2987 979 981 980 
2988 701 2441 678 
2989 1665 1925 1666 
2990 892 2409 1521 
2991 1183 2414 1184 
2992 1893 2365 1895 
2993 1395 1396 1238 
2994 1597 1945 1598 
2995 609 610 608 
2996 1079 1080 1078 
2997 648 1091 646 
2998 768 2238 748 
2999 1961 1964 1963 
3000 560 561 556 
3001 1050 1052 1051 
3002 1244 1667 1526 
3003 1953 2974 1954 
3004 1237 1238 1236 
3005 2209 2599 2082 
3006 1993 2153 2152 
3007 1622 1646 1645 
3008 1295 2236 528 
3009 946 947 945 
3010 1135 2359 2180 
3011 1234 1361 1360 
3012 1381 2482 2478 
3013 599 2344 640 
3014 2336 2735 1529 
3015 562 563 561 
3016 1459 2411 891 
3017 1211 1213 1212 
3018 799 801 800 
3019 2433 2529 909 
3020 729 731 730 
3021 990 991 989 
3022 922 924 923 
3023 1892 1893 1877 
3024 1553 1748 1394 
3025 1014 2262 920 
3026 1077 1078 1076 
3027 879 1500 877 
3028 2023 2024 1568 
3029 1825 1828 1827 
3030 920 922 921 
3031 675 2294 1289 
3032 2805 2883 425 
3033 1048 1050 1049 
3034 1308 2012 2011 
3035 1769 2385 1266 
3036 593 595 594 
3037 2300 2432 531 
3038 1158 2345 1215 
3039 2213 2597 714 
3040 828 1016 972 
3041 944 945 943 
3042 2072 2075 2074 
3043 1602 2575 1811 
3044 1172 1173 1171 
3045 1046 1048 1047 
3046 1308 2303 2012 
3047 1016 1221 1121 
3048 900 2409 894 
3049 2025 2026 1741 
3050 1980 2779 2328 
3051 607 608 606 
3052 1876 1877 1875 
3053 2390 3071 1426 
3054 2201 2202 2199 
3055 297 3054 2845 
3056 1581 1622 1621 
3057 1839 2211 2210 
3058 1075 1076 1074 
3059 780 781 545 
3060 372 2691 1927 
3061 1847 2358 493 
3062 1297 1417 1416 
3063 591 593 592 
3064 727 729 728 
3065 1429 2393 1907 
3066 893 2411 896 
3067 1744 2007 1515 
3068 871 2498 864 
3069 1093 1494 1272 
3070 942 943 941 
3071 2107 2459 1138 
3072 1501 1679 1500 
3073 547 837 543 
3074 791 2296 792 
3075 1069 1070 1063 
3076 1359 2574 1671 
3077 622 624 623 
3078 1168 1169 1167 
3079 1874 1875 1873 
3080 591 2369 593 
3081 691 697 696 
3082 2959 3038 1772 
3083 1425 1426 1304 
3084 1424 1557 1556 
3085 1794 1795 1702 
3086 988 989 987 
3087 1198 1232 1231 
3088 568 2401 966 
3089 1168 2331 1169 
3090 1073 1074 1072 
3091 636 675 635 
3092 1422 1541 1540 
3093 915 917 916 
3094 1196 1198 1197 
3095 2029 2794 1441 
3096 1206 2356 1152 
3097 1137 1262 1261 
3098 1023 2467 1269 
3099 1433 1509 1436 
3100 778 2329 587 
3101 1291 1614 1317 
3102 1065 2611 2304 
3103 977 1296 1124 
3104 910 911 906 
3105 1566 2414 1270 
3106 605 606 604 
3107 940 941 939 
3108 715 757 756 
3109 996 2301 2300 
3110 1166 1167 1165 
3111 725 727 726 
3112 2152 2521 639 
3113 1417 1424 1423 
3114 1538 1648 1539 
3115 1586 2571 2292 
3116 526 996 529 
3117 1012 1013 1011 
3118 884 1120 882 
3119 1431 1435 1268 
3120 775 791 776 
3121 1599 2253 1432 
3122 1567 2372 2181 
3123 1709 1710 1708 
3124 1071 1072 1070 
3125 505 979 962 
3126 1209 1211 1210 
3127 1605 1606 1380 
3128 1278 1394 1277 
3129 901 2529 897 
3130 2069 2230 889 
3131 519 2317 521 
3132 1872 1873 1871 
3133 2198 2207 2206 
3134 644 818 642 
3135 1225 2303 1308 
3136 1042 1044 1043 
3137 620 622 621 
3138 1275 1277 965 
3139 1509 1939 1591 
3140 1213 2422 1212 
3141 1536 1538 1537 
3142 1164 1165 1163 
3143 1660 1661 1555 
3144 938 939 937 
3145 1806 1807 1435 
3146 1196 2373 1198 
3147 1419 1420 1239 
3148 2166 2334 2163 
3149 872 1209 1018 
3150 1123 2256 976 
3151 1903 3042 1750 
3152 2110 2403 2111 
3153 797 2361 776 
3154 634 635 633 
3155 757 775 758 
3156 1747 1908 1768 
3157 1166 2364 1293 
3158 2697 2740 1681 
3159 152 2395 151 
3160 122 2396 121 
3161 2329 2355 694 
3162 723 725 724 
3163 1241 2407 1291 
3164 2058 2062 2061 
3165 1868 1869 1867 
3166 2022 3038 2881 
3167 788 1009 787 
3168 603 604 602 
3169 579 589 588 
3170 2189 2190 1492 
3171 1040 1042 1041 
3172 990 2431 991 
3173 1110 1418 852 
3174 1219 2362 1210 
3175 1135 2503 2359 
3176 195 2928 317 
3177 1257 1408 1120 
3178 585 778 587 
3179 1038 1040 1039 
3180 1162 1163 1161 
3181 2641 2974 1473 
3182 1056 2367 1066 
3183 1322 2409 900 
3184 930 2586 948 
3185 2167 2400 2169 
3186 1265 1853 1852 
3187 1351 1353 1352 
3188 1000 1001 999 
3189 936 937 935 
3190 636 2366 677 
3191 1822 1824 1823 
3192 52 2671 51 
3193 963 987 497 
3194 1514 2277 1998 
3195 618 620 619 
3196 760 1225 819 
3197 1891 1971 1851 
3198 1534 1536 1535 
3199 1143 2381 2257 
3200 888 1214 995 
3201 824 1008 810 
3202 949 2586 928 
3203 2573 2922 1246 
3204 2478 2482 1676 
3205 896 2411 1569 
3206 1745 1747 1746 
3207 1980 2244 1415 
3208 721 723 722 
3209 1160 1161 1159 
3210 2096 2468 870 
3211 1845 1960 1959 
3212 1866 1867 1865 
3213 708 2679 2676 
3214 1670 2030 1481 
3215 632 633 631 
3216 616 618 617 
3217 934 935 933 
3218 1716 2020 1944 
3219 825 857 826 
3220 1492 2232 638 
3221 1677 1883 1675 
3222 1060 1062 1059 
3223 601 602 600 
3224 1603 2399 1605 
3225 782 787 481 
3226 857 2342 826 
3227 1733 1735 1734 
3228 1754 1755 1564 
3229 1582 1766 1418 
3230 1201 2369 591 
3231 1387 1585 1313 
3232 1818 1820 1819 
3233 1574 2748 2413 
3234 2278 2279 1718 
3235 1255 1285 1284 
3236 1849 1850 1478 
3237 1186 1188 1187 
3238 658 2374 660 
3239 1357 1555 1199 
3240 1034 1036 1035 
3241 1152 1153 1150 
3242 1158 1159 1157 
3243 1589 2600 2170 
3244 786 844 766 
3245 1662 2387 1524 
3246 1184 1186 1185 
3247 683 717 700 
3248 750 808 779 
3249 1220 2422 1477 
3250 932 933 931 
3251 1528 2138 1378 
3252 719 721 720 
3253 1407 1413 1264 
3254 1111 2288 1028 
3255 1917 1918 1444 
3256 1058 1059 1057 
3257 1364 1428 1405 
3258 1362 2373 1196 
3259 1944 2414 1566 
3260 1079 2380 1279 
3261 2155 2156 2153 
3262 1260 2370 1653 
3263 1523 2013 1897 
3264 868 1026 866 
3265 609 2379 873 
3266 1562 1563 1315 
3267 630 631 629 
3268 1281 1510 1447 
3269 1156 1157 1155 
3270 849 850 848 
3271 1133 1595 1401 
3272 1005 1087 1086 
3273 599 600 598 
3274 1506 2431 1096 
3275 1934 2920 1548 
3276 1414 1675 1413 
3277 1975 2916 1973 
3278 626 627 624 
3279 930 931 929 
3280 1439 2335 1440 
3281 1226 2317 519 
3282 2290 2439 2296 
3283 1147 1149 1145 
3284 2071 2541 2068 
3285 1756 1782 1755 
3286 1056 1057 1055 
3287 2553 3107 2028 
3288 717 719 718 
3289 1154 1155 1153 
3290 1260 1653 1365 
3291 1119 2348 959 
3292 1258 2370 1260 
3293 1123 2357 2256 
3294 666 974 672 
3295 1603 2537 2399 
3296 1359 1671 1647 
3297 2386 2464 1530 
3298 2330 2851 432 
3299 612 614 613 
3300 1844 1904 1699 
3301 777 2669 2149 
3302 1099 1237 1236 
3303 1661 2377 1555 
3304 1542 2419 738 
3305 2051 2723 2722 
3306 1411 1696 1410 
3307 1312 1313 1259 
3308 2565 2937 446 
3309 1488 2262 1014 
3310 1089 2385 986 
3311 928 929 927 
3312 806 825 807 
3313 1688 2547 1919 
3314 628 629 627 
3315 959 960 843 
3316 705 716 697 
3317 2136 2826 588 
3318 1993 2152 1991 
3319 918 2393 1103 
3320 2421 2748 1574 
3321 1234 1360 1232 
3322 1030 1032 1031 
3323 913 967 953 
3324 582 749 687 
3325 1028 1030 1029 
3326 1054 1055 1053 
3327 1558 1559 1213 
3328 446 2937 2584 
3329 2731 2925 2295 
3330 1687 2090 1688 
3331 597 598 596 
3332 1070 2427 1063 
3333 1177 1179 1178 
3334 1003 1005 1004 
3335 1510 1898 1511 
3336 1668 1724 1667 
3337 1638 1639 1542 
3338 533 2432 537 
3339 1630 2441 1400 
3340 676 2294 675 
3341 1455 2023 1568 
3342 869 2643 2006 
3343 2587 3106 439 
3344 920 921 917 
3345 2069 2410 2231 
3346 1311 2446 1665 
3347 1085 1114 1113 
3348 554 2401 558 
3349 1611 2025 1741 
3350 926 927 925 
3351 1613 2158 1541 
3352 839 1224 887 
3353 1046 1047 1044 
3354 1052 1053 1051 
3355 1839 2210 1644 
3356 1395 1687 1396 
3357 1134 2445 1597 
3358 1382 1769 1266 
3359 1138 2459 1140 
3360 1013 1246 1095 
3361 991 1003 1002 
3362 1265 2444 1853 
3363 1670 2420 2031 
3364 2266 3083 1392 
3365 1200 1359 1358 
3366 1839 2417 2211 
3367 1176 2550 2484 
3368 2317 2353 524 
3369 2001 2002 1837 
3370 591 592 589 
3371 924 925 923 
3372 1237 1395 1238 
3373 1546 2333 2234 
3374 732 733 731 
3375 796 804 784 
3376 595 596 594 
3377 894 2409 892 
3378 2372 2594 2181 
3379 1005 2589 1136 
3380 1361 1656 1360 
3381 516 1226 519 
3382 568 966 574 
3383 1422 1540 1391 
3384 691 696 674 
3385 1050 1051 1049 
3386 1587 1794 1702 
3387 1429 1907 1544 
3388 1173 1175 1174 
3389 915 916 908 
3390 1196 1197 1192 
3391 541 780 545 
3392 1614 2384 1317 
3393 513 517 514 
3394 2105 2106 759 
3395 814 831 830 
3396 1291 2407 1614 
3397 694 2355 715 
3398 967 2349 953 
3399 1893 1895 1894 
3400 891 2411 893 
3401 902 910 906 
3402 1895 1914 1913 
3403 1469 2392 1472 
3404 922 923 921 
3405 780 806 781 
3406 715 2355 757 
3407 1836 1837 1835 
3408 516 518 515 
3409 526 2353 996 
3410 1590 1709 1708 
3411 1393 1542 738 
3412 1477 2422 2278 
3413 1001 1012 1011 
3414 1048 1049 1047 
3415 1526 2429 2290 
3416 1715 2991 2376 
3417 1137 1261 1087 
3418 1289 1579 1290 
3419 593 594 592 
3420 1780 2539 1776 
3421 1819 2538 1802 
3422 1270 2414 1183 
3423 1830 2529 2433 
3424 1443 2425 1442 
3425 904 1322 900 
3426 1570 1857 1508 
3427 1911 3108 2692 
3428 1190 1193 1188 
3429 675 1289 993 
3430 1442 2498 1019 
3431 2037 2998 2754 
3432 1599 2642 2254 
3433 1243 1244 1242 
3434 1240 2296 791 
3435 1169 1171 1170 
3436 957 2433 909 
3437 896 1569 898 
3438 1262 1381 1261 
3439 808 2642 2334 
3440 390 2740 2697 
3441 1650 1651 1412 
3442 579 588 576 
3443 1720 1721 1550 
3444 1580 1581 1557 
3445 1388 1752 1627 
3446 516 519 518 
3447 854 1000 999 
3448 1038 1039 1036 
3449 747 777 711 
3450 2293 2431 1506 
3451 1351 1352 1285 
3452 1960 1961 1959 
3453 1834 1835 1573 
3454 1198 1231 1197 
3455 2261 2484 1480 
3456 1205 3109 2242 
3457 1953 2809 2392 
3458 1659 2912 2220 
3459 740 761 753 
3460 1241 1242 1240 
3461 910 1007 911 
3462 2956 3022 2714 
3463 622 623 621 
3464 842 1240 791 
3465 2323 3037 2281 
3466 524 2353 526 
3467 2363 3109 1205 
3468 1371 1412 1370 
3469 1716 1944 1566 
3470 690 3013 2001 
3471 2199 2347 2196 
3472 2349 2376 1107 
3473 2040 2524 2044 
3474 1807 1831 1808 
3475 1709 2004 1710 
3476 510 1282 509 
3477 668 840 664 
3478 1683 1684 444 
3479 2983 2987 1252 
3480 1745 1746 1462 
3481 1733 1734 1505 
3482 2135 2552 1976 
3483 1398 1508 1318 
3484 616 617 614 
3485 1255 1284 1126 
3486 2901 2919 2711 
3487 1302 1370 1301 
3488 1545 2413 2382 
3489 1184 1185 1181 
3490 1042 1043 1041 
3491 1034 1035 1032 
3492 537 2432 1253 
3493 1009 1249 1248 
3494 1249 1304 1303 
3495 2626 2943 2712 
3496 1662 2615 2388 
3497 1299 2303 1225 
3498 1869 1871 1870 
3499 1364 1405 1132 
3500 1516 2549 2374 
3501 620 621 619 
3502 1256 1299 1225 
3503 1477 2278 1718 
3504 543 2351 535 
3505 1300 1301 1299 
3506 1982 2481 1592 
3507 505 2382 979 
3508 1467 1473 1469 
3509 1408 1532 1531 
3510 1518 2288 1111 
3511 735 971 737 
3512 835 849 848 
3513 1380 2357 1123 
3514 1040 1041 1039 
3515 1357 1660 1555 
3516 1532 1842 1596 
3517 1212 2422 1220 
3518 1353 1654 1352 
3519 537 1253 539 
3520 2334 2642 2162 
3521 1000 2354 1001 
3522 1747 1768 1746 
3523 2307 2441 1630 
3524 517 2378 514 
3525 1096 2431 990 
3526 1116 1128 1114 
3527 1440 2335 1465 
3528 692 709 681 
3529 1665 2446 2308 
3530 959 2348 960 
3531 1552 2293 1506 
3532 618 619 617 
3533 1127 2589 1003 
3534 627 2448 624 
3535 864 2643 862 
3536 1387 1798 1585 
3537 1821 1822 1820 
3538 1433 2467 1509 
3539 1062 1617 1245 
3540 511 513 512 
3541 1597 2445 2260 
3542 612 613 610 
3543 1483 2510 2284 
3544 672 2371 683 
3545 1109 2427 1070 
3546 501 1273 502 
3547 1028 1029 969 
3548 1497 1607 1499 
3549 389 2015 1929 
3550 388 1787 1554 
3551 409 1717 1324 
3552 380 1788 1348 
3553 1326 1763 408 
3554 370 1772 454 
3555 1346 1951 352 
3556 457 1804 458 
3557 458 1319 385 
3558 366 465 464 
3559 1519 1903 1337 
3560 387 1789 1519 
3561 379 1790 1366 
3562 1608 1770 413 
3563 1344 2194 351 
3564 371 1759 1427 
3565 464 2195 463 
3566 1554 1781 1338 
3567 386 1771 456 
3568 456 1803 455 
3569 1329 1773 1328 
3570 461 2193 462 
3571 414 1774 1331 
3572 1472 2809 2408 
3573 566 774 563 
3574 1007 2489 911 
3575 583 2466 585 
3576 1140 2459 1439 
3577 1120 2472 882 
3578 979 2413 981 
3579 1221 1411 1410 
3580 1435 2469 1268 
3581 1148 2446 1311 
3582 508 509 506 
3583 1177 1178 1175 
3584 1400 2441 701 
3585 1085 1113 1080 
3586 494 1392 493 
3587 2158 2428 1541 
3588 1186 1187 1185 
3589 1107 2376 1281 
3590 1533 1534 1368 
3591 1244 1668 1667 
3592 476 760 475 
3593 1833 2958 2636 
3594 1296 2471 1297 
3595 486 2435 485 
3596 2313 2804 1628 
3597 504 505 503 
3598 679 2294 676 
3599 801 836 803 
3600 516 2378 1226 
3601 625 2445 1134 
3602 1001 2354 1012 
3603 2298 2935 2807 
3604 1955 2307 1630 
3605 531 2432 533 
3606 1428 1829 1405 
3607 1312 1387 1313 
3608 1682 1683 444 
3609 1681 1885 448 
3610 1367 1368 1321 
3611 1863 1865 1864 
3612 1211 1558 1213 
3613 1597 2260 1945 
3614 1665 2308 1925 
3615 1277 2465 965 
3616 474 475 473 
3617 1360 2452 1232 
3618 1555 2455 1199 
3619 1973 1974 1779 
3620 498 501 500 
3621 1622 1764 1646 
3622 1790 1920 1854 
3623 1846 1977 1803 
3624 1787 1900 1899 
3625 1774 1777 1775 
3626 465 467 466 
3627 1320 1321 1319 
3628 1788 1863 1862 
3629 947 1112 945 
3630 849 855 850 
3631 492 493 490 
3632 642 2352 517 
3633 495 497 496 
3634 991 1002 989 
3635 488 489 486 
3636 468 970 470 
3637 484 485 483 
3638 729 732 731 
3639 472 473 471 
3640 1336 1608 413 
3641 1325 1326 408 
3642 398 1329 1328 
3643 388 1554 1338 
3644 389 1929 1575 
3645 387 1519 1337 
3646 1345 1346 352 
3647 457 458 385 
3648 396 1335 1334 
3649 1342 1713 412 
3650 380 1348 1347 
3651 379 1366 1349 
3652 461 462 365 
3653 482 2436 484 
3654 1817 1818 1802 
3655 1778 1779 1776 
3656 479 481 480 
3657 1063 2427 1062 
3658 1893 1894 1877 
3659 1173 1174 1171 
3660 1078 1082 1076 
3661 1315 2375 1119 
3662 1801 1802 1324 
3663 1775 1776 1331 
3664 1915 2953 1932 
3665 514 515 512 
3666 1188 2430 1187 
3667 482 483 480 
3668 1957 2625 1956 
3669 470 471 469 
3670 498 499 496 
3671 1119 2375 2348 
3672 1778 1975 1973 
3673 502 503 500 
3674 683 2371 717 
3675 484 487 486 
3676 488 491 490 
3677 1541 2428 1540 
3678 492 495 494 
3679 1681 1988 1885 
3680 477 479 478 
3681 824 2480 1008 
3682 468 469 466 
3683 1320 1369 1367 
3684 1411 1697 1696 
3685 1558 1786 1559 
3686 1047 2454 1044 
3687 1145 2381 1143 
3688 504 507 506 
3689 1005 1086 1004 
3690 474 477 476 
3691 1963 1966 1965 
3692 508 511 510 
3693 1326 3088 1763 
3694 2391 2440 1705 
3695 1638 1799 1639 
3696 1418 2480 852 
3697 1640 2973 2298 
3698 2359 3092 2180 
3699 943 1105 941 
3700 1792 1793 1619 
3701 1503 2507 2305 
3702 1875 1878 1873 
3703 1169 1170 1167 
3704 1618 1619 1245 
3705 1030 1031 1029 
3706 2546 2996 1789 
3707 1359 1647 1358 
3708 865 2643 869 
3709 1821 1859 1858 
3710 974 2371 672 
3711 1859 1953 1952 
3712 1424 1580 1557 
3713 675 993 635 
3714 1179 1182 1178 
3715 1668 1860 1724 
3716 514 2378 516 
3717 868 2465 1026 
3718 2317 2613 2353 
3719 1258 2424 2370 
3720 2202 2347 2199 
3721 606 706 604 
3722 574 2383 582 
3723 2214 2923 685 
3724 1281 2376 1510 
3725 1262 2482 1381 
3726 837 2351 543 
3727 1394 1726 1277 
3728 775 842 791 
3729 1748 2421 1394 
3730 2470 2542 1090 
3731 1072 1109 1070 
3732 1003 1004 1002 
3733 592 2458 589 
3734 1954 2813 794 
3735 1256 1706 1300 
3736 608 2930 2768 
3737 1509 2343 1939 
3738 967 2350 2349 
3739 1393 1638 1542 
3740 1536 1749 1538 
3741 1165 1309 1163 
3742 436 2578 2045 
3743 1807 1808 1435 
3744 1998 2509 1723 
3745 830 2389 839 
3746 2600 2601 337 
3747 818 2352 642 
3748 723 805 725 
3749 1961 1963 1962 
3750 1032 2453 1031 
3751 732 738 733 
3752 1869 1870 1867 
3753 1009 1248 787 
3754 846 2505 888 
3755 1606 2357 1380 
3756 1656 1848 1657 
3757 987 2391 497 
3758 2169 2590 2166 
3759 1408 1531 1120 
3760 1615 1616 1303 
3761 1836 2001 1837 
3762 1719 2511 1720 
3763 937 1021 935 
3764 760 1256 1225 
3765 1663 2677 1535 
3766 1302 1623 1371 
3767 1269 2467 1433 
3768 911 2489 913 
3769 1895 1913 1894 
3770 1579 1628 1290 
3771 882 2472 880 
3772 1161 1305 1159 
3773 633 702 631 
3774 2190 2232 1492 
3775 1582 2536 1766 
3776 585 2466 778 
3777 1391 2402 1353 
3778 2346 2497 2186 
3779 1268 2469 1022 
3780 688 2654 581 
3781 1062 1245 1059 
3782 1261 2474 1087 
3783 1818 1821 1820 
3784 1398 1765 1570 
3785 1241 1291 1243 
3786 1766 1767 1418 
3787 1290 1578 993 
3788 2039 2524 2040 
3789 1381 1760 1403 
3790 1834 1836 1835 
3791 2306 2520 1495 
3792 2153 2521 2152 
3793 2788 3045 2132 
3794 1650 2326 2325 
3795 933 1202 931 
3796 1289 1290 993 
3797 624 2448 623 
3798 1650 2325 1651 
3799 719 1006 721 
3800 1317 1397 1318 
3801 1765 1968 1967 
3802 2170 2566 2017 
3803 1961 2739 1964 
3804 908 2405 904 
3805 1353 2402 1654 
3806 1157 1283 1155 
3807 1232 2452 1231 
3808 2146 2879 2780 
3809 1291 1317 1292 
3810 1413 2482 1264 
3811 1834 1938 1836 
3812 852 2480 824 
3813 600 754 598 
3814 870 2468 872 
3815 1563 2375 1315 
3816 1241 1243 1242 
3817 1675 1676 1413 
3818 1580 1730 1581 
3819 965 2465 868 
3820 1057 1090 1055 
3821 1149 2381 1145 
3822 732 1265 738 
3823 1231 1572 1571 
3824 1044 2454 1043 
3825 1371 1650 1412 
3826 1317 2384 1397 
3827 1398 1570 1508 
3828 1129 1239 1007 
3829 1762 1815 1652 
3830 842 1241 1240 
3831 929 1101 927 
3832 806 832 825 
3833 629 1024 627 
3834 2088 2824 2087 
3835 1207 2508 1374 
3836 1627 1652 1419 
3837 582 2383 749 
3838 1175 2455 1174 
3839 1831 2363 1808 
3840 1572 1833 1573 
3841 539 2404 541 
3842 1193 2430 1188 
3843 1668 1861 1860 
3844 1182 1199 1178 
3845 1388 1419 1239 
3846 1302 1371 1370 
3847 1282 2386 1546 
3848 1031 1577 1029 
3849 1976 2878 1719 
3850 589 2458 588 
3851 1053 1252 1051 
3852 1035 2831 1996 
3853 1976 2721 427 
3854 1304 1615 1303 
3855 2560 2684 2206 
3856 1411 1698 1697 
3857 2019 2653 2018 
3858 1237 1674 1395 
3859 1656 1657 1360 
3860 1086 1600 1004 
3861 1647 1722 1358 
3862 2193 2682 462 
3863 1300 1302 1301 
3864 489 2435 486 
3865 849 1258 855 
3866 1249 1303 1248 
3867 2183 2548 772 
3868 923 1020 921 
3869 567 2687 570 
3870 1480 2484 1590 
3871 1829 1830 1405 
3872 1049 1067 1047 
3873 1871 1881 1870 
3874 1842 1922 1596 
3875 1187 1672 1185 
3876 1256 1300 1299 
3877 594 975 592 
3878 1265 1852 1393 
3879 510 2464 1282 
3880 1363 2608 1364 
3881 1231 1571 1197 
3882 1532 1596 1531 
3883 910 1129 1007 
3884 1381 1403 1261 
3885 1654 1655 1352 
3886 1041 1083 1039 
3887 1387 1813 1798 
3888 1654 1791 1655 
3889 1768 1999 1746 
3890 621 743 619 
3891 1243 2479 1244 
3892 513 514 512 
3893 1019 2498 871 
3894 772 2548 2531 
3895 1961 1962 1959 
3896 1087 2474 1086 
3897 966 2383 574 
3898 1264 2482 1262 
3899 850 2412 854 
3900 839 2389 1224 
3901 2050 3081 2026 
3902 1821 1858 1822 
3903 1619 2542 2470 
3904 1617 1618 1245 
3905 1645 2682 1621 
3906 508 510 509 
3907 2634 3113 428 
3908 1062 2427 1617 
3909 1200 1357 1199 
3910 2172 2665 1528 
3911 1473 2392 1469 
3912 484 2436 487 
3913 1509 2467 2343 
3914 2114 2516 2118 
3915 1533 1843 1534 
3916 887 2486 1099 
3917 482 2460 2436 
3918 504 506 505 
3919 1845 1959 1958 
3920 1329 1901 1773 
3921 1717 1801 1324 
3922 1608 1797 1770 
3923 1774 1775 1331 
3924 458 1320 1319 
3925 1787 1899 1554 
3926 1344 2365 2194 
3927 456 1846 1803 
3928 1788 1862 1348 
3929 1790 1854 1366 
3930 465 466 464 
3931 1187 1673 1672 
3932 1639 2633 1542 
3933 2296 2439 799 
3934 831 2389 830 
3935 1865 1879 1864 
3936 1367 1533 1368 
3937 1700 1845 1844 
3938 1698 1700 1699 
3939 1601 1641 1600 
3940 1642 1658 1641 
3941 474 476 475 
3942 1829 2000 1830 
3943 501 502 500 
3944 492 494 493 
3945 1320 1367 1321 
3946 1863 1864 1862 
3947 467 468 466 
3948 497 498 496 
3949 488 490 489 
3950 484 486 485 
3951 1258 1259 855 
3952 472 474 473 
3953 1099 2486 1237 
3954 1817 2408 1818 
3955 1778 1973 1779 
3956 954 2998 2037 
3957 481 482 480 
3958 737 2415 740 
3959 2145 2894 2146 
3960 1224 2486 887 
3961 1775 1778 1776 
3962 1801 1817 1802 
3963 470 472 471 
3964 482 484 483 
3965 1258 1260 1259 
3966 1995 2741 1992 
3967 498 500 499 
3968 1698 1699 1697 
3969 479 480 478 
3970 1086 1601 1600 
3971 487 488 486 
3972 502 504 503 
3973 491 492 490 
3974 495 496 494 
3975 468 470 469 
3976 1260 1365 1312 
3977 863 2553 2263 
3978 1808 2469 1435 
3979 2079 2503 1135 
3980 477 478 476 
3981 1909 2982 1276 
3982 507 508 506 
3983 1260 1312 1259 
3984 1192 2491 1190 
3985 1531 2472 1120 
3986 707 2527 686 
3987 1031 2223 1577 
3988 514 516 515 
3989 511 512 510 
3990 1618 1792 1619 
3991 898 2492 902 
3992 1182 1200 1199 
3993 1859 1952 1858 
3994 1540 2402 1391 
3995 1024 2448 627 
3996 1601 1642 1641 
3997 1700 1844 1699 
3998 1845 1958 1844 
3999 1181 2416 1179 
4000 855 2412 850 
4001 1546 2386 2333 
4002 1265 1393 738 
4003 1200 1358 1357 
4004 1848 1882 1657 
4005 1126 2418 1116 
4006 1291 1292 1243 
4007 1726 2465 1277 
4008 1765 1967 1570 
4009 1963 1965 1962 
4010 1572 1573 1571 
4011 1129 1388 1239 
4012 1035 2453 1032 
4013 1760 1841 1403 
4014 1397 1398 1318 
4015 1317 1318 1292 
4016 1833 1834 1573 
4017 1388 1627 1419 
4018 1627 1762 1652 
4019 1178 2455 1175 
4020 916 2405 908 
4021 509 2382 506 
4022 2417 2694 2620 
4023 2323 2668 551 
4024 733 2419 735 
4025 913 2489 967 
4026 541 2404 780 
4027 1550 2510 1483 
4028 2342 2522 1016 
4029 1465 2423 1467 
4030 813 2424 835 
4031 904 2405 1322 
4032 1904 2533 1699 
4033 706 2912 2910 
4034 1256 2499 1706 
4035 771 2528 814 
4036 1505 2507 1503 
4037 1657 2452 1360 
4038 1716 2581 2020 
4039 506 2382 505 
4040 1462 2425 1443 
4041 498 2391 501 
4042 1132 2433 957 
4043 1731 2745 1453 
4044 681 2426 679 
4045 2147 2780 2149 
4046 2352 2378 517 
4047 1767 2480 1418 
4048 1197 2491 1192 
4049 2382 2413 979 
4050 1190 2491 1193 
4051 1179 2416 1182 
4052 969 2434 947 
4053 1556 2526 1972 
4054 902 2492 910 
4055 1067 2454 1047 
4056 2416 2540 1182 
4057 1982 2732 420 
4058 1590 2484 1709 
4059 2298 2807 2297 
4060 1581 2438 1622 
4061 1569 2492 898 
4062 854 2412 1000 
4063 799 2439 801 
4064 1880 2773 1874 
4065 2304 2611 1889 
4066 945 2442 943 
4067 281 2965 104 
4068 263 2968 59 
4069 334 2966 238 
4070 132 2967 290 
4071 989 2440 987 
4072 888 2505 1214 
4073 727 2444 729 
4074 738 2419 733 
4075 1209 2437 1211 
4076 705 2523 716 
4077 1877 2447 1875 
4078 1253 2404 539 
4079 3025 3092 2359 
4080 975 2458 592 
4081 1873 2449 1871 
4082 2490 2904 2875 
4083 772 2531 762 
4084 740 2415 761 
4085 1840 2760 1629 
4086 1167 2451 1165 
4087 1200 2540 1359 
4088 1815 2816 1652 
4089 1548 2477 1518 
4090 2309 3021 2010 
4091 2270 2757 1983 
4092 635 2450 633 
4093 1417 2456 1424 
4094 2018 2653 1348 
4095 1631 2760 1957 
4096 497 2391 498 
4097 1534 2457 1536 
4098 1361 2559 1656 
4099 1495 2520 1497 
4100 1187 2430 1673 
4101 1867 2461 1865 
4102 787 2460 481 
4103 1403 2474 1261 
4104 1244 2479 1668 
4105 2206 2684 2205 
4106 1163 2462 1161 
4107 1818 2408 1821 
4108 971 2415 737 
4109 721 2463 723 
4110 2518 3007 2328 
4111 1185 2416 1181 
4112 790 2793 794 
4113 1570 2487 1857 
4114 1284 2418 1126 
4115 1016 2522 1221 
4116 1676 2482 1413 
4117 1927 2691 2670 
4118 1116 2418 1128 
4119 1876 2773 2003 
4120 1059 2470 1057 
4121 735 2419 971 
4122 1297 2471 1417 
4123 1730 2438 1581 
4124 872 2468 1209 
4125 631 2473 629 
4126 1381 2478 1760 
4127 1394 2421 1726 
4128 1467 2423 1473 
4129 1324 2538 1323 
4130 1331 2539 1330 
4131 1821 2408 1859 
4132 835 2424 849 
4133 2002 2680 1837 
4134 435 3022 1972 
4135 1031 2453 2223 
4136 2045 2969 2730 
4137 909 2529 901 
4138 1746 2425 1462 
4139 757 2519 775 
4140 931 2476 929 
4141 982 2624 985 
4142 1932 2953 2535 
4143 1993 2741 2154 
4144 1231 2452 1572 
4145 752 2813 2103 
4146 472 2496 2346 
4147 2900 2909 1948 
4148 2192 2880 1595 
4149 1703 3006 2216 
4150 1405 2433 1132 
4151 1282 2464 2386 
4152 866 2553 863 
4153 709 2426 681 
4154 1734 2507 1505 
4155 2335 2423 1465 
4156 1871 2449 1881 
4157 2146 2780 2144 
4158 1648 2778 1649 
4159 840 2944 2010 
4160 1721 2510 1550 
4161 1237 2486 1674 
4162 1029 2434 969 
4163 2156 2521 2153 
4164 1292 2479 1243 
4165 512 2464 510 
4166 1801 2775 1817 
4167 655 2753 653 
4168 1518 2477 2288 
4169 1285 2556 1284 
4170 2127 2690 2125 
4171 1857 2515 1508 
4172 1843 2457 1534 
4173 1512 2984 2592 
4174 1055 2483 1053 
4175 515 2464 512 
4176 1199 2455 1178 
4177 947 2434 1112 
4178 820 2649 2100 
4179 2274 2532 1856 
4180 1865 2461 1879 
4181 1898 2582 1511 
4182 1758 2546 1757 
4183 2511 2887 1773 
4184 481 2460 482 
4185 1622 2438 1764 
4186 679 2426 2294 
4187 801 2439 836 
4188 2098 2688 2097 
4189 2138 2559 1378 
4190 717 2490 719 
4191 2360 2766 2200 
4192 1112 2442 945 
4193 1211 2437 1558 
4194 2219 2848 1620 
4195 1604 2537 1603 
4196 551 2668 547 
4197 499 2495 496 
4198 2355 2519 757 
4199 1002 2440 989 
4200 2251 2872 2250 
4201 504 2493 507 
4202 729 2444 732 
4203 1273 2493 502 
4204 760 2499 1256 
4205 1619 2470 1245 
4206 1894 2447 1877 
4207 1778 2500 1975 
4208 2642 2676 2254 
4209 943 2442 1105 
4210 814 2528 831 
4211 1875 2447 1878 
4212 494 2495 1392 
4213 2992 3084 1765 
4214 2442 2443 1105 
4215 1878 2449 1873 
4216 2303 2637 2012 
4217 476 2499 760 
4218 842 2519 2407 
4219 1571 2491 1197 
4220 1086 2474 1601 
4221 1567 2443 2372 
4222 1671 2810 1647 
4223 596 2485 594 
4224 987 2440 2391 
4225 2483 2983 1252 
4226 1170 2451 1167 
4227 1856 3077 1855 
4228 970 2496 470 
4229 910 2492 1129 
4230 1051 2488 1049 
4231 993 2450 635 
4232 1837 2619 1835 
4233 2086 2568 2501 
4234 1424 2456 1580 
4235 1777 2500 1775 
4236 1165 2451 1309 
4237 1536 2457 1749 
4238 2191 2664 1012 
4239 2688 3047 2622 
4240 1668 2479 1861 
4241 1870 2461 1867 
4242 745 2523 705 
4243 1248 2460 787 
4244 2594 2638 2181 
4245 2293 2772 1127 
4246 2271 2609 1913 
4247 1309 2462 1163 
4248 1369 2501 1367 
4249 1759 2607 1427 
4250 1758 2996 2546 
4251 1936 3021 1784 
4252 1320 2513 1369 
4253 469 2514 466 
4254 633 2450 702 
4255 723 2463 805 
4256 261 2961 57 
4257 102 2960 278 
4258 162 2959 302 
4259 308 2962 176 
4260 1678 2868 2866 
4261 1159 2530 1157 
4262 1161 2462 1305 
4263 1312 2475 1387 
4264 1578 2450 993 
4265 876 2793 815 
4266 2903 2913 2219 
4267 1672 2540 2416 
4268 1497 2520 1607 
4269 775 2519 842 
4270 1508 2558 1318 
4271 1006 2463 721 
4272 1388 2572 1752 
4273 765 2838 764 
4274 1245 2470 1059 
4275 1835 2569 1573 
4276 1930 2751 467 
4277 662 2621 659 
4278 732 2444 1265 
4279 1672 2416 1185 
4280 702 2473 631 
4281 1057 2470 1090 
4282 1577 2434 1029 
4283 849 2424 1258 
4284 2225 2789 2368 
4285 623 2494 621 
4286 1365 2475 1312 
4287 1202 2476 931 
4288 1302 2504 1623 
4289 1221 2522 1411 
4290 780 2502 806 
4291 629 2473 1024 
4292 794 2813 770 
4293 1830 2433 1405 
4294 929 2476 1101 
4295 809 2776 823 
4296 1706 2504 1300 
4297 1788 2662 1863 
4298 1999 2425 1746 
4299 1090 2483 1055 
4300 2371 2490 717 
4301 586 2846 858 
4302 2259 2575 1602 
4303 1650 2506 2326 
4304 2996 3042 1519 
4305 1053 2483 1252 
4306 719 2490 1006 
4307 832 2739 2650 
4308 1967 2487 1570 
4309 1554 2512 1781 
4310 1804 2513 458 
4311 464 2514 2195 
4312 1623 2506 1371 
4313 1387 2475 1813 
4314 2218 2903 2219 
4315 1594 2536 1582 
4316 452 3100 1977 
4317 1252 2488 1051 
4318 1305 2530 1159 
4319 1411 2522 1698 
4320 2000 2577 1830 
4321 594 2485 975 
4322 1049 2488 1067 
4323 2610 3031 1824 
4324 817 2645 796 
4325 1157 2530 1283 
4326 2378 2551 1226 
4327 1845 2629 1960 
4328 2435 2742 485 
4329 1131 2863 1363 
4330 1368 2677 1321 
4331 2301 2993 2320 
4332 470 2496 472 
4333 621 2494 743 
4334 478 2499 476 
4335 806 2502 832 
4336 496 2495 494 
4337 502 2493 504 
4338 2142 2794 856 
4339 1572 2555 1833 
4340 1775 2500 1778 
4341 1486 2893 1257 
4342 1970 3088 1636 
4343 1367 2501 1533 
4344 2398 2926 2316 
4345 1209 2468 2437 
4346 2165 2929 2167 
4347 1417 2471 2456 
4348 1748 2867 2624 
4349 1472 2775 1471 
4350 2167 2929 2563 
4351 1956 2625 2124 
4352 1150 2614 1149 
4353 1300 2504 1302 
4354 656 2753 1516 
4355 1371 2506 1650 
4356 487 2628 2319 
4357 1982 2928 2481 
4358 2820 3041 1797 
4359 673 3013 690 
4360 1798 2603 1585 
4361 2298 2973 2645 
4362 483 2570 480 
4363 2404 2502 780 
4364 2444 2557 1853 
4365 836 2564 803 
4366 804 2588 784 
4367 1637 3029 1979 
4368 604 2583 602 
4369 1459 2630 2411 
4370 1824 2651 1825 
4371 1366 2761 2093 
4372 1968 3084 833 
4373 1822 2610 1824 
4374 1616 2561 1303 
4375 1770 3041 2009 
4376 1985 2573 1796 
4377 1276 2982 1274 
4378 2083 3027 542 
4379 1899 2512 1554 
4380 458 2513 1320 
4381 466 2514 464 
4382 1588 2565 1902 
4383 1588 2608 2565 
4384 805 2557 725 
4385 1033 2786 1034 
4386 1988 2740 1691 
4387 344 2398 2316 
4388 1625 2689 2255 
4389 1802 2538 1324 
4390 1776 2539 1331 
4391 1830 2577 2529 
4392 2253 2763 1806 
4393 2559 2914 1656 
4394 1171 2606 1170 
4395 1988 2534 1885 
4396 698 2644 692 
4397 2222 2941 1677 
4398 1941 3090 369 
4399 1378 2559 1361 
4400 2496 2497 2346 
4401 1445 2982 2089 
4402 1655 2556 1352 
4403 1026 2553 866 
4404 2090 2547 1688 
4405 2374 2549 974 
4406 1587 2603 1794 
4407 654 2771 751 
4408 2301 3032 2993 
4409 2330 2942 2099 
4410 1879 3020 1950 
4411 2032 2844 1905 
4412 2330 2605 397 
4413 2491 2569 1193 
4414 1767 2949 2400 
4415 1569 2572 2492 
4416 783 2891 795 
4417 813 2564 2424 
4418 2506 2791 2327 
4419 1709 2550 2004 
4420 2529 2577 897 
4421 1793 2542 1619 
4422 560 2947 562 
4423 727 2557 2444 
4424 2424 2564 2370 
4425 584 2847 569 
4426 714 2846 693 
4427 2204 2756 1105 
4428 725 2557 727 
4429 1699 2533 1697 
4430 562 2951 565 
4431 2484 2550 1709 
4432 355 2545 1342 
4433 1339 2543 398 
4434 365 2544 1339 
4435 1403 2554 2474 
4436 507 2818 2285 
4437 951 2609 2271 
4438 1182 2540 1200 
4439 1601 2554 1642 
4440 2636 2958 765 
4441 2789 3004 2368 
4442 1828 2688 2622 
4443 2322 2598 2514 
4444 2522 2593 1698 
4445 2137 2988 1683 
4446 1430 2977 1097 
4447 1692 2869 1543 
4448 454 2562 453 
4449 1352 2556 1285 
4450 485 2618 483 
4451 2406 3024 1777 
4452 1038 2916 1065 
4453 2342 2593 2522 
4454 2724 2939 2120 
4455 2320 2585 1253 
4456 221 2781 383 
4457 1940 2770 1922 
4458 1996 2832 1733 
4459 803 2564 813 
4460 1292 2558 2479 
4461 1728 2939 1927 
4462 2666 2970 1694 
4463 1500 2623 2332 
4464 1591 3073 2251 
4465 1646 2656 1712 
4466 2066 2587 1695 
4467 2499 2570 1706 
4468 2576 2660 1617 
4469 2217 2938 430 
4470 2474 2554 1601 
4471 716 2659 697 
4472 1981 2996 1758 
4473 2195 2901 395 
4474 691 3001 704 
4475 2460 2561 2436 
4476 1833 2636 1834 
4477 2492 2572 1129 
4478 1571 2569 2491 
4479 2117 2815 2120 
4480 2112 2666 1694 
4481 1012 2664 1013 
4482 1553 2867 1748 
4483 2164 2872 2168 
4484 2412 2571 1000 
4485 446 2584 364 
4486 1283 2591 1155 
4487 995 2647 1218 
4488 744 3014 765 
4489 2146 2894 2644 
4490 1815 2847 2816 
4491 1248 2561 2460 
4492 2015 3099 1684 
4493 2479 2558 1861 
4494 708 2676 750 
4495 2133 3045 384 
4496 2292 2571 2412 
4497 2435 2791 2742 
4498 2763 2898 1806 
4499 1841 2554 1403 
4500 2699 2701 1884 
4501 1882 2555 1657 
4502 1986 2702 401 
4503 2676 2679 2254 
4504 2532 2975 1856 
4505 1600 2658 2612 
4506 478 2570 2499 
4507 1246 2922 2797 
4508 2501 2568 1533 
4509 1251 2596 2258 
4510 383 2781 2537 
4511 2226 3110 1064 
4512 2175 3084 2992 
4513 1744 2783 2008 
4514 749 2679 687 
4515 928 2586 930 
4516 422 2844 2032 
4517 1958 2747 2077 
4518 1485 2778 2227 
4519 1342 2545 1713 
4520 398 2543 1329 
4521 462 2544 365 
4522 384 3047 2133 
4523 1600 2612 1004 
4524 283 2877 360 
4525 1000 2571 2354 
4526 786 2762 844 
4527 2002 2765 2680 
4528 1303 2561 1248 
4529 292 2883 386 
4530 1328 2887 320 
4531 1338 2888 332 
4532 352 2884 328 
4533 255 2885 414 
4534 413 2886 273 
4535 1318 2558 1292 
4536 1575 2960 279 
4537 307 2962 348 
4538 412 2959 303 
4539 260 2961 1576 
4540 2731 3000 1638 
4541 747 2669 777 
4542 2352 2551 2378 
4543 546 3027 833 
4544 397 2605 1345 
4545 358 2928 318 
4546 1511 2582 1949 
4547 917 2737 916 
4548 2427 2576 1617 
4549 784 2588 763 
4550 401 3039 1986 
4551 2400 3093 1767 
4552 126 2796 2635 
4553 1718 2936 1912 
4554 1526 2821 2429 
4555 2080 3104 1735 
4556 1772 2581 454 
4557 1533 2568 1843 
4558 2066 3106 2587 
4559 2705 2970 2666 
4560 619 2667 617 
4561 2480 2563 1008 
4562 2975 3077 1856 
4563 2537 3007 383 
4564 1723 2743 1744 
4565 1573 2569 1571 
4566 480 2570 478 
4567 1689 2899 1690 
4568 1687 2735 2336 
4569 1129 2572 1388 
4570 2189 3074 2542 
4571 13 2895 380 
4572 73 2896 379 
4573 178 2897 387 
4574 1707 2600 1589 
4575 382 3004 118 
4576 2357 2822 1486 
4577 857 2593 2342 
4578 1920 2921 1854 
4579 2696 3045 2695 
4580 1003 2589 1005 
4581 648 3094 1091 
4582 1682 2806 1683 
4583 2251 3073 2523 
4584 1894 2609 2447 
4585 1859 2809 1953 
4586 1610 2761 1609 
4587 1008 2762 810 
4588 1109 2576 2427 
4589 362 2968 60 
4590 131 2967 361 
4591 443 2965 105 
4592 460 2966 239 
4593 1112 2594 2372 
4594 1657 2555 2452 
4595 467 2751 468 
4596 1364 2608 1588 
4597 1753 2945 2673 
4598 1997 3097 1731 
4599 1531 2597 2472 
4600 1731 2940 2745 
4601 2472 2597 2213 
4602 1808 2599 2469 
4603 706 2583 604 
4604 2403 2755 1608 
4605 1648 2933 2226 
4606 2549 2941 2222 
4607 394 2713 2526 
4608 837 2985 2351 
4609 1606 2822 2357 
4610 832 2650 825 
4611 2166 2590 2334 
4612 1767 2563 2480 
4613 2338 2914 2559 
4614 608 2768 606 
4615 2017 2726 405 
4616 245 2663 423 
4617 1002 2612 2440 
4618 1202 2746 2360 
4619 1155 2591 1153 
4620 2469 2599 2209 
4621 1910 2640 1909 
4622 1987 2596 1635 
4623 2417 3082 416 
4624 685 2880 2192 
4625 483 2618 2570 
4626 1253 2585 2404 
4627 2598 2750 1783 
4628 1078 2683 1082 
4629 857 2629 2593 
4630 1246 2797 1095 
4631 1109 2839 2241 
4632 2428 2649 1540 
4633 2452 2555 1572 
4634 1552 2681 2293 
4635 1654 2798 1791 
4636 1585 2603 1587 
4637 1673 2574 1672 
4638 1959 2747 1958 
4639 2094 2610 876 
4640 1113 2683 1080 
4641 2377 2606 1174 
4642 1837 2680 2619 
4643 1316 2755 2110 
4644 2220 2912 2768 
4645 1332 2579 1333 
4646 1926 3108 1666 
4647 1649 2778 2672 
4648 2134 2788 2132 
4649 1108 2750 2322 
4650 1919 2752 1809 
4651 1395 2735 1687 
4652 1835 2619 2569 
4653 3015 3072 1760 
4654 1866 2911 1868 
4655 1696 2907 1785 
4656 285 3004 117 
4657 2434 2594 1112 
4658 2489 2661 967 
4659 2537 2781 2399 
4660 2103 2641 2104 
4661 2540 2574 1359 
4662 2579 2969 2043 
4663 1924 2615 1662 
4664 1605 2602 1606 
4665 2768 2930 2220 
4666 2419 2633 971 
4667 2094 3031 2610 
4668 1218 2647 2536 
4669 1339 2544 2543 
4670 340 2956 2714 
4671 437 2943 2051 
4672 2667 2848 2219 
4673 937 2744 1021 
4674 1252 2987 2488 
4675 2349 2976 2376 
4676 2162 2642 1599 
4677 2606 2873 2130 
4678 2358 2934 489 
4679 1393 2731 1638 
4680 1616 2628 2561 
4681 2269 2787 1926 
4682 1983 2732 1982 
4683 375 2981 2003 
4684 1021 2746 935 
4685 933 2746 1202 
4686 2622 3047 440 
4687 1615 2604 1616 
4688 1979 3029 2659 
4689 1020 2737 921 
4690 2578 2749 338 
4691 2214 3112 2923 
4692 1036 2831 1035 
4693 751 2955 652 
4694 659 2621 657 
4695 1105 2756 941 
4696 2009 2276 356 
4697 1753 2673 2672 
4698 1174 2606 1171 
4699 1348 2653 1347 
4700 1326 2757 2270 
4701 2900 2978 1083 
4702 2627 2738 1614 
4703 1913 2609 1894 
4704 2552 2721 1976 
4705 2355 2627 2519 
4706 1974 2920 1779 
4707 981 2624 982 
4708 1577 2594 2434 
4709 2100 2649 2428 
4710 1920 2819 2115 
4711 2401 3019 966 
4712 2910 2912 1800 
4713 1729 2637 2303 
4714 2190 3112 2214 
4715 2650 2739 1960 
4716 2440 2612 1705 
4717 2404 2585 2502 
4718 2158 2820 2140 
4719 1559 3006 1703 
4720 2052 2646 1663 
4721 1698 2593 1700 
4722 1847 2980 2358 
4723 2570 2618 1706 
4724 997 2754 2524 
4725 1596 2597 1531 
4726 2745 2805 1669 
4727 1735 3096 2080 
4728 2026 2626 1741 
4729 2363 2599 1808 
4730 2709 2876 1680 
4731 1226 2613 2317 
4732 1341 2685 2525 
4733 2351 2985 2216 
4734 1345 2605 1346 
4735 1101 2767 927 
4736 1672 2574 2540 
4737 1153 2614 1150 
4738 2798 2891 1791 
4739 2281 3037 774 
4740 2612 2658 1705 
4741 2407 2627 1614 
4742 1858 2610 1822 
4743 440 3047 2720 
4744 2514 2598 2195 
4745 923 2764 1020 
4746 1426 2902 1304 
4747 2022 2881 1386 
4748 774 2936 2281 
4749 1708 2906 1707 
4750 1722 2812 1358 
4751 90 2595 374 
4752 2777 2824 2088 
4753 1251 2689 2596 
4754 2028 3107 2333 
4755 2574 2765 1671 
4756 2572 2630 1752 
4757 2280 2668 2323 
4758 577 2639 2272 
4759 1963 3032 1966 
4760 1780 2634 2539 
4761 862 2643 865 
4762 1828 2622 1827 
4763 711 2879 698 
4764 1214 2647 995 
4765 588 2826 576 
4766 2377 2873 2606 
4767 1382 3030 1769 
4768 1004 2612 1002 
4769 843 2935 817 
4770 1937 2681 1552 
4771 696 2842 674 
4772 1883 2835 1675 
4773 2569 2619 1193 
4774 1357 2812 1660 
4775 1839 3082 2417 
4776 1340 2685 1341 
4777 1333 2685 367 
4778 765 3014 2636 
4779 2591 2614 1153 
4780 1082 2817 1076 
4781 1729 2807 2637 
4782 2593 2629 1700 
4783 1707 2601 2600 
4784 2437 2736 1558 
4785 2157 2871 1612 
4786 581 2654 573 
4787 2179 2957 655 
4788 2582 2822 1606 
4789 2706 2707 1880 
4790 1922 2770 1596 
4791 1950 3020 955 
4792 3032 3078 1966 
4793 2500 2611 1975 
4794 2561 2628 2436 
4795 2654 2687 573 
4796 2076 2790 951 
4797 2370 2733 1653 
4798 368 2678 2673 
4799 2019 2926 2653 
4800 820 2798 2649 
4801 566 2890 774 
4802 1693 2655 1692 
4803 2316 2926 2019 
4804 1755 3028 1564 
4805 1679 2623 1500 
4806 668 2944 840 
4807 2519 2627 2407 
4808 1542 2633 2419 
4809 2629 2650 1960 
4810 2509 3101 450 
4811 617 2913 614 
4812 703 2758 2141 
4813 2588 2669 763 
4814 2945 3035 2855 
4815 1641 2658 1600 
4816 1072 2839 1109 
4817 1789 2996 1519 
4818 2933 3110 2226 
4819 1193 2619 2430 
4820 1964 2739 2674 
4821 1752 2892 1627 
4822 2604 2977 1430 
4823 761 3069 753 
4824 1325 2757 1326 
4825 1881 2795 1870 
4826 2329 2738 2627 
4827 2329 2627 2355 
4828 749 2898 2763 
4829 1896 2845 2032 
4830 1083 2831 1039 
4831 2411 2630 1569 
4832 1538 2933 1648 
4833 856 2794 2029 
4834 844 3002 766 
4835 1712 2784 1711 
4836 2596 2689 1635 
4837 2125 2690 703 
4838 2536 2647 1766 
4839 2690 2758 703 
4840 1669 2814 1670 
4841 3030 3083 1769 
4842 2780 2879 777 
4843 2533 2955 751 
4844 1904 2955 2533 
4845 1863 2662 1866 
4846 562 2947 2648 
4847 2353 3078 996 
4848 1834 2636 1938 
4849 1943 2661 2489 
4850 1628 2829 1290 
4851 2463 2868 805 
4852 2478 3015 1760 
4853 2828 2848 743 
4854 450 2743 2509 
4855 2234 3018 1726 
4856 1753 2672 1485 
4857 796 2645 804 
4858 1398 2992 1765 
4859 2055 2736 2437 
4860 1769 3083 2266 
4861 1700 2629 1845 
4862 692 2644 709 
4863 1569 2630 2572 
4864 1347 2653 410 
4865 2875 2904 2222 
4866 1706 2618 2504 
4867 1825 2651 1828 
4868 2807 2935 960 
4869 613 2930 610 
4870 2609 2790 2447 
4871 2065 2830 2059 
4872 751 2907 2533 
4873 2365 3080 2194 
4874 1043 2900 1041 
4875 808 2676 2642 
4876 1577 2638 2594 
4877 825 2650 857 
4878 2093 2761 1610 
4879 2539 2634 378 
4880 2597 2770 714 
4881 1705 2658 1273 
4882 697 2659 696 
4883 1965 2631 1962 
4884 2223 2638 1577 
4885 1641 2734 2658 
4886 1898 2822 2582 
4887 1649 2678 1832 
4888 2648 2951 562 
4889 1762 2648 1815 
4890 771 3069 2528 
4891 1847 3030 2980 
4892 1441 2834 2078 
4893 424 3004 2789 
4894 2715 2956 340 
4895 1535 2677 1368 
4896 2575 2902 1426 
4897 2078 2810 689 
4898 745 3002 2523 
4899 442 2635 2567 
4900 2281 2936 2279 
4901 564 2986 811 
4902 1510 2991 1898 
4903 1563 3028 2011 
4904 774 3037 563 
4905 1528 2665 2138 
4906 2319 2782 2247 
4907 573 2687 567 
4908 1764 2656 1646 
4909 763 2669 747 
4910 2621 2771 657 
4911 2436 2628 487 
4912 2533 2907 1697 
4913 1136 3000 2295 
4914 547 2668 837 
4915 1540 2649 2402 
4916 2295 3000 2731 
4917 1617 2660 1618 
4918 1751 3017 1750 
4919 1777 2769 2406 
4920 2216 2985 1703 
4921 15 3098 2663 
4922 1482 2686 2283 
4923 1083 2978 2832 
4924 981 2748 2624 
4925 1684 3070 2015 
4926 456 2940 1846 
4927 1614 2738 2384 
4928 685 2923 2880 
4929 2059 2830 2060 
4930 1893 3080 2365 
4931 967 2661 2350 
4932 2110 2755 2403 
4933 1621 2682 2341 
4934 1013 2664 1246 
4935 2043 2969 2045 
4936 2516 2517 2118 
4937 2109 2972 1742 
4938 441 2945 2855 
4939 743 2667 619 
4940 2449 3026 948 
4941 1482 2803 2686 
4942 1710 3111 1708 
4943 2523 3002 2251 
4944 2133 2688 2098 
4945 2598 2901 2195 
4946 182 447 181 
4947 190 2394 189 
4948 220 2518 219 
4949 167 416 166 
4950 137 346 136 
4951 92 418 91 
4952 85 417 84 
4953 107 347 106 
4954 62 449 61 
4955 10 2398 9 
4956 70 2397 69 
4957 32 400 31 
4958 2 445 1 
4959 130 451 129 
4960 2032 2845 422 
4961 2543 2784 1329 
4962 2093 3003 411 
4963 2420 2814 346 
4964 1334 3005 354 
4965 1658 2734 1641 
4966 2628 2782 2319 
4967 1716 3023 2581 
4968 2777 2999 702 
4969 2802 2985 837 
4970 1678 2866 2221 
4971 1453 2745 1669 
4972 1992 2741 1993 
4973 452 2801 1911 
4974 1947 2932 2109 
4975 823 2914 2338 
4976 2567 2652 442 
4977 1788 2895 2662 
4978 985 2867 2313 
4979 750 2676 808 
4980 687 2679 708 
4981 2549 2904 974 
4982 1635 2689 1625 
4983 1574 3091 2421 
4984 1787 3102 1900 
4985 2456 2915 1580 
4986 485 2742 2618 
4987 836 2733 2564 
4988 1615 2977 2604 
4989 2689 2797 2255 
4990 2254 2763 2253 
4991 2448 2995 623 
4992 1977 3100 1803 
4993 1904 3094 2955 
4994 2130 2873 2127 
4995 1080 2683 1078 
4996 2918 3020 1879 
4997 2658 2734 1273 
4998 465 3087 467 
4999 1321 3086 1319 
5000 653 2753 656 
5001 2358 2980 2934 
5002 2523 3073 716 
5003 2322 2750 2598 
5004 1681 2740 1988 
5005 2631 2747 1962 
5006 2259 2902 2575 
5007 1960 2739 1961 
5008 2509 2743 1723 
5009 2619 2680 2430 
5010 377 2917 2064 
5011 1629 2760 1631 
5012 709 2894 2315 
5013 1684 3099 444 
5014 2567 2635 2269 
5015 2797 2922 2255 
5016 2429 2733 836 
5017 2200 2766 2201 
5018 2371 2904 2490 
5019 3072 3092 1841 
5020 2222 2904 2549 
5021 341 2927 2626 
5022 1737 2915 2456 
5023 2450 2777 702 
5024 2528 3069 1886 
5025 2791 2934 2327 
5026 2903 2930 613 
5027 276 3103 2595 
5028 1685 2743 450 
5029 1981 3042 2996 
5030 1874 2773 1876 
5031 785 2776 809 
5032 1726 3018 2465 
5033 2008 2783 2049 
5034 2461 2918 1879 
5035 939 2744 937 
5036 2502 2674 832 
5037 2144 2780 2147 
5038 2585 2674 2502 
5039 1783 2750 1782 
5040 921 2737 917 
5041 1852 2731 1393 
5042 2660 2759 1618 
5043 810 2762 786 
5044 1725 2908 2016 
5045 778 2738 2329 
5046 935 2746 933 
5047 1743 2779 1980 
5048 657 2771 654 
5049 2639 2892 1752 
5050 1471 2775 1512 
5051 2051 2722 437 
5052 1516 2941 2549 
5053 2297 2807 1729 
5054 468 2751 970 
5055 2827 2889 1853 
5056 2946 2970 339 
5057 2413 2748 981 
5058 1558 2736 1786 
5059 1674 2735 1395 
5060 1933 2754 1916 
5061 1745 2848 2828 
5062 1812 3106 2066 
5063 1389 2806 2134 
5064 2089 2999 2088 
5065 2430 2680 1673 
5066 381 2757 1325 
5067 2365 2953 1915 
5068 857 2650 2629 
5069 1676 2957 2478 
5070 1670 2814 2420 
5071 1034 2786 1037 
5072 2524 2754 1933 
5073 2563 2929 1008 
5074 815 2793 790 
5075 1809 2988 2137 
5076 1826 2789 2225 
5077 941 2756 939 
5078 1202 2684 2476 
5079 749 2763 2679 
5080 785 2838 2776 
5081 1812 2719 2718 
5082 804 2973 2151 
5083 2738 2792 2384 
5084 2611 3024 1889 
5085 2742 2791 1623 
5086 1962 2747 1959 
5087 2011 2803 1482 
5088 2566 2726 2017 
5089 2133 3047 2688 
5090 1674 2975 2532 
5091 1616 2782 2628 
5092 2601 2979 154 
5093 2512 2863 1356 
5094 1666 2801 1664 
5095 1643 2881 2545 
5096 1814 2804 1553 
5097 1645 2924 2682 
5098 1740 3003 2093 
5099 1618 2759 1792 
5100 951 2790 2609 
5101 2564 2733 2370 
5102 2287 2868 1678 
5103 1774 2769 1777 
5104 2494 2841 2828 
5105 925 2764 923 
5106 1273 2734 2493 
5107 2700 2702 1986 
5108 939 2756 2744 
5109 1608 2755 1797 
5110 927 2767 925 
5111 2486 2975 1674 
5112 1335 3035 2038 
5113 770 2813 752 
5114 1806 2898 1807 
5115 2626 2927 1741 
5116 1854 2761 1366 
5117 606 2768 706 
5118 1365 2964 2475 
5119 1703 2802 1704 
5120 2161 3089 1693 
5121 2504 2742 1623 
5122 1760 3072 1841 
5123 2680 2765 1673 
5124 2221 2875 2222 
5125 404 2840 2065 
5126 1908 2841 1910 
5127 1931 2808 350 
5128 2084 2956 1743 
5129 1946 3096 1948 
5130 2986 3033 811 
5131 1743 2956 2779 
5132 1766 2949 1767 
5133 1263 2925 1406 
5134 1642 3025 2359 
5135 2009 3041 1613 
5136 2649 2798 2402 
5137 2581 3023 454 
5138 1735 3104 1734 
5139 1826 2952 2789 
5140 1799 2772 1639 
5141 2745 2940 1771 
5142 1807 2971 1831 
5143 1095 2797 1251 
5144 2250 2872 2164 
5145 706 2910 2583 
5146 925 2767 2764 
5147 778 2792 2738 
5148 2800 2964 2948 
5149 2608 2937 2565 
5150 406 2671 52 
5151 439 2785 2587 
5152 2804 2829 1628 
5153 2618 2742 2504 
5154 2681 2772 2293 
5155 2617 2805 425 
5156 955 3020 2101 
5157 2864 2865 1897 
5158 1100 3031 2094 
5159 2940 3097 1846 
5160 2287 2889 2827 
5161 2657 2906 1708 
5162 1667 2821 1526 
5163 2803 3028 1755 
5164 2282 2675 2172 
5165 1885 3040 448 
5166 1902 2825 1725 
5167 1745 2828 1747 
5168 1790 2819 1920 
5169 349 2869 2836 
5170 1329 2784 1901 
5171 2088 2999 2777 
5172 448 2874 363 
5173 405 2861 2562 
5174 613 2913 2903 
5175 2545 2881 1713 
5176 2087 2824 1814 
5177 2789 2952 2877 
5178 1868 2938 2217 
5179 2515 3033 1861 
5180 764 2838 785 
5181 428 2854 2634 
5182 2752 2988 1809 
5183 2180 3092 769 
5184 1406 2889 2287 
5185 2402 2798 1654 
5186 347 2729 1682 
5187 445 2709 1680 
5188 449 2708 1685 
5189 447 2697 1681 
5190 1911 2692 451 
5191 1356 2863 1131 
5192 693 2846 586 
5193 2857 2938 2911 
5194 1733 2832 1735 
5195 349 2888 2869 
5196 1667 2843 2821 
5197 2466 2792 778 
5198 1578 2777 2450 
5199 1747 2841 1908 
5200 2101 2918 949 
5201 2282 2853 2675 
5202 2392 2809 1472 
5203 2396 2592 1717 
5204 1783 2919 2901 
5205 156 337 155 
5206 184 390 183 
5207 173 402 172 
5208 233 401 232 
5209 201 376 200 
5210 112 384 111 
5211 114 440 113 
5212 34 436 33 
5213 125 442 124 
5214 143 377 142 
5215 97 438 96 
5216 128 393 127 
5217 79 407 78 
5218 39 428 38 
5219 99 395 98 
5220 4 392 3 
5221 21 375 20 
5222 64 391 63 
5223 109 431 108 
5224 123 343 122 
5225 48 441 47 
5226 95 339 94 
5227 18 430 17 
5228 219 434 218 
5229 7 439 6 
5230 9 344 8 
5231 24 429 23 
5232 67 437 66 
5233 82 372 81 
5234 153 403 152 
5235 69 341 68 
5236 187 433 186 
5237 189 342 188 
5238 36 338 35 
5239 159 405 158 
5240 215 435 214 
5241 170 373 169 
5242 50 368 49 
5243 140 404 139 
5244 53 406 52 
5245 230 369 229 
5246 217 340 216 
5247 213 394 212 
5248 204 427 203 
5249 198 426 197 
5250 228 432 227 
5251 1076 2817 1074 
5252 1595 2880 2759 
5253 212 2849 211 
5254 40 2854 39 
5255 227 2851 226 
5256 197 2852 196 
5257 100 2859 99 
5258 160 2861 159 
5259 205 2850 204 
5260 175 2853 174 
5261 17 2857 16 
5262 25 2856 24 
5263 115 2858 114 
5264 47 2855 46 
5265 55 2860 54 
5266 145 2862 144 
5267 1928 2899 1689 
5268 820 2891 2798 
5269 1386 2881 1643 
5270 2176 2963 2792 
5271 2648 2947 1815 
5272 2653 2926 410 
5273 2014 2864 1897 
5274 1708 3111 2657 
5275 1358 2812 1357 
5276 1620 2848 1745 
5277 576 2826 572 
5278 1800 2912 1659 
5279 1762 2951 2648 
5280 2120 2939 1728 
5281 2447 2790 1878 
5282 2575 3071 1811 
5283 1899 2863 2512 
5284 1724 2843 1667 
5285 2805 2814 1669 
5286 2420 2833 2703 
5287 1870 2795 2461 
5288 2220 2903 2218 
5289 858 2847 584 
5290 84 2670 83 
5291 1623 2791 2506 
5292 1948 2909 1947 
5293 1658 2818 2734 
5294 1714 3023 1716 
5295 948 3026 2076 
5296 1257 2893 1715 
5297 451 3009 452 
5298 429 2856 2194 
5299 2193 2849 394 
5300 395 2859 2195 
5301 2799 2825 1902 
5302 2475 2800 1813 
5303 2704 2830 2065 
5304 1761 3090 1941 
5305 674 2842 670 
5306 2084 3022 2956 
5307 434 2518 2328 
5308 2408 2809 1859 
5309 577 2892 2639 
5310 2828 2841 1747 
5311 360 2952 2858 
5312 1039 2831 1036 
5313 1578 2829 2824 
5314 1673 2765 2574 
5315 2662 2895 423 
5316 2395 2657 1759 
5317 1756 2946 2919 
5318 392 2876 2709 
5319 1290 2829 1578 
5320 1074 2839 1072 
5321 2493 2818 507 
5322 795 2891 820 
5323 2817 2839 1074 
5324 2500 3024 2611 
5325 1647 2834 1722 
5326 1694 2970 1754 
5327 2948 2964 1724 
5328 1734 3104 2243 
5329 2168 2929 2165 
5330 1741 2927 1740 
5331 1675 2835 1676 
5332 1756 2919 1783 
5333 354 3005 2769 
5334 2554 3025 1642 
5335 2616 3082 1838 
5336 2242 3109 1520 
5337 1037 2916 1038 
5338 2503 3095 2359 
5339 2081 2921 1287 
5340 2823 3008 359 
5341 139 2703 138 
5342 129 2692 128 
5343 229 2693 228 
5344 183 2697 182 
5345 169 2694 168 
5346 63 2708 62 
5347 3 2709 2 
5348 142 2704 141 
5349 110 2695 109 
5350 188 2698 187 
5351 38 2728 37 
5352 216 2714 215 
5353 98 2711 97 
5354 171 2699 170 
5355 186 2725 185 
5356 6 2718 5 
5357 66 2722 65 
5358 96 2717 95 
5359 68 2712 67 
5360 231 2700 230 
5361 214 2713 213 
5362 158 2726 157 
5363 19 2706 18 
5364 94 2705 93 
5365 5 2719 4 
5366 20 2707 19 
5367 65 2723 64 
5368 49 2727 48 
5369 203 2721 202 
5370 81 2724 80 
5371 113 2720 112 
5372 37 2710 36 
5373 218 2715 217 
5374 232 2702 231 
5375 33 2730 32 
5376 172 2701 171 
5377 108 2729 107 
5378 80 2716 79 
5379 111 2696 110 
5380 2754 2998 1916 
5381 83 2691 82 
5382 2038 2945 1753 
5383 1882 2958 2555 
5384 35 2749 34 
5385 2620 2694 373 
5386 1024 3079 2640 
5387 1427 2844 1327 
5388 397 2851 2330 
5389 2099 2942 1761 
5390 569 2947 560 
5391 1519 3042 1903 
5392 2679 2763 2254 
5393 2826 2890 572 
5394 1827 2952 1826 
5395 2435 2934 2791 
5396 805 2827 2557 
5397 570 2986 564 
5398 2632 2703 404 
5399 368 2870 2678 
5400 1596 2770 2597 
5401 1783 2901 2598 
5402 1898 2991 2893 
5403 2734 2818 2493 
5404 452 3009 361 
5405 1726 3091 2234 
5406 2866 2875 2221 
5407 572 2890 566 
5408 2255 2922 1679 
5409 2134 3034 2788 
5410 1853 2889 1852 
5411 1793 3112 2190 
5412 2173 3072 3015 
5413 1754 2946 1756 
5414 2494 2828 743 
5415 2604 2782 1616 
5416 1661 2873 2377 
5417 777 2879 711 
5418 2674 2739 832 
5419 565 2951 577 
5420 2898 2971 1807 
5421 2279 2936 1718 
5422 2188 2983 2189 
5423 1684 2988 2752 
5424 2824 2829 1814 
5425 2787 2796 393 
5426 1251 2797 2689 
5427 2400 2949 1214 
5428 1765 3084 1968 
5429 1779 2920 1780 
5430 2825 2908 1725 
5431 1697 2907 1696 
5432 2816 2847 858 
5433 2368 3004 382 
5434 1274 2982 1445 
5435 689 3013 673 
5436 1097 2977 2259 
5437 1742 2987 2188 
5438 2842 2944 670 
5439 1719 2878 2511 
5440 1656 2914 1848 
5441 1520 3109 3019 
5442 2557 2827 1853 
5443 185 2774 184 
5444 1921 3029 1637 
5445 2173 3015 2179 
5446 1627 2892 1762 
5447 974 2904 2371 
5448 444 3099 443 
5449 450 3101 362 
5450 361 3100 452 
5451 174 2853 2282 
5452 1677 2941 1883 
5453 2080 3096 1946 
5454 614 2913 613 
5455 235 2997 234 
5456 2188 2987 2983 
5457 1935 3113 1934 
5458 2673 2727 368 
5459 2857 2911 357 
5460 1006 2875 2866 
5461 704 3014 744 
5462 1759 3111 2607 
5463 1304 2902 1615 
5464 2132 3045 2133 
5465 1636 3088 1987 
5466 652 2955 650 
5467 1041 2900 1083 
5468 2101 3020 2918 
5469 690 3001 691 
5470 2383 2898 749 
5471 2406 3005 1335 
5472 1972 3022 2084 
5473 1006 2866 2463 
5474 1784 3021 2309 
5475 2076 3026 2790 
5476 1750 3042 1981 
5477 2932 2972 2109 
5478 1520 3019 2401 
5479 343 2592 2396 
5480 2089 3079 2999 
5481 542 3027 546 
5482 743 2848 2667 
5483 386 2883 1771 
5484 1951 2884 352 
5485 414 2885 1774 
5486 1770 2886 413 
5487 1781 2888 1338 
5488 1773 2887 1328 
5489 769 3092 3072 
5490 2790 3026 1878 
5491 8 2785 7 
5492 769 3072 2173 
5493 2957 3015 2478 
5494 610 2930 608 
5495 457 2968 1804 
5496 1803 2967 455 
5497 389 2965 2015 
5498 388 2966 1787 
5499 2490 2875 1006 
5500 1580 2915 1730 
5501 655 2957 2835 
5502 670 2944 668 
5503 1838 3082 1839 
5504 1707 2906 2601 
5505 366 2960 465 
5506 1903 2962 1337 
5507 370 2959 1772 
5508 1319 2961 385 
5509 2993 3032 1964 
5510 1406 2925 2889 
5511 2481 2928 358 
5512 379 2896 1790 
5513 380 2895 1788 
5514 387 2897 1789 
5515 2301 3078 3032 
5516 2321 3110 1749 
5517 415 2864 2862 
5518 2234 3091 1574 
5519 1792 2923 1793 
5520 400 2969 2579 
5521 2454 2909 1043 
5522 2710 2728 1935 
5523 419 2781 222 
5524 1749 2933 1538 
5525 166 2616 306 
5526 136 2617 294 
5527 960 2935 843 
5528 2693 3090 2942 
5529 2889 2925 1852 
5530 1860 2948 1724 
5531 127 2796 126 
5532 2955 3094 650 
5533 2880 2923 1792 
5534 2327 2980 1458 
5535 1954 2974 2641 
5536 1771 2940 456 
5537 1214 2949 2647 
5538 2399 2781 419 
5539 1639 2772 2681 
5540 2843 2964 1365 
5541 2672 2778 1485 
5542 2636 3014 1938 
5543 2350 2976 2349 
5544 1824 3031 2651 
5545 2359 3095 1642 
5546 23 2811 22 
5547 346 2833 2420 
5548 1892 3080 1893 
5549 1344 2953 2365 
5550 1847 3083 3030 
5551 766 3002 745 
5552 416 2990 2417 
5553 1064 3110 2321 
5554 2765 3036 1671 
5555 2454 2932 2909 
5556 1939 3073 1591 
5557 2562 3023 1714 
5558 2542 3074 1090 
5559 650 3094 648 
5560 2646 2808 1663 
5561 2555 2958 1833 
5562 489 2934 2435 
5563 1333 3043 2685 
5564 1679 2922 2573 
5565 2617 2814 2805 
5566 2546 3040 1757 
5567 2963 2992 1397 
5568 1067 2932 2454 
5569 2783 3075 2049 
5570 833 3084 2175 
5571 2644 2894 709 
5572 1916 2998 1914 
5573 2647 2949 1766 
5574 1458 3030 1382 
5575 1090 3074 2483 
5576 1224 2975 2486 
5577 1964 3032 1963 
5578 966 2971 2383 
5579 1224 3077 2975 
5580 2384 2963 1397 
5581 1763 3012 408 
5582 2934 2980 2327 
5583 1564 3028 1563 
5584 1680 2876 2799 
5585 2717 2946 339 
5586 381 3049 2732 
5587 2194 2856 351 
5588 2195 2859 463 
5589 461 2849 2193 
5590 1392 3083 1847 
5591 2002 3036 2765 
5592 2376 2991 1510 
5593 1786 3006 1559 
5594 403 2657 2395 
5595 138 2833 137 
5596 2909 2932 1947 
5597 2563 3093 2167 
5598 2383 2971 2898 
5599 1683 2988 1684 
5600 3018 3107 1026 
5601 1773 2994 2511 
5602 421 2823 2819 
5603 2711 2919 438 
5604 2535 2953 1344 
5605 2465 3018 1026 
5606 1717 2984 1801 
5607 753 3069 771 
5608 2659 3029 696 
5609 1811 3071 2390 
5610 395 2901 2711 
5611 2538 3067 1323 
5612 2539 3056 1330 
5613 1473 2974 2392 
5614 2525 3043 2044 
5615 1397 2992 1398 
5616 1335 3005 1334 
5617 1901 2994 1773 
5618 2980 3030 1458 
5619 2655 3039 401 
5620 1900 2937 2608 
5621 234 2837 233 
5622 1067 2972 2932 
5623 1638 3000 1799 
5624 1658 3095 2503 
5625 141 2840 140 
5626 563 3037 561 
5627 1754 2970 2946 
5628 2585 2993 2674 
5629 350 3048 1931 
5630 463 3059 464 
5631 399 3064 1341 
5632 1327 3065 1427 
5633 1323 3050 1324 
5634 455 3060 456 
5635 351 3063 1344 
5636 367 3058 1333 
5637 1330 3053 1331 
5638 453 3052 454 
5639 2655 2836 1692 
5640 2693 2942 432 
5641 2716 2815 407 
5642 462 2924 2544 
5643 1324 3050 409 
5644 1341 3064 1340 
5645 464 3059 366 
5646 456 3060 386 
5647 1333 3058 1332 
5648 454 3052 370 
5649 1427 3065 371 
5650 1931 3048 1576 
5651 1344 3063 1343 
5652 1331 3053 414 
5653 996 3078 2301 
5654 2167 3093 2400 
5655 2511 2994 1720 
5656 2488 2972 1067 
5657 396 3035 1335 
5658 1797 3041 1770 
5659 2645 2973 804 
5660 1861 3033 1860 
5661 422 3066 2844 
5662 51 2870 50 
5663 623 2995 2494 
5664 1576 3086 1931 
5665 1929 3087 1575 
5666 2276 2871 417 
5667 1860 3033 2986 
5668 343 2882 2652 
5669 2877 2952 360 
5670 124 2882 123 
5671 1814 2829 2804 
5672 2389 3077 1224 
5673 1777 3024 2500 
5674 702 2999 2473 
5675 2769 3005 2406 
5676 2220 2930 2903 
5677 2682 2924 462 
5678 384 3045 2696 
5679 1578 2824 2777 
5680 2026 3081 2943 
5681 2615 2931 426 
5682 2792 2963 2384 
5683 1642 3095 1658 
5684 1693 3089 3039 
5685 1948 3096 2978 
5686 382 3067 2538 
5687 378 3056 2539 
5688 1878 3026 2449 
5689 403 2906 2657 
5690 1731 3097 2940 
5691 2720 3047 384 
5692 376 2954 2552 
5693 2819 2823 2115 
5694 436 2749 2578 
5695 144 2917 143 
5696 459 3057 2874 
5697 2607 3111 1710 
5698 423 2663 2662 
5699 2421 3091 1726 
5700 1426 3071 2575 
5701 2810 3036 689 
5702 2473 3079 1024 
5703 2865 3085 353 
5704 337 3016 2566 
5705 2587 2785 344 
5706 2595 3103 418 
5707 2800 2948 570 
5708 2562 2861 453 
5709 2626 2712 341 
5710 2674 2993 1964 
5711 2732 3049 420 
5712 2759 2880 1792 
5713 454 3023 2562 
5714 2026 2943 2626 
5715 2494 2995 2841 
5716 2827 2868 2287 
5717 2646 2860 2808 
5718 2999 3079 2473 
5719 2276 3062 356 
5720 1841 3025 2554 
5721 2685 3043 2525 
5722 2725 2899 1928 
5723 199 2950 198 
5724 202 2954 201 
5725 1026 3107 2553 
5726 434 2779 2715 
5727 805 2868 2827 
5728 2640 3079 2089 
5729 949 2918 2795 
5730 2394 3012 1763 
5731 1852 2925 2731 
5732 2038 3035 2945 
5733 2320 2993 2585 
5734 2869 2888 1781 
5735 2695 2788 431 
5736 2718 3106 1812 
5737 2768 2912 706 
5738 2799 2876 1736 
5739 2592 2984 1717 
5740 2397 3003 2927 
5741 2819 2896 421 
5742 1767 3093 2563 
5743 1948 2978 2900 
5744 2927 3003 1740 
5745 403 2979 2906 
5746 154 2979 153 
5747 2911 3098 357 
5748 417 3046 2276 
5749 22 2981 21 
5750 2845 3054 422 
5751 424 2877 284 
5752 2836 2869 1692 
5753 423 2895 14 
5754 421 2896 74 
5755 459 2897 179 
5756 415 2865 2864 
5757 2795 2918 2461 
5758 168 2990 167 
5759 200 2989 199 
5760 2769 2885 354 
5761 2663 3098 2911 
5762 342 2905 2698 
5763 425 2883 293 
5764 354 2885 256 
5765 331 2888 349 
5766 327 2884 419 
5767 272 2886 356 
5768 319 2887 345 
5769 2584 3102 460 
5770 2651 3031 1100 
5771 460 3055 2584 
5772 2841 2995 1910 
5773 2584 3055 364 
5774 404 2703 139 
5775 109 2695 431 
5776 403 2395 152 
5777 128 2692 393 
5778 390 2697 183 
5779 377 2704 142 
5780 215 2714 435 
5781 392 2709 3 
5782 369 2693 229 
5783 438 2717 96 
5784 342 2698 188 
5785 217 2715 340 
5786 391 2708 63 
5787 373 2694 169 
5788 228 2693 432 
5789 343 2396 122 
5790 341 2712 68 
5791 440 2720 113 
5792 368 2727 49 
5793 375 2707 20 
5794 18 2706 430 
5795 97 2711 438 
5796 395 2711 98 
5797 437 2722 66 
5798 439 2718 6 
5799 64 2723 391 
5800 4 2719 392 
5801 433 2725 186 
5802 170 2699 373 
5803 384 2696 111 
5804 428 2728 38 
5805 187 2698 433 
5806 230 2700 369 
5807 435 2713 214 
5808 213 2713 394 
5809 67 2712 437 
5810 340 2714 216 
5811 436 2730 33 
5812 405 2726 158 
5813 95 2717 339 
5814 339 2705 94 
5815 112 2720 384 
5816 48 2727 441 
5817 36 2710 338 
5818 401 2702 232 
5819 427 2721 203 
5820 431 2729 108 
5821 402 2701 172 
5822 372 2724 81 
5823 434 2715 218 
5824 79 2716 407 
5825 82 2691 372 
5826 1774 2885 2769 
5827 34 2749 436 
5828 338 2749 35 
5829 2671 2870 51 
5830 157 3016 156 
5831 2179 3015 2957 
5832 2729 3034 1682 
5833 2874 3040 2546 
5834 2670 2691 83 
5835 401 2837 2655 
5836 2906 2979 2601 
5837 184 2774 390 
5838 377 2830 2704 
5839 2652 2882 442 
5840 2911 2938 1868 
5841 80 2724 2716 
5842 37 2728 2710 
5843 171 2701 2699 
5844 231 2702 2700 
5845 2718 2719 5 
5846 2722 2723 65 
5847 19 2707 2706 
5848 110 2696 2695 
5849 344 2785 8 
5850 7 2785 439 
5851 1790 2896 2819 
5852 54 3044 53 
5853 2728 3113 1935 
5854 1575 3087 2960 
5855 2961 3086 1576 
5856 2064 2917 2862 
5857 393 2796 127 
5858 406 3044 2646 
5859 429 2811 23 
5860 2942 3090 1761 
5861 2634 2854 378 
5862 1693 3039 2655 
5863 1703 2985 2802 
5864 2725 2774 185 
5865 372 2939 2724 
5866 2475 2964 2800 
5867 2675 3017 1751 
5868 93 3076 92 
5869 2752 3070 1684 
5870 1930 3070 2752 
5871 2657 3111 1759 
5872 233 2837 401 
5873 2708 3075 1685 
5874 140 2840 404 
5875 2850 2878 427 
5876 50 2870 368 
5877 2011 3028 2803 
5878 123 2882 343 
5879 442 2882 124 
5880 2967 3100 361 
5881 362 3101 2968 
5882 443 3099 2965 
5883 430 2938 2857 
5884 317 2928 420 
5885 1724 2964 2843 
5886 2703 2833 138 
5887 418 3076 2666 
5888 460 3102 2966 
5889 2655 2837 2836 
5890 2835 2957 1676 
5891 143 2917 377 
5892 2704 2840 141 
5893 2948 2986 570 
5894 1841 3092 3025 
5895 189 2394 342 
5896 69 2397 341 
5897 9 2398 344 
5898 219 2518 434 
5899 421 3068 2823 
5900 198 2950 426 
5901 201 2954 376 
5902 2065 2840 2704 
5903 2646 3044 2860 
5904 433 2899 2725 
5905 417 2670 84 
5906 346 2814 2617 
5907 153 2979 403 
5908 21 2981 375 
5909 376 2989 200 
5910 2832 2978 1735 
5911 2483 3074 2983 
5912 156 3016 337 
5913 182 2697 447 
5914 451 2692 129 
5915 62 2708 449 
5916 2 2709 445 
5917 107 2729 347 
5918 32 2730 400 
5919 394 2849 212 
5920 159 2861 405 
5921 204 2850 427 
5922 99 2859 395 
5923 441 2855 47 
5924 24 2856 429 
5925 39 2854 428 
5926 426 2852 197 
5927 430 2857 17 
5928 114 2858 440 
5929 432 2851 227 
5930 53 3044 406 
5931 238 2966 388 
5932 104 2965 389 
5933 59 2968 457 
5934 455 2967 132 
5935 2788 3034 431 
5936 2721 2954 202 
5937 1671 3036 2810 
5938 426 2931 2852 
5939 2397 2927 341 
5940 2694 2990 168 
5941 385 2961 261 
5942 278 2960 366 
5943 302 2959 370 
5944 1337 2962 308 
5945 415 3105 2865 
5946 2726 3016 157 
5947 1685 3075 2783 
5948 1928 2774 2725 
5949 2705 3076 93 
5950 2893 2991 1715 
5951 428 3113 2728 
5952 1340 3061 2685 
5953 2685 3061 367 
5954 137 2833 346 
5955 2811 2981 22 
5956 2552 2954 2721 
5957 2730 2969 400 
5958 2666 3076 2705 
5959 1860 2986 2948 
5960 2789 2877 424 
5961 2417 2990 2694 
5962 2787 3108 1926 
5963 339 2970 2705 
5964 448 3040 2874 
5965 2714 3022 435 
5966 117 3004 424 
5967 416 2616 166 
5968 346 2617 136 
5969 2808 2860 350 
5970 234 2997 2837 
5971 167 2990 416 
5972 2837 2997 2836 
5973 431 3034 2729 
5974 2862 2917 144 
5975 199 2989 2950 
5976 325 3007 220 
5977 252 1332 30 
5978 44 354 256 
5979 336 364 240 
5980 89 1336 274 
5981 278 366 101 
5982 286 382 118 
5983 104 389 280 
5984 164 1342 304 
5985 259 350 55 
5986 283 360 115 
5987 307 348 175 
5988 192 1325 314 
5989 331 349 235 
5990 59 457 262 
5991 269 421 74 
5992 226 397 330 
5993 207 1328 320 
5994 221 383 325 
5995 238 388 333 
5996 178 387 309 
5997 225 1345 329 
5998 300 371 150 
5999 165 355 305 
6000 76 359 270 
6001 196 358 318 
6002 117 424 284 
6003 45 1334 257 
6004 317 420 194 
6005 13 380 243 
6006 12 1347 242 
6007 72 1349 266 
6008 277 463 100 
6009 209 1339 322 
6010 211 461 324 
6011 16 357 246 
6012 147 353 296 
6013 291 455 132 
6014 248 1343 26 
6015 247 351 25 
6016 270 3008 75 
6017 319 345 205 
6018 208 398 321 
6019 11 410 241 
6020 163 412 303 
6021 264 362 60 
6022 73 379 267 
6023 191 408 313 
6024 254 1330 41 
6025 131 361 289 
6026 193 381 315 
6027 71 411 265 
6028 224 352 328 
6029 245 423 14 
6030 288 409 120 
6031 135 425 293 
6032 312 363 180 
6033 255 414 42 
6034 46 396 258 
6035 103 1575 279 
6036 250 1340 28 
6037 210 365 323 
6038 58 385 261 
6039 253 378 40 
6040 88 413 273 
6041 177 1337 308 
6042 292 386 133 
6043 299 1327 149 
6044 260 1576 56 
6045 90 374 275 
6046 298 422 148 
6047 249 399 27 
6048 251 367 29 
6049 287 1323 119 
6050 311 459 179 
6051 335 460 239 
6052 295 415 145 
6053 327 419 222 
6054 272 356 86 
6055 301 453 160 
6056 302 370 161 
6057 237 1338 332 
6058 282 443 105 
6059 289 3009 130 
6060 313 3012 190 
6061 241 3010 10 
6062 265 3011 70 
6063 2923 3112 1793 
6064 92 3076 418 
6065 418 3103 91 
6066 439 3106 2718 
6067 271 3046 85 
6068 161 3052 301 
6069 240 3055 335 
6070 42 3053 254 
6071 194 3049 316 
6072 30 3058 251 
6073 119 3067 286 
6074 150 3065 299 
6075 41 3056 253 
6076 56 3048 259 
6077 120 3050 287 
6078 26 3063 247 
6079 149 3066 298 
6080 180 3057 311 
6081 29 3061 250 
6082 75 3068 269 
6083 148 3054 297 
6084 27 3051 248 
6085 133 3060 291 
6086 86 3062 271 
6087 101 3059 277 
6088 28 3064 249 
6089 2844 3066 1327 
6090 1749 3110 2933 
6091 2983 3074 2189 
6092 2566 3016 2726 
6093 2860 3044 54 
6094 391 3075 2708 
6095 2874 3057 363 
6096 220 3007 2518 
6097 190 3012 2394 
6098 10 3010 2398 
6099 70 3011 2397 
6100 130 3009 451 
6101 296 3085 146 
6102 85 3046 417 
6103 2978 3096 1735 
6104 2836 2997 349 
6105 369 3090 2693 
6106 146 3105 295 
6107 2960 3087 465 
6108 1319 3086 2961 
6109 246 3098 15 
6110 1803 3100 2967 
6111 2968 3101 1804 
6112 2965 3099 2015 
6113 2966 3102 1787 
6114 91 3103 276 
6115 2003 2981 2811 
6116 226 2851 397 
6117 378 2854 40 
6118 211 2849 461 
6119 360 2858 115 
6120 196 2852 358 
6121 16 2857 357 
6122 348 2853 175 
6123 350 2860 55 
6124 463 2859 100 
6125 351 2856 25 
6126 415 2862 145 
6127 453 2861 160 
6128 345 2850 205 
6129 46 2855 396 
6130 2398 3010 2926 
6131 2855 3035 396 
6132 2926 3010 410 
6133 416 3082 2616 
6134 2950 2989 2388 
6135 349 2997 235 
6136 2397 3011 3003 
6137 3003 3011 411 
6138 383 3007 325 
6139 359 3008 270 
6140 361 3009 289 
6141 408 3012 313 
6142 410 3010 241 
6143 411 3011 265 
6144 357 3098 246 
6145 335 3055 460 
6146 247 3063 351 
6147 299 3065 1327 
6148 259 3048 350 
6149 301 3052 453 
6150 298 3066 422 
6151 287 3050 1323 
6152 311 3057 459 
6153 277 3059 463 
6154 254 3053 1330 
6155 286 3067 382 
6156 253 3056 378 
6157 251 3058 367 
6158 248 3051 1343 
6159 250 3061 1340 
6160 291 3060 455 
6161 269 3068 421 
6162 249 3064 399 
6163 353 3085 296 
6164 271 3062 3046 
6165 295 3105 415 
6166 370 3052 161 
6167 364 3055 240 
6168 420 3049 194 
6169 1332 3058 30 
6170 414 3053 42 
6171 367 3061 29 
6172 422 3054 148 
6173 1330 3056 41 
6174 409 3050 120 
6175 1323 3067 119 
6176 3008 3068 75 
6177 399 3051 27 
6178 363 3057 180 
6179 1576 3048 56 
6180 386 3060 133 
6181 371 3065 150 
6182 1327 3066 149 
6183 1343 3063 26 
6184 1340 3064 28 
6185 366 3059 101 
6186 356 3062 86 
6187 3085 3105 146 
6188 2823 3068 3008 
6189 3046 3062 2276 
6190 2865 3105 3085 
6191 77 359 76 
6192 1 364 336 
6193 242 410 11 
6194 243 1347 12 
6195 31 1332 252 
6196 257 354 44 
6197 258 1334 45 
6198 262 385 58 
6199 61 362 264 
6200 266 411 71 
6201 267 1349 72 
6202 274 413 88 
6203 275 1336 89 
6204 280 1575 103 
6205 106 443 282 
6206 121 409 288 
6207 294 425 135 
6208 297 353 147 
6209 151 371 300 
6210 304 412 163 
6211 305 1342 164 
6212 306 355 165 
6213 309 1337 177 
6214 181 363 312 
6215 314 408 191 
6216 315 1325 192 
6217 316 381 193 
6218 321 1328 207 
6219 322 398 208 
6220 323 1339 209 
6221 324 365 210 
6222 329 352 224 
6223 330 1345 225 
6224 333 1338 237 
$EndElements
