$MeshFormat
4.1 0 8
$EndMeshFormat
$PhysicalNames
18
1 1 "Electrode1"
1 2 "Electrode2"
1 3 "Electrode3"
1 4 "Electrode4"
1 5 "Electrode5"
1 6 "Electrode6"
1 7 "Electrode7"
1 8 "Electrode8"
1 9 "Electrode9"
1 10 "Electrode10"
1 11 "Electrode11"
1 12 "Electrode12"
1 13 "Electrode13"
1 14 "Electrode14"
1 15 "Electrode15"
1 16 "Electrode16"
1 17 "No-Electrode"
2 1 "domain"
$EndPhysicalNames
$Entities
192 192 1 0
1 0.9945218953682733 -0.1045284632676535 0 0 
2 0.9972037971811801 -0.07473009358642424 0 0 
3 0.9989930665413147 -0.04486483035051493 0 0 
4 0.9998881018102734 -0.01495940701526363 0 0 
5 0.9998881018102734 0.01495940701526361 0 0 
6 0.9989930665413147 0.04486483035051492 0 0 
7 0.9972037971811801 0.07473009358642423 0 0 
8 0.9945218953682733 0.1045284632676535 0 0 
9 0.9900236577165575 0.1409012319375827 0 0 
10 0.9841956079692419 0.1770847403195833 0 0 
11 0.9770455744352636 0.2130303862749766 0 0 
12 0.9685831611286311 0.2486898871648548 0 0 
13 0.9588197348681931 0.2840153447039226 0 0 
14 0.949894146672846 0.3125717679456445 0 0 
15 0.940118274569219 0.3408483971225249 0 0 
16 0.9295008692868207 0.3688199208218619 0 0 
17 0.9180514348413259 0.3964613007416775 0 0 
18 0.905780220027194 0.4237477941033887 0 0 
19 0.8926982092436115 0.4506549757999452 0 0 
20 0.8788171126619654 0.4771587602596084 0 0 
21 0.8607420270039436 0.5090414157503713 0 0 
22 0.8415107819453062 0.540240320477655 0 0 
23 0.821149209133704 0.5707135676844316 0 0 
24 0.7996846584870906 0.600420225325884 0 0 
25 0.7771459614569708 0.6293203910498375 0 0 
26 0.7579717231454529 0.6522874112781212 0 0 
27 0.7381189974873407 0.6746705459320743 0 0 
28 0.7176055553608119 0.6964497590747668 0 0 
29 0.6964497590747669 0.7176055553608117 0 0 
30 0.6746705459320743 0.7381189974873406 0 0 
31 0.6522874112781212 0.7579717231454529 0 0 
32 0.6293203910498375 0.7771459614569708 0 0 
33 0.6004202253258841 0.7996846584870905 0 0 
34 0.5707135676844318 0.8211492091337039 0 0 
35 0.5402403204776551 0.8415107819453062 0 0 
36 0.5090414157503712 0.8607420270039436 0 0 
37 0.4771587602596084 0.8788171126619654 0 0 
38 0.4506549757999451 0.8926982092436115 0 0 
39 0.4237477941033888 0.905780220027194 0 0 
40 0.3964613007416776 0.9180514348413258 0 0 
41 0.368819920821862 0.9295008692868207 0 0 
42 0.340848397122525 0.940118274569219 0 0 
43 0.3125717679456447 0.9498941466728459 0 0 
44 0.2840153447039228 0.9588197348681931 0 0 
45 0.248689887164855 0.9685831611286311 0 0 
46 0.2130303862749766 0.9770455744352636 0 0 
47 0.1770847403195834 0.9841956079692419 0 0 
48 0.1409012319375826 0.9900236577165575 0 0 
49 0.1045284632676535 0.9945218953682733 0 0 
50 0.07473009358642417 0.9972037971811801 0 0 
51 0.04486483035051499 0.9989930665413146 0 0 
52 0.01495940701526361 0.9998881018102734 0 0 
53 -0.01495940701526348 0.9998881018102734 0 0 
54 -0.04486483035051464 0.9989930665413147 0 0 
55 -0.07473009358642427 0.9972037971811801 0 0 
56 -0.1045284632676533 0.9945218953682734 0 0 
57 -0.1409012319375827 0.9900236577165575 0 0 
58 -0.1770847403195833 0.9841956079692419 0 0 
59 -0.2130303862749765 0.9770455744352636 0 0 
60 -0.2486898871648546 0.9685831611286312 0 0 
61 -0.2840153447039226 0.9588197348681931 0 0 
62 -0.3125717679456443 0.949894146672846 0 0 
63 -0.340848397122525 0.940118274569219 0 0 
64 -0.3688199208218619 0.9295008692868207 0 0 
65 -0.3964613007416775 0.9180514348413259 0 0 
66 -0.4237477941033886 0.905780220027194 0 0 
67 -0.4506549757999454 0.8926982092436114 0 0 
68 -0.4771587602596085 0.8788171126619654 0 0 
69 -0.5090414157503713 0.8607420270039436 0 0 
70 -0.540240320477655 0.8415107819453062 0 0 
71 -0.5707135676844316 0.8211492091337041 0 0 
72 -0.6004202253258839 0.7996846584870906 0 0 
73 -0.6293203910498373 0.777145961456971 0 0 
74 -0.6522874112781208 0.7579717231454532 0 0 
75 -0.6746705459320743 0.7381189974873407 0 0 
76 -0.6964497590747667 0.7176055553608121 0 0 
77 -0.7176055553608119 0.6964497590747668 0 0 
78 -0.7381189974873406 0.6746705459320744 0 0 
79 -0.7579717231454531 0.652287411278121 0 0 
80 -0.7771459614569709 0.6293203910498374 0 0 
81 -0.7996846584870906 0.600420225325884 0 0 
82 -0.821149209133704 0.5707135676844317 0 0 
83 -0.841510781945306 0.5402403204776551 0 0 
84 -0.8607420270039435 0.5090414157503714 0 0 
85 -0.8788171126619653 0.4771587602596086 0 0 
86 -0.8926982092436113 0.4506549757999456 0 0 
87 -0.905780220027194 0.4237477941033888 0 0 
88 -0.9180514348413257 0.3964613007416778 0 0 
89 -0.9295008692868207 0.3688199208218619 0 0 
90 -0.940118274569219 0.340848397122525 0 0 
91 -0.949894146672846 0.3125717679456443 0 0 
92 -0.9588197348681931 0.2840153447039226 0 0 
93 -0.9685831611286311 0.2486898871648548 0 0 
94 -0.9770455744352636 0.2130303862749767 0 0 
95 -0.9841956079692419 0.1770847403195834 0 0 
96 -0.9900236577165575 0.1409012319375829 0 0 
97 -0.9945218953682733 0.1045284632676537 0 0 
98 -0.9972037971811801 0.07473009358642467 0 0 
99 -0.9989930665413146 0.04486483035051505 0 0 
100 -0.9998881018102734 0.01495940701526389 0 0 
101 -0.9998881018102734 -0.01495940701526364 0 0 
102 -0.9989930665413146 -0.04486483035051524 0 0 
103 -0.9972037971811801 -0.07473009358642442 0 0 
104 -0.9945218953682733 -0.1045284632676535 0 0 
105 -0.9900236577165575 -0.1409012319375831 0 0 
106 -0.984195607969242 -0.1770847403195832 0 0 
107 -0.9770455744352636 -0.2130303862749764 0 0 
108 -0.9685831611286313 -0.2486898871648542 0 0 
109 -0.9588197348681932 -0.2840153447039224 0 0 
110 -0.9498941466728461 -0.3125717679456441 0 0 
111 -0.9401182745692191 -0.3408483971225247 0 0 
112 -0.9295008692868209 -0.3688199208218617 0 0 
113 -0.9180514348413258 -0.3964613007416776 0 0 
114 -0.9057802200271942 -0.4237477941033886 0 0 
115 -0.8926982092436114 -0.4506549757999453 0 0 
116 -0.8788171126619654 -0.4771587602596084 0 0 
117 -0.8607420270039434 -0.5090414157503717 0 0 
118 -0.8415107819453062 -0.5402403204776549 0 0 
119 -0.8211492091337041 -0.5707135676844315 0 0 
120 -0.7996846584870909 -0.6004202253258835 0 0 
121 -0.7771459614569711 -0.6293203910498373 0 0 
122 -0.7579717231454532 -0.6522874112781208 0 0 
123 -0.7381189974873408 -0.6746705459320742 0 0 
124 -0.7176055553608121 -0.6964497590747666 0 0 
125 -0.6964497590747668 -0.7176055553608118 0 0 
126 -0.6746705459320744 -0.7381189974873406 0 0 
127 -0.6522874112781211 -0.757971723145453 0 0 
128 -0.6293203910498371 -0.7771459614569711 0 0 
129 -0.6004202253258841 -0.7996846584870905 0 0 
130 -0.5707135676844322 -0.8211492091337037 0 0 
131 -0.5402403204776551 -0.841510781945306 0 0 
132 -0.5090414157503719 -0.8607420270039433 0 0 
133 -0.4771587602596087 -0.8788171126619653 0 0 
134 -0.450654975799946 -0.8926982092436111 0 0 
135 -0.4237477941033885 -0.9057802200271942 0 0 
136 -0.3964613007416778 -0.9180514348413257 0 0 
137 -0.368819920821862 -0.9295008692868207 0 0 
138 -0.3408483971225255 -0.9401182745692188 0 0 
139 -0.312571767945644 -0.9498941466728461 0 0 
140 -0.2840153447039226 -0.9588197348681931 0 0 
141 -0.2486898871648544 -0.9685831611286312 0 0 
142 -0.2130303862749767 -0.9770455744352636 0 0 
143 -0.1770847403195831 -0.984195607969242 0 0 
144 -0.1409012319375829 -0.9900236577165575 0 0 
145 -0.1045284632676542 -0.9945218953682733 0 0 
146 -0.07473009358642473 -0.9972037971811801 0 0 
147 -0.0448648303505151 -0.9989930665413146 0 0 
148 -0.0149594070152635 -0.9998881018102734 0 0 
149 0.01495940701526314 -0.9998881018102734 0 0 
150 0.04486483035051474 -0.9989930665413147 0 0 
151 0.07473009358642436 -0.9972037971811801 0 0 
152 0.1045284632676539 -0.9945218953682733 0 0 
153 0.1409012319375826 -0.9900236577165575 0 0 
154 0.1770847403195827 -0.984195607969242 0 0 
155 0.2130303862749764 -0.9770455744352636 0 0 
156 0.2486898871648541 -0.9685831611286313 0 0 
157 0.2840153447039223 -0.9588197348681932 0 0 
158 0.3125717679456436 -0.9498941466728462 0 0 
159 0.3408483971225251 -0.9401182745692189 0 0 
160 0.3688199208218616 -0.9295008692868209 0 0 
161 0.3964613007416775 -0.9180514348413258 0 0 
162 0.4237477941033881 -0.9057802200271944 0 0 
163 0.4506549757999457 -0.8926982092436113 0 0 
164 0.4771587602596083 -0.8788171126619654 0 0 
165 0.5090414157503715 -0.8607420270039434 0 0 
166 0.5402403204776549 -0.8415107819453063 0 0 
167 0.5707135676844318 -0.8211492091337039 0 0 
168 0.6004202253258838 -0.7996846584870907 0 0 
169 0.6293203910498368 -0.7771459614569713 0 0 
170 0.6522874112781207 -0.7579717231454534 0 0 
171 0.6746705459320742 -0.7381189974873408 0 0 
172 0.6964497590747669 -0.7176055553608118 0 0 
173 0.7176055553608115 -0.6964497590747672 0 0 
174 0.7381189974873404 -0.6746705459320745 0 0 
175 0.757971723145453 -0.6522874112781211 0 0 
176 0.7771459614569711 -0.6293203910498372 0 0 
177 0.7996846584870905 -0.6004202253258841 0 0 
178 0.8211492091337037 -0.5707135676844323 0 0 
179 0.841510781945306 -0.5402403204776552 0 0 
180 0.8607420270039432 -0.509041415750372 0 0 
181 0.8788171126619652 -0.4771587602596087 0 0 
182 0.8926982092436111 -0.4506549757999461 0 0 
183 0.9057802200271942 -0.4237477941033885 0 0 
184 0.9180514348413257 -0.3964613007416779 0 0 
185 0.9295008692868207 -0.368819920821862 0 0 
186 0.9401182745692188 -0.3408483971225255 0 0 
187 0.9498941466728461 -0.312571767945644 0 0 
188 0.9588197348681931 -0.2840153447039227 0 0 
189 0.9685831611286312 -0.2486898871648545 0 0 
190 0.9770455744352636 -0.2130303862749768 0 0 
191 0.984195607969242 -0.1770847403195831 0 0 
192 0.9900236577165575 -0.140901231937583 0 0 
1 0.9945217953682733 -0.1045285632676535 -1e-07 0.9972038971811801 -0.07472999358642424 1e-07 1 1 2 1 -2 
2 0.9972036971811802 -0.07473019358642424 -1e-07 0.9989931665413146 -0.04486473035051493 1e-07 1 1 2 2 -3 
3 0.9989929665413148 -0.04486493035051493 -1e-07 0.9998882018102734 -0.01495930701526363 1e-07 1 1 2 3 -4 
4 0.9998880018102735 -0.01495950701526363 -1e-07 0.9998882018102734 0.01495950701526361 1e-07 1 1 2 4 -5 
5 0.9989929665413148 0.01495930701526361 -1e-07 0.9998882018102734 0.04486493035051492 1e-07 1 1 2 5 -6 
6 0.9972036971811802 0.04486473035051491 -1e-07 0.9989931665413146 0.07473019358642423 1e-07 1 1 2 6 -7 
7 0.9945217953682733 0.07472999358642422 -1e-07 0.9972038971811801 0.1045285632676535 1e-07 1 1 2 7 -8 
8 0.9900235577165576 0.1045283632676535 -1e-07 0.9945219953682732 0.1409013319375827 1e-07 1 0 2 8 -9 
9 0.9841955079692419 0.1409011319375827 -1e-07 0.9900237577165575 0.1770848403195833 1e-07 1 0 2 9 -10 
10 0.9770454744352637 0.1770846403195833 -1e-07 0.9841957079692418 0.2130304862749766 1e-07 1 0 2 10 -11 
11 0.9685830611286311 0.2130302862749766 -1e-07 0.9770456744352636 0.2486899871648548 1e-07 1 0 2 11 -12 
12 0.9588196348681931 0.2486897871648548 -1e-07 0.968583261128631 0.2840154447039226 1e-07 1 0 2 12 -13 
13 0.949894046672846 0.2840152447039226 -1e-07 0.958819834868193 0.3125718679456445 1e-07 1 2 2 13 -14 
14 0.9401181745692191 0.3125716679456444 -1e-07 0.9498942466728459 0.3408484971225249 1e-07 1 2 2 14 -15 
15 0.9295007692868208 0.3408482971225249 -1e-07 0.940118374569219 0.3688200208218619 1e-07 1 2 2 15 -16 
16 0.918051334841326 0.3688198208218619 -1e-07 0.9295009692868207 0.3964614007416775 1e-07 1 2 2 16 -17 
17 0.9057801200271941 0.3964612007416775 -1e-07 0.9180515348413258 0.4237478941033887 1e-07 1 2 2 17 -18 
18 0.8926981092436116 0.4237476941033887 -1e-07 0.905780320027194 0.4506550757999452 1e-07 1 2 2 18 -19 
19 0.8788170126619654 0.4506548757999452 -1e-07 0.8926983092436115 0.4771588602596084 1e-07 1 2 2 19 -20 
20 0.8607419270039437 0.4771586602596084 -1e-07 0.8788172126619653 0.5090415157503713 1e-07 1 0 2 20 -21 
21 0.8415106819453062 0.5090413157503714 -1e-07 0.8607421270039436 0.540240420477655 1e-07 1 0 2 21 -22 
22 0.8211491091337041 0.5402402204776551 -1e-07 0.8415108819453061 0.5707136676844315 1e-07 1 0 2 22 -23 
23 0.7996845584870906 0.5707134676844317 -1e-07 0.821149309133704 0.600420325325884 1e-07 1 0 2 23 -24 
24 0.7771458614569708 0.6004201253258841 -1e-07 0.7996847584870905 0.6293204910498374 1e-07 1 0 2 24 -25 
25 0.757971623145453 0.6293202910498376 -1e-07 0.7771460614569707 0.6522875112781211 1e-07 1 3 2 25 -26 
26 0.7381188974873407 0.6522873112781212 -1e-07 0.7579718231454529 0.6746706459320743 1e-07 1 3 2 26 -27 
27 0.717605455360812 0.6746704459320744 -1e-07 0.7381190974873406 0.6964498590747668 1e-07 1 3 2 27 -28 
28 0.696449659074767 0.6964496590747669 -1e-07 0.7176056553608119 0.7176056553608117 1e-07 1 3 2 28 -29 
29 0.6746704459320744 0.7176054553608118 -1e-07 0.6964498590747669 0.7381190974873405 1e-07 1 3 2 29 -30 
30 0.6522873112781212 0.7381188974873406 -1e-07 0.6746706459320743 0.7579718231454529 1e-07 1 3 2 30 -31 
31 0.6293202910498376 0.757971623145453 -1e-07 0.6522875112781211 0.7771460614569707 1e-07 1 3 2 31 -32 
32 0.6004201253258842 0.7771458614569708 -1e-07 0.6293204910498374 0.7996847584870904 1e-07 1 0 2 32 -33 
33 0.5707134676844319 0.7996845584870905 -1e-07 0.6004203253258841 0.8211493091337039 1e-07 1 0 2 33 -34 
34 0.5402402204776552 0.821149109133704 -1e-07 0.5707136676844318 0.8415108819453061 1e-07 1 0 2 34 -35 
35 0.5090413157503713 0.8415106819453062 -1e-07 0.5402404204776551 0.8607421270039436 1e-07 1 0 2 35 -36 
36 0.4771586602596084 0.8607419270039437 -1e-07 0.5090415157503712 0.8788172126619653 1e-07 1 0 2 36 -37 
37 0.4506548757999451 0.8788170126619654 -1e-07 0.4771588602596084 0.8926983092436115 1e-07 1 4 2 37 -38 
38 0.4237476941033888 0.8926981092436116 -1e-07 0.4506550757999451 0.905780320027194 1e-07 1 4 2 38 -39 
39 0.3964612007416776 0.9057801200271941 -1e-07 0.4237478941033888 0.9180515348413257 1e-07 1 4 2 39 -40 
40 0.368819820821862 0.9180513348413258 -1e-07 0.3964614007416776 0.9295009692868207 1e-07 1 4 2 40 -41 
41 0.340848297122525 0.9295007692868208 -1e-07 0.368820020821862 0.940118374569219 1e-07 1 4 2 41 -42 
42 0.3125716679456447 0.9401181745692191 -1e-07 0.340848497122525 0.9498942466728458 1e-07 1 4 2 42 -43 
43 0.2840152447039228 0.9498940466728459 -1e-07 0.3125718679456447 0.958819834868193 1e-07 1 4 2 43 -44 
44 0.248689787164855 0.9588196348681931 -1e-07 0.2840154447039228 0.968583261128631 1e-07 1 0 2 44 -45 
45 0.2130302862749766 0.9685830611286311 -1e-07 0.248689987164855 0.9770456744352636 1e-07 1 0 2 45 -46 
46 0.1770846403195834 0.9770454744352637 -1e-07 0.2130304862749766 0.9841957079692418 1e-07 1 0 2 46 -47 
47 0.1409011319375826 0.9841955079692419 -1e-07 0.1770848403195834 0.9900237577165575 1e-07 1 0 2 47 -48 
48 0.1045283632676535 0.9900235577165576 -1e-07 0.1409013319375826 0.9945219953682732 1e-07 1 0 2 48 -49 
49 0.07472999358642417 0.9945217953682733 -1e-07 0.1045285632676535 0.9972038971811801 1e-07 1 5 2 49 -50 
50 0.04486473035051498 0.9972036971811802 -1e-07 0.07473019358642417 0.9989931665413145 1e-07 1 5 2 50 -51 
51 0.0149593070152636 0.9989929665413146 -1e-07 0.04486493035051499 0.9998882018102734 1e-07 1 5 2 51 -52 
52 -0.01495950701526348 0.9998880018102735 -1e-07 0.0149595070152636 0.9998882018102734 1e-07 1 5 2 52 -53 
53 -0.04486493035051464 0.9989929665413148 -1e-07 -0.01495930701526348 0.9998882018102734 1e-07 1 5 2 53 -54 
54 -0.07473019358642427 0.9972036971811802 -1e-07 -0.04486473035051464 0.9989931665413146 1e-07 1 5 2 54 -55 
55 -0.1045285632676533 0.9945217953682735 -1e-07 -0.07472999358642426 0.9972038971811801 1e-07 1 5 2 55 -56 
56 -0.1409013319375827 0.9900235577165576 -1e-07 -0.1045283632676533 0.9945219953682733 1e-07 1 0 2 56 -57 
57 -0.1770848403195833 0.9841955079692419 -1e-07 -0.1409011319375827 0.9900237577165575 1e-07 1 0 2 57 -58 
58 -0.2130304862749765 0.9770454744352637 -1e-07 -0.1770846403195833 0.9841957079692418 1e-07 1 0 2 58 -59 
59 -0.2486899871648546 0.9685830611286312 -1e-07 -0.2130302862749765 0.9770456744352636 1e-07 1 0 2 59 -60 
60 -0.2840154447039226 0.9588196348681931 -1e-07 -0.2486897871648546 0.9685832611286311 1e-07 1 0 2 60 -61 
61 -0.3125718679456443 0.949894046672846 -1e-07 -0.2840152447039226 0.958819834868193 1e-07 1 6 2 61 -62 
62 -0.340848497122525 0.9401181745692191 -1e-07 -0.3125716679456443 0.9498942466728459 1e-07 1 6 2 62 -63 
63 -0.3688200208218619 0.9295007692868208 -1e-07 -0.340848297122525 0.940118374569219 1e-07 1 6 2 63 -64 
64 -0.3964614007416775 0.918051334841326 -1e-07 -0.3688198208218619 0.9295009692868207 1e-07 1 6 2 64 -65 
65 -0.4237478941033886 0.9057801200271941 -1e-07 -0.3964612007416775 0.9180515348413258 1e-07 1 6 2 65 -66 
66 -0.4506550757999454 0.8926981092436115 -1e-07 -0.4237476941033886 0.905780320027194 1e-07 1 6 2 66 -67 
67 -0.4771588602596085 0.8788170126619654 -1e-07 -0.4506548757999454 0.8926983092436114 1e-07 1 6 2 67 -68 
68 -0.5090415157503713 0.8607419270039437 -1e-07 -0.4771586602596085 0.8788172126619653 1e-07 1 0 2 68 -69 
69 -0.540240420477655 0.8415106819453062 -1e-07 -0.5090413157503714 0.8607421270039436 1e-07 1 0 2 69 -70 
70 -0.5707136676844315 0.8211491091337042 -1e-07 -0.5402402204776551 0.8415108819453061 1e-07 1 0 2 70 -71 
71 -0.6004203253258839 0.7996845584870906 -1e-07 -0.5707134676844317 0.8211493091337041 1e-07 1 0 2 71 -72 
72 -0.6293204910498372 0.7771458614569711 -1e-07 -0.600420125325884 0.7996847584870905 1e-07 1 0 2 72 -73 
73 -0.6522875112781208 0.7579716231454533 -1e-07 -0.6293202910498373 0.777146061456971 1e-07 1 7 2 73 -74 
74 -0.6746706459320743 0.7381188974873407 -1e-07 -0.6522873112781209 0.7579718231454532 1e-07 1 7 2 74 -75 
75 -0.6964498590747666 0.7176054553608121 -1e-07 -0.6746704459320744 0.7381190974873406 1e-07 1 7 2 75 -76 
76 -0.7176056553608119 0.6964496590747669 -1e-07 -0.6964496590747667 0.717605655360812 1e-07 1 7 2 76 -77 
77 -0.7381190974873405 0.6746704459320745 -1e-07 -0.717605455360812 0.6964498590747668 1e-07 1 7 2 77 -78 
78 -0.7579718231454531 0.652287311278121 -1e-07 -0.7381188974873406 0.6746706459320744 1e-07 1 7 2 78 -79 
79 -0.7771460614569708 0.6293202910498374 -1e-07 -0.7579716231454532 0.6522875112781209 1e-07 1 7 2 79 -80 
80 -0.7996847584870905 0.6004201253258841 -1e-07 -0.777145861456971 0.6293204910498373 1e-07 1 0 2 80 -81 
81 -0.821149309133704 0.5707134676844318 -1e-07 -0.7996845584870906 0.600420325325884 1e-07 1 0 2 81 -82 
82 -0.841510881945306 0.5402402204776552 -1e-07 -0.8211491091337041 0.5707136676844317 1e-07 1 0 2 82 -83 
83 -0.8607421270039435 0.5090413157503715 -1e-07 -0.8415106819453061 0.5402404204776551 1e-07 1 0 2 83 -84 
84 -0.8788172126619652 0.4771586602596086 -1e-07 -0.8607419270039436 0.5090415157503714 1e-07 1 0 2 84 -85 
85 -0.8926983092436113 0.4506548757999456 -1e-07 -0.8788170126619653 0.4771588602596086 1e-07 1 8 2 85 -86 
86 -0.905780320027194 0.4237476941033888 -1e-07 -0.8926981092436114 0.4506550757999456 1e-07 1 8 2 86 -87 
87 -0.9180515348413256 0.3964612007416778 -1e-07 -0.9057801200271941 0.4237478941033888 1e-07 1 8 2 87 -88 
88 -0.9295009692868207 0.3688198208218619 -1e-07 -0.9180513348413257 0.3964614007416778 1e-07 1 8 2 88 -89 
89 -0.940118374569219 0.340848297122525 -1e-07 -0.9295007692868208 0.3688200208218619 1e-07 1 8 2 89 -90 
90 -0.9498942466728459 0.3125716679456443 -1e-07 -0.9401181745692191 0.340848497122525 1e-07 1 8 2 90 -91 
91 -0.958819834868193 0.2840152447039226 -1e-07 -0.949894046672846 0.3125718679456443 1e-07 1 8 2 91 -92 
92 -0.968583261128631 0.2486897871648548 -1e-07 -0.9588196348681931 0.2840154447039226 1e-07 1 0 2 92 -93 
93 -0.9770456744352636 0.2130302862749767 -1e-07 -0.9685830611286311 0.2486899871648548 1e-07 1 0 2 93 -94 
94 -0.9841957079692418 0.1770846403195834 -1e-07 -0.9770454744352637 0.2130304862749767 1e-07 1 0 2 94 -95 
95 -0.9900237577165575 0.1409011319375829 -1e-07 -0.9841955079692419 0.1770848403195834 1e-07 1 0 2 95 -96 
96 -0.9945219953682732 0.1045283632676537 -1e-07 -0.9900235577165576 0.1409013319375829 1e-07 1 0 2 96 -97 
97 -0.9972038971811801 0.07472999358642467 -1e-07 -0.9945217953682733 0.1045285632676537 1e-07 1 9 2 97 -98 
98 -0.9989931665413145 0.04486473035051505 -1e-07 -0.9972036971811802 0.07473019358642467 1e-07 1 9 2 98 -99 
99 -0.9998882018102734 0.01495930701526389 -1e-07 -0.9989929665413146 0.04486493035051505 1e-07 1 9 2 99 -100 
100 -0.9998882018102734 -0.01495950701526364 -1e-07 -0.9998880018102735 0.01495950701526389 1e-07 1 9 2 100 -101 
101 -0.9998882018102734 -0.04486493035051525 -1e-07 -0.9989929665413146 -0.01495930701526364 1e-07 1 9 2 101 -102 
102 -0.9989931665413145 -0.07473019358642442 -1e-07 -0.9972036971811802 -0.04486473035051524 1e-07 1 9 2 102 -103 
103 -0.9972038971811801 -0.1045285632676535 -1e-07 -0.9945217953682733 -0.07472999358642442 1e-07 1 9 2 103 -104 
104 -0.9945219953682732 -0.1409013319375831 -1e-07 -0.9900235577165576 -0.1045283632676535 1e-07 1 0 2 104 -105 
105 -0.9900237577165575 -0.1770848403195832 -1e-07 -0.984195507969242 -0.1409011319375831 1e-07 1 0 2 105 -106 
106 -0.9841957079692419 -0.2130304862749764 -1e-07 -0.9770454744352637 -0.1770846403195832 1e-07 1 0 2 106 -107 
107 -0.9770456744352636 -0.2486899871648542 -1e-07 -0.9685830611286314 -0.2130302862749764 1e-07 1 0 2 107 -108 
108 -0.9685832611286312 -0.2840154447039224 -1e-07 -0.9588196348681932 -0.2486897871648542 1e-07 1 0 2 108 -109 
109 -0.9588198348681931 -0.3125718679456441 -1e-07 -0.9498940466728462 -0.2840152447039224 1e-07 1 10 2 109 -110 
110 -0.9498942466728461 -0.3408484971225247 -1e-07 -0.9401181745692192 -0.3125716679456441 1e-07 1 10 2 110 -111 
111 -0.9401183745692191 -0.3688200208218617 -1e-07 -0.9295007692868209 -0.3408482971225247 1e-07 1 10 2 111 -112 
112 -0.9295009692868208 -0.3964614007416776 -1e-07 -0.9180513348413258 -0.3688198208218617 1e-07 1 10 2 112 -113 
113 -0.9180515348413257 -0.4237478941033886 -1e-07 -0.9057801200271942 -0.3964612007416776 1e-07 1 10 2 113 -114 
114 -0.9057803200271941 -0.4506550757999453 -1e-07 -0.8926981092436115 -0.4237476941033886 1e-07 1 10 2 114 -115 
115 -0.8926983092436114 -0.4771588602596084 -1e-07 -0.8788170126619654 -0.4506548757999453 1e-07 1 10 2 115 -116 
116 -0.8788172126619653 -0.5090415157503716 -1e-07 -0.8607419270039435 -0.4771586602596084 1e-07 1 0 2 116 -117 
117 -0.8607421270039434 -0.5402404204776549 -1e-07 -0.8415106819453062 -0.5090413157503717 1e-07 1 0 2 117 -118 
118 -0.8415108819453061 -0.5707136676844314 -1e-07 -0.8211491091337042 -0.540240220477655 1e-07 1 0 2 118 -119 
119 -0.8211493091337041 -0.6004203253258834 -1e-07 -0.799684558487091 -0.5707134676844315 1e-07 1 0 2 119 -120 
120 -0.7996847584870909 -0.6293204910498372 -1e-07 -0.7771458614569712 -0.6004201253258835 1e-07 1 0 2 120 -121 
121 -0.7771460614569711 -0.6522875112781208 -1e-07 -0.7579716231454533 -0.6293202910498373 1e-07 1 11 2 121 -122 
122 -0.7579718231454532 -0.6746706459320742 -1e-07 -0.7381188974873408 -0.6522873112781209 1e-07 1 11 2 122 -123 
123 -0.7381190974873407 -0.6964498590747665 -1e-07 -0.7176054553608121 -0.6746704459320743 1e-07 1 11 2 123 -124 
124 -0.717605655360812 -0.7176056553608118 -1e-07 -0.6964496590747669 -0.6964496590747666 1e-07 1 11 2 124 -125 
125 -0.6964498590747668 -0.7381190974873405 -1e-07 -0.6746704459320745 -0.7176054553608119 1e-07 1 11 2 125 -126 
126 -0.6746706459320744 -0.757971823145453 -1e-07 -0.6522873112781211 -0.7381188974873406 1e-07 1 11 2 126 -127 
127 -0.652287511278121 -0.7771460614569711 -1e-07 -0.6293202910498371 -0.7579716231454531 1e-07 1 11 2 127 -128 
128 -0.629320491049837 -0.7996847584870904 -1e-07 -0.6004201253258842 -0.7771458614569712 1e-07 1 0 2 128 -129 
129 -0.6004203253258841 -0.8211493091337037 -1e-07 -0.5707134676844322 -0.7996845584870905 1e-07 1 0 2 129 -130 
130 -0.5707136676844321 -0.841510881945306 -1e-07 -0.5402402204776552 -0.8211491091337038 1e-07 1 0 2 130 -131 
131 -0.5402404204776551 -0.8607421270039433 -1e-07 -0.5090413157503719 -0.8415106819453061 1e-07 1 0 2 131 -132 
132 -0.5090415157503718 -0.8788172126619652 -1e-07 -0.4771586602596087 -0.8607419270039434 1e-07 1 0 2 132 -133 
133 -0.4771588602596087 -0.892698309243611 -1e-07 -0.450654875799946 -0.8788170126619653 1e-07 1 12 2 133 -134 
134 -0.450655075799946 -0.9057803200271941 -1e-07 -0.4237476941033885 -0.8926981092436111 1e-07 1 12 2 134 -135 
135 -0.4237478941033885 -0.9180515348413256 -1e-07 -0.3964612007416778 -0.9057801200271942 1e-07 1 12 2 135 -136 
136 -0.3964614007416778 -0.9295009692868207 -1e-07 -0.368819820821862 -0.9180513348413257 1e-07 1 12 2 136 -137 
137 -0.368820020821862 -0.9401183745692188 -1e-07 -0.3408482971225255 -0.9295007692868208 1e-07 1 12 2 137 -138 
138 -0.3408484971225255 -0.9498942466728461 -1e-07 -0.3125716679456439 -0.9401181745692189 1e-07 1 12 2 138 -139 
139 -0.312571867945644 -0.958819834868193 -1e-07 -0.2840152447039226 -0.9498940466728462 1e-07 1 12 2 139 -140 
140 -0.2840154447039226 -0.9685832611286311 -1e-07 -0.2486897871648544 -0.9588196348681931 1e-07 1 0 2 140 -141 
141 -0.2486899871648544 -0.9770456744352636 -1e-07 -0.2130302862749767 -0.9685830611286312 1e-07 1 0 2 141 -142 
142 -0.2130304862749767 -0.9841957079692419 -1e-07 -0.1770846403195831 -0.9770454744352637 1e-07 1 0 2 142 -143 
143 -0.1770848403195831 -0.9900237577165575 -1e-07 -0.1409011319375829 -0.984195507969242 1e-07 1 0 2 143 -144 
144 -0.1409013319375829 -0.9945219953682732 -1e-07 -0.1045283632676542 -0.9900235577165576 1e-07 1 0 2 144 -145 
145 -0.1045285632676542 -0.9972038971811801 -1e-07 -0.07472999358642472 -0.9945217953682733 1e-07 1 13 2 145 -146 
146 -0.07473019358642473 -0.9989931665413145 -1e-07 -0.0448647303505151 -0.9972036971811802 1e-07 1 13 2 146 -147 
147 -0.04486493035051511 -0.9998882018102734 -1e-07 -0.01495930701526351 -0.9989929665413146 1e-07 1 13 2 147 -148 
148 -0.0149595070152635 -0.9998882018102734 -1e-07 0.01495950701526314 -0.9998880018102735 1e-07 1 13 2 148 -149 
149 0.01495930701526314 -0.9998882018102734 -1e-07 0.04486493035051475 -0.9989929665413148 1e-07 1 13 2 149 -150 
150 0.04486473035051474 -0.9989931665413146 -1e-07 0.07473019358642437 -0.9972036971811802 1e-07 1 13 2 150 -151 
151 0.07472999358642436 -0.9972038971811801 -1e-07 0.1045285632676539 -0.9945217953682733 1e-07 1 13 2 151 -152 
152 0.1045283632676539 -0.9945219953682732 -1e-07 0.1409013319375826 -0.9900235577165576 1e-07 1 0 2 152 -153 
153 0.1409011319375826 -0.9900237577165575 -1e-07 0.1770848403195827 -0.984195507969242 1e-07 1 0 2 153 -154 
154 0.1770846403195827 -0.9841957079692419 -1e-07 0.2130304862749764 -0.9770454744352637 1e-07 1 0 2 154 -155 
155 0.2130302862749764 -0.9770456744352636 -1e-07 0.2486899871648541 -0.9685830611286314 1e-07 1 0 2 155 -156 
156 0.2486897871648541 -0.9685832611286312 -1e-07 0.2840154447039223 -0.9588196348681932 1e-07 1 0 2 156 -157 
157 0.2840152447039223 -0.9588198348681931 -1e-07 0.3125718679456436 -0.9498940466728463 1e-07 1 14 2 157 -158 
158 0.3125716679456436 -0.9498942466728462 -1e-07 0.3408484971225251 -0.940118174569219 1e-07 1 14 2 158 -159 
159 0.3408482971225251 -0.9401183745692189 -1e-07 0.3688200208218616 -0.9295007692868209 1e-07 1 14 2 159 -160 
160 0.3688198208218616 -0.9295009692868208 -1e-07 0.3964614007416775 -0.9180513348413258 1e-07 1 14 2 160 -161 
161 0.3964612007416775 -0.9180515348413257 -1e-07 0.4237478941033881 -0.9057801200271944 1e-07 1 14 2 161 -162 
162 0.4237476941033881 -0.9057803200271943 -1e-07 0.4506550757999457 -0.8926981092436114 1e-07 1 14 2 162 -163 
163 0.4506548757999457 -0.8926983092436113 -1e-07 0.4771588602596084 -0.8788170126619654 1e-07 1 14 2 163 -164 
164 0.4771586602596083 -0.8788172126619653 -1e-07 0.5090415157503715 -0.8607419270039435 1e-07 1 0 2 164 -165 
165 0.5090413157503716 -0.8607421270039434 -1e-07 0.5402404204776549 -0.8415106819453063 1e-07 1 0 2 165 -166 
166 0.540240220477655 -0.8415108819453062 -1e-07 0.5707136676844318 -0.821149109133704 1e-07 1 0 2 166 -167 
167 0.5707134676844319 -0.8211493091337039 -1e-07 0.6004203253258837 -0.7996845584870907 1e-07 1 0 2 167 -168 
168 0.6004201253258838 -0.7996847584870906 -1e-07 0.6293204910498368 -0.7771458614569714 1e-07 1 0 2 168 -169 
169 0.6293202910498369 -0.7771460614569713 -1e-07 0.6522875112781207 -0.7579716231454534 1e-07 1 15 2 169 -170 
170 0.6522873112781208 -0.7579718231454533 -1e-07 0.6746706459320742 -0.7381188974873408 1e-07 1 15 2 170 -171 
171 0.6746704459320743 -0.7381190974873407 -1e-07 0.6964498590747669 -0.7176054553608119 1e-07 1 15 2 171 -172 
172 0.696449659074767 -0.7176056553608118 -1e-07 0.7176056553608114 -0.6964496590747673 1e-07 1 15 2 172 -173 
173 0.7176054553608116 -0.6964498590747672 -1e-07 0.7381190974873404 -0.6746704459320746 1e-07 1 15 2 173 -174 
174 0.7381188974873405 -0.6746706459320745 -1e-07 0.757971823145453 -0.6522873112781211 1e-07 1 15 2 174 -175 
175 0.7579716231454531 -0.652287511278121 -1e-07 0.7771460614569711 -0.6293202910498372 1e-07 1 15 2 175 -176 
176 0.7771458614569712 -0.6293204910498371 -1e-07 0.7996847584870904 -0.6004201253258842 1e-07 1 0 2 176 -177 
177 0.7996845584870905 -0.6004203253258841 -1e-07 0.8211493091337037 -0.5707134676844323 1e-07 1 0 2 177 -178 
178 0.8211491091337038 -0.5707136676844322 -1e-07 0.841510881945306 -0.5402402204776553 1e-07 1 0 2 178 -179 
179 0.8415106819453061 -0.5402404204776552 -1e-07 0.8607421270039431 -0.509041315750372 1e-07 1 0 2 179 -180 
180 0.8607419270039433 -0.5090415157503719 -1e-07 0.8788172126619651 -0.4771586602596087 1e-07 1 0 2 180 -181 
181 0.8788170126619652 -0.4771588602596087 -1e-07 0.892698309243611 -0.4506548757999461 1e-07 1 16 2 181 -182 
182 0.8926981092436111 -0.4506550757999461 -1e-07 0.9057803200271941 -0.4237476941033885 1e-07 1 16 2 182 -183 
183 0.9057801200271942 -0.4237478941033885 -1e-07 0.9180515348413256 -0.3964612007416779 1e-07 1 16 2 183 -184 
184 0.9180513348413257 -0.3964614007416779 -1e-07 0.9295009692868207 -0.368819820821862 1e-07 1 16 2 184 -185 
185 0.9295007692868208 -0.368820020821862 -1e-07 0.9401183745692188 -0.3408482971225255 1e-07 1 16 2 185 -186 
186 0.9401181745692189 -0.3408484971225255 -1e-07 0.9498942466728461 -0.312571667945644 1e-07 1 16 2 186 -187 
187 0.9498940466728462 -0.312571867945644 -1e-07 0.958819834868193 -0.2840152447039227 1e-07 1 16 2 187 -188 
188 0.9588196348681931 -0.2840154447039227 -1e-07 0.9685832611286311 -0.2486897871648545 1e-07 1 0 2 188 -189 
189 0.9685830611286312 -0.2486899871648545 -1e-07 0.9770456744352636 -0.2130302862749768 1e-07 1 0 2 189 -190 
190 0.9770454744352637 -0.2130304862749768 -1e-07 0.9841957079692419 -0.1770846403195831 1e-07 1 0 2 190 -191 
191 0.984195507969242 -0.1770848403195831 -1e-07 0.9900237577165575 -0.140901131937583 1e-07 1 0 2 191 -192 
192 0.9900235577165576 -0.140901331937583 -1e-07 0.9945219953682732 -0.1045283632676535 1e-07 1 0 2 192 -1 
1 -0.9998882018102734 -0.9998882018102734 -1e-07 0.9998882018102734 0.9998882018102734 1e-07 1 1 192 1 2 3 4 5 6 7 8 9 10 11 12 13 14 15 16 17 18 19 20 21 22 23 24 25 26 27 28 29 30 31 32 33 34 35 36 37 38 39 40 41 42 43 44 45 46 47 48 49 50 51 52 53 54 55 56 57 58 59 60 61 62 63 64 65 66 67 68 69 70 71 72 73 74 75 76 77 78 79 80 81 82 83 84 85 86 87 88 89 90 91 92 93 94 95 96 97 98 99 100 101 102 103 104 105 106 107 108 109 110 111 112 113 114 115 116 117 118 119 120 121 122 123 124 125 126 127 128 129 130 131 132 133 134 135 136 137 138 139 140 141 142 143 144 145 146 147 148 149 150 151 152 153 154 155 156 157 158 159 160 161 162 163 164 165 166 167 168 169 170 171 172 173 174 175 176 177 178 179 180 181 182 183 184 185 186 187 188 189 190 191 192 
$EndEntities
$Nodes
385 2695 1 2695
0 1 0 1
1
0.9945218953682733 -0.1045284632676535 0
0 2 0 1
2
0.9972037971811801 -0.07473009358642424 0
0 3 0 1
3
0.9989930665413147 -0.04486483035051493 0
0 4 0 1
4
0.9998881018102734 -0.01495940701526363 0
0 5 0 1
5
0.9998881018102734 0.01495940701526361 0
0 6 0 1
6
0.9989930665413147 0.04486483035051492 0
0 7 0 1
7
0.9972037971811801 0.07473009358642423 0
0 8 0 1
8
0.9945218953682733 0.1045284632676535 0
0 9 0 1
9
0.9900236577165575 0.1409012319375827 0
0 10 0 1
10
0.9841956079692419 0.1770847403195833 0
0 11 0 1
11
0.9770455744352636 0.2130303862749766 0
0 12 0 1
12
0.9685831611286311 0.2486898871648548 0
0 13 0 1
13
0.9588197348681931 0.2840153447039226 0
0 14 0 1
14
0.949894146672846 0.3125717679456445 0
0 15 0 1
15
0.940118274569219 0.3408483971225249 0
0 16 0 1
16
0.9295008692868207 0.3688199208218619 0
0 17 0 1
17
0.9180514348413259 0.3964613007416775 0
0 18 0 1
18
0.905780220027194 0.4237477941033887 0
0 19 0 1
19
0.8926982092436115 0.4506549757999452 0
0 20 0 1
20
0.8788171126619654 0.4771587602596084 0
0 21 0 1
21
0.8607420270039436 0.5090414157503713 0
0 22 0 1
22
0.8415107819453062 0.540240320477655 0
0 23 0 1
23
0.821149209133704 0.5707135676844316 0
0 24 0 1
24
0.7996846584870906 0.600420225325884 0
0 25 0 1
25
0.7771459614569708 0.6293203910498375 0
0 26 0 1
26
0.7579717231454529 0.6522874112781212 0
0 27 0 1
27
0.7381189974873407 0.6746705459320743 0
0 28 0 1
28
0.7176055553608119 0.6964497590747668 0
0 29 0 1
29
0.6964497590747669 0.7176055553608117 0
0 30 0 1
30
0.6746705459320743 0.7381189974873406 0
0 31 0 1
31
0.6522874112781212 0.7579717231454529 0
0 32 0 1
32
0.6293203910498375 0.7771459614569708 0
0 33 0 1
33
0.6004202253258841 0.7996846584870905 0
0 34 0 1
34
0.5707135676844318 0.8211492091337039 0
0 35 0 1
35
0.5402403204776551 0.8415107819453062 0
0 36 0 1
36
0.5090414157503712 0.8607420270039436 0
0 37 0 1
37
0.4771587602596084 0.8788171126619654 0
0 38 0 1
38
0.4506549757999451 0.8926982092436115 0
0 39 0 1
39
0.4237477941033888 0.905780220027194 0
0 40 0 1
40
0.3964613007416776 0.9180514348413258 0
0 41 0 1
41
0.368819920821862 0.9295008692868207 0
0 42 0 1
42
0.340848397122525 0.940118274569219 0
0 43 0 1
43
0.3125717679456447 0.9498941466728459 0
0 44 0 1
44
0.2840153447039228 0.9588197348681931 0
0 45 0 1
45
0.248689887164855 0.9685831611286311 0
0 46 0 1
46
0.2130303862749766 0.9770455744352636 0
0 47 0 1
47
0.1770847403195834 0.9841956079692419 0
0 48 0 1
48
0.1409012319375826 0.9900236577165575 0
0 49 0 1
49
0.1045284632676535 0.9945218953682733 0
0 50 0 1
50
0.07473009358642417 0.9972037971811801 0
0 51 0 1
51
0.04486483035051499 0.9989930665413146 0
0 52 0 1
52
0.01495940701526361 0.9998881018102734 0
0 53 0 1
53
-0.01495940701526348 0.9998881018102734 0
0 54 0 1
54
-0.04486483035051464 0.9989930665413147 0
0 55 0 1
55
-0.07473009358642427 0.9972037971811801 0
0 56 0 1
56
-0.1045284632676533 0.9945218953682734 0
0 57 0 1
57
-0.1409012319375827 0.9900236577165575 0
0 58 0 1
58
-0.1770847403195833 0.9841956079692419 0
0 59 0 1
59
-0.2130303862749765 0.9770455744352636 0
0 60 0 1
60
-0.2486898871648546 0.9685831611286312 0
0 61 0 1
61
-0.2840153447039226 0.9588197348681931 0
0 62 0 1
62
-0.3125717679456443 0.949894146672846 0
0 63 0 1
63
-0.340848397122525 0.940118274569219 0
0 64 0 1
64
-0.3688199208218619 0.9295008692868207 0
0 65 0 1
65
-0.3964613007416775 0.9180514348413259 0
0 66 0 1
66
-0.4237477941033886 0.905780220027194 0
0 67 0 1
67
-0.4506549757999454 0.8926982092436114 0
0 68 0 1
68
-0.4771587602596085 0.8788171126619654 0
0 69 0 1
69
-0.5090414157503713 0.8607420270039436 0
0 70 0 1
70
-0.540240320477655 0.8415107819453062 0
0 71 0 1
71
-0.5707135676844316 0.8211492091337041 0
0 72 0 1
72
-0.6004202253258839 0.7996846584870906 0
0 73 0 1
73
-0.6293203910498373 0.777145961456971 0
0 74 0 1
74
-0.6522874112781208 0.7579717231454532 0
0 75 0 1
75
-0.6746705459320743 0.7381189974873407 0
0 76 0 1
76
-0.6964497590747667 0.7176055553608121 0
0 77 0 1
77
-0.7176055553608119 0.6964497590747668 0
0 78 0 1
78
-0.7381189974873406 0.6746705459320744 0
0 79 0 1
79
-0.7579717231454531 0.652287411278121 0
0 80 0 1
80
-0.7771459614569709 0.6293203910498374 0
0 81 0 1
81
-0.7996846584870906 0.600420225325884 0
0 82 0 1
82
-0.821149209133704 0.5707135676844317 0
0 83 0 1
83
-0.841510781945306 0.5402403204776551 0
0 84 0 1
84
-0.8607420270039435 0.5090414157503714 0
0 85 0 1
85
-0.8788171126619653 0.4771587602596086 0
0 86 0 1
86
-0.8926982092436113 0.4506549757999456 0
0 87 0 1
87
-0.905780220027194 0.4237477941033888 0
0 88 0 1
88
-0.9180514348413257 0.3964613007416778 0
0 89 0 1
89
-0.9295008692868207 0.3688199208218619 0
0 90 0 1
90
-0.940118274569219 0.340848397122525 0
0 91 0 1
91
-0.949894146672846 0.3125717679456443 0
0 92 0 1
92
-0.9588197348681931 0.2840153447039226 0
0 93 0 1
93
-0.9685831611286311 0.2486898871648548 0
0 94 0 1
94
-0.9770455744352636 0.2130303862749767 0
0 95 0 1
95
-0.9841956079692419 0.1770847403195834 0
0 96 0 1
96
-0.9900236577165575 0.1409012319375829 0
0 97 0 1
97
-0.9945218953682733 0.1045284632676537 0
0 98 0 1
98
-0.9972037971811801 0.07473009358642467 0
0 99 0 1
99
-0.9989930665413146 0.04486483035051505 0
0 100 0 1
100
-0.9998881018102734 0.01495940701526389 0
0 101 0 1
101
-0.9998881018102734 -0.01495940701526364 0
0 102 0 1
102
-0.9989930665413146 -0.04486483035051524 0
0 103 0 1
103
-0.9972037971811801 -0.07473009358642442 0
0 104 0 1
104
-0.9945218953682733 -0.1045284632676535 0
0 105 0 1
105
-0.9900236577165575 -0.1409012319375831 0
0 106 0 1
106
-0.984195607969242 -0.1770847403195832 0
0 107 0 1
107
-0.9770455744352636 -0.2130303862749764 0
0 108 0 1
108
-0.9685831611286313 -0.2486898871648542 0
0 109 0 1
109
-0.9588197348681932 -0.2840153447039224 0
0 110 0 1
110
-0.9498941466728461 -0.3125717679456441 0
0 111 0 1
111
-0.9401182745692191 -0.3408483971225247 0
0 112 0 1
112
-0.9295008692868209 -0.3688199208218617 0
0 113 0 1
113
-0.9180514348413258 -0.3964613007416776 0
0 114 0 1
114
-0.9057802200271942 -0.4237477941033886 0
0 115 0 1
115
-0.8926982092436114 -0.4506549757999453 0
0 116 0 1
116
-0.8788171126619654 -0.4771587602596084 0
0 117 0 1
117
-0.8607420270039434 -0.5090414157503717 0
0 118 0 1
118
-0.8415107819453062 -0.5402403204776549 0
0 119 0 1
119
-0.8211492091337041 -0.5707135676844315 0
0 120 0 1
120
-0.7996846584870909 -0.6004202253258835 0
0 121 0 1
121
-0.7771459614569711 -0.6293203910498373 0
0 122 0 1
122
-0.7579717231454532 -0.6522874112781208 0
0 123 0 1
123
-0.7381189974873408 -0.6746705459320742 0
0 124 0 1
124
-0.7176055553608121 -0.6964497590747666 0
0 125 0 1
125
-0.6964497590747668 -0.7176055553608118 0
0 126 0 1
126
-0.6746705459320744 -0.7381189974873406 0
0 127 0 1
127
-0.6522874112781211 -0.757971723145453 0
0 128 0 1
128
-0.6293203910498371 -0.7771459614569711 0
0 129 0 1
129
-0.6004202253258841 -0.7996846584870905 0
0 130 0 1
130
-0.5707135676844322 -0.8211492091337037 0
0 131 0 1
131
-0.5402403204776551 -0.841510781945306 0
0 132 0 1
132
-0.5090414157503719 -0.8607420270039433 0
0 133 0 1
133
-0.4771587602596087 -0.8788171126619653 0
0 134 0 1
134
-0.450654975799946 -0.8926982092436111 0
0 135 0 1
135
-0.4237477941033885 -0.9057802200271942 0
0 136 0 1
136
-0.3964613007416778 -0.9180514348413257 0
0 137 0 1
137
-0.368819920821862 -0.9295008692868207 0
0 138 0 1
138
-0.3408483971225255 -0.9401182745692188 0
0 139 0 1
139
-0.312571767945644 -0.9498941466728461 0
0 140 0 1
140
-0.2840153447039226 -0.9588197348681931 0
0 141 0 1
141
-0.2486898871648544 -0.9685831611286312 0
0 142 0 1
142
-0.2130303862749767 -0.9770455744352636 0
0 143 0 1
143
-0.1770847403195831 -0.984195607969242 0
0 144 0 1
144
-0.1409012319375829 -0.9900236577165575 0
0 145 0 1
145
-0.1045284632676542 -0.9945218953682733 0
0 146 0 1
146
-0.07473009358642473 -0.9972037971811801 0
0 147 0 1
147
-0.0448648303505151 -0.9989930665413146 0
0 148 0 1
148
-0.0149594070152635 -0.9998881018102734 0
0 149 0 1
149
0.01495940701526314 -0.9998881018102734 0
0 150 0 1
150
0.04486483035051474 -0.9989930665413147 0
0 151 0 1
151
0.07473009358642436 -0.9972037971811801 0
0 152 0 1
152
0.1045284632676539 -0.9945218953682733 0
0 153 0 1
153
0.1409012319375826 -0.9900236577165575 0
0 154 0 1
154
0.1770847403195827 -0.984195607969242 0
0 155 0 1
155
0.2130303862749764 -0.9770455744352636 0
0 156 0 1
156
0.2486898871648541 -0.9685831611286313 0
0 157 0 1
157
0.2840153447039223 -0.9588197348681932 0
0 158 0 1
158
0.3125717679456436 -0.9498941466728462 0
0 159 0 1
159
0.3408483971225251 -0.9401182745692189 0
0 160 0 1
160
0.3688199208218616 -0.9295008692868209 0
0 161 0 1
161
0.3964613007416775 -0.9180514348413258 0
0 162 0 1
162
0.4237477941033881 -0.9057802200271944 0
0 163 0 1
163
0.4506549757999457 -0.8926982092436113 0
0 164 0 1
164
0.4771587602596083 -0.8788171126619654 0
0 165 0 1
165
0.5090414157503715 -0.8607420270039434 0
0 166 0 1
166
0.5402403204776549 -0.8415107819453063 0
0 167 0 1
167
0.5707135676844318 -0.8211492091337039 0
0 168 0 1
168
0.6004202253258838 -0.7996846584870907 0
0 169 0 1
169
0.6293203910498368 -0.7771459614569713 0
0 170 0 1
170
0.6522874112781207 -0.7579717231454534 0
0 171 0 1
171
0.6746705459320742 -0.7381189974873408 0
0 172 0 1
172
0.6964497590747669 -0.7176055553608118 0
0 173 0 1
173
0.7176055553608115 -0.6964497590747672 0
0 174 0 1
174
0.7381189974873404 -0.6746705459320745 0
0 175 0 1
175
0.757971723145453 -0.6522874112781211 0
0 176 0 1
176
0.7771459614569711 -0.6293203910498372 0
0 177 0 1
177
0.7996846584870905 -0.6004202253258841 0
0 178 0 1
178
0.8211492091337037 -0.5707135676844323 0
0 179 0 1
179
0.841510781945306 -0.5402403204776552 0
0 180 0 1
180
0.8607420270039432 -0.509041415750372 0
0 181 0 1
181
0.8788171126619652 -0.4771587602596087 0
0 182 0 1
182
0.8926982092436111 -0.4506549757999461 0
0 183 0 1
183
0.9057802200271942 -0.4237477941033885 0
0 184 0 1
184
0.9180514348413257 -0.3964613007416779 0
0 185 0 1
185
0.9295008692868207 -0.368819920821862 0
0 186 0 1
186
0.9401182745692188 -0.3408483971225255 0
0 187 0 1
187
0.9498941466728461 -0.312571767945644 0
0 188 0 1
188
0.9588197348681931 -0.2840153447039227 0
0 189 0 1
189
0.9685831611286312 -0.2486898871648545 0
0 190 0 1
190
0.9770455744352636 -0.2130303862749768 0
0 191 0 1
191
0.984195607969242 -0.1770847403195831 0
0 192 0 1
192
0.9900236577165575 -0.140901231937583 0
1 1 0 0
1 2 0 0
1 3 0 0
1 4 0 0
1 5 0 0
1 6 0 0
1 7 0 0
1 8 0 1
193
0.9922727765424154 0.1227148476026181 0
1 9 0 1
194
0.9871096328428997 0.158992986128583 0
1 10 0 1
195
0.9806205912022528 0.1950575632972799 0
1 11 0 1
196
0.9728143677819473 0.2308601367199157 0
1 12 0 1
197
0.9637014479984121 0.2663526159343887 0
1 13 0 0
1 14 0 0
1 15 0 0
1 16 0 0
1 17 0 0
1 18 0 0
1 19 0 0
1 20 0 1
198
0.8697795698329545 0.4931000880049899 0
1 21 0 1
199
0.851126404474625 0.5246408681140131 0
1 22 0 1
200
0.8313299955395052 0.5554769440810433 0
1 23 0 1
201
0.8104169338103973 0.5855668965051578 0
1 24 0 1
202
0.7884153099720307 0.6148703081878608 0
1 25 0 0
1 26 0 0
1 27 0 0
1 28 0 0
1 29 0 0
1 30 0 0
1 31 0 0
1 32 0 1
203
0.6148703081878608 0.7884153099720306 0
1 33 0 1
204
0.585566896505158 0.8104169338103971 0
1 34 0 1
205
0.5554769440810434 0.831329995539505 0
1 35 0 1
206
0.5246408681140131 0.851126404474625 0
1 36 0 1
207
0.4931000880049898 0.8697795698329545 0
1 37 0 0
1 38 0 0
1 39 0 0
1 40 0 0
1 41 0 0
1 42 0 0
1 43 0 0
1 44 0 1
208
0.2663526159343889 0.9637014479984121 0
1 45 0 1
209
0.2308601367199158 0.9728143677819473 0
1 46 0 1
210
0.19505756329728 0.9806205912022528 0
1 47 0 1
211
0.158992986128583 0.9871096328428998 0
1 48 0 1
212
0.122714847602618 0.9922727765424154 0
1 49 0 0
1 50 0 0
1 51 0 0
1 52 0 0
1 53 0 0
1 54 0 0
1 55 0 0
1 56 0 1
213
-0.122714847602618 0.9922727765424155 0
1 57 0 1
214
-0.158992986128583 0.9871096328428997 0
1 58 0 1
215
-0.1950575632972799 0.9806205912022528 0
1 59 0 1
216
-0.2308601367199156 0.9728143677819474 0
1 60 0 1
217
-0.2663526159343886 0.9637014479984121 0
1 61 0 0
1 62 0 0
1 63 0 0
1 64 0 0
1 65 0 0
1 66 0 0
1 67 0 0
1 68 0 1
218
-0.4931000880049899 0.8697795698329545 0
1 69 0 1
219
-0.5246408681140131 0.851126404474625 0
1 70 0 1
220
-0.5554769440810433 0.8313299955395052 0
1 71 0 1
221
-0.5855668965051578 0.8104169338103974 0
1 72 0 1
222
-0.6148703081878606 0.7884153099720308 0
1 73 0 0
1 74 0 0
1 75 0 0
1 76 0 0
1 77 0 0
1 78 0 0
1 79 0 0
1 80 0 1
223
-0.7884153099720308 0.6148703081878607 0
1 81 0 1
224
-0.8104169338103973 0.5855668965051579 0
1 82 0 1
225
-0.831329995539505 0.5554769440810434 0
1 83 0 1
226
-0.8511264044746247 0.5246408681140133 0
1 84 0 1
227
-0.8697795698329543 0.4931000880049901 0
1 85 0 0
1 86 0 0
1 87 0 0
1 88 0 0
1 89 0 0
1 90 0 0
1 91 0 0
1 92 0 1
228
-0.9637014479984121 0.2663526159343887 0
1 93 0 1
229
-0.9728143677819473 0.2308601367199158 0
1 94 0 1
230
-0.9806205912022528 0.1950575632972801 0
1 95 0 1
231
-0.9871096328428997 0.1589929861285831 0
1 96 0 1
232
-0.9922727765424154 0.1227148476026183 0
1 97 0 0
1 98 0 0
1 99 0 0
1 100 0 0
1 101 0 0
1 102 0 0
1 103 0 0
1 104 0 1
233
-0.9922727765424154 -0.1227148476026183 0
1 105 0 1
234
-0.9871096328428998 -0.1589929861285831 0
1 106 0 1
235
-0.9806205912022528 -0.1950575632972798 0
1 107 0 1
236
-0.9728143677819475 -0.2308601367199153 0
1 108 0 1
237
-0.9637014479984122 -0.2663526159343882 0
1 109 0 0
1 110 0 0
1 111 0 0
1 112 0 0
1 113 0 0
1 114 0 0
1 115 0 0
1 116 0 1
238
-0.8697795698329543 -0.4931000880049901 0
1 117 0 1
239
-0.8511264044746248 -0.5246408681140132 0
1 118 0 1
240
-0.8313299955395052 -0.5554769440810432 0
1 119 0 1
241
-0.8104169338103976 -0.5855668965051575 0
1 120 0 1
242
-0.788415309972031 -0.6148703081878604 0
1 121 0 0
1 122 0 0
1 123 0 0
1 124 0 0
1 125 0 0
1 126 0 0
1 127 0 0
1 128 0 1
243
-0.6148703081878606 -0.7884153099720308 0
1 129 0 1
244
-0.5855668965051581 -0.810416933810397 0
1 130 0 1
245
-0.5554769440810436 -0.8313299955395049 0
1 131 0 1
246
-0.5246408681140136 -0.8511264044746246 0
1 132 0 1
247
-0.4931000880049903 -0.8697795698329543 0
1 133 0 0
1 134 0 0
1 135 0 0
1 136 0 0
1 137 0 0
1 138 0 0
1 139 0 0
1 140 0 1
248
-0.2663526159343885 -0.9637014479984122 0
1 141 0 1
249
-0.2308601367199156 -0.9728143677819474 0
1 142 0 1
250
-0.1950575632972799 -0.9806205912022529 0
1 143 0 1
251
-0.158992986128583 -0.9871096328428998 0
1 144 0 1
252
-0.1227148476026186 -0.9922727765424154 0
1 145 0 0
1 146 0 0
1 147 0 0
1 148 0 0
1 149 0 0
1 150 0 0
1 151 0 0
1 152 0 1
253
0.1227148476026182 -0.9922727765424154 0
1 153 0 1
254
0.1589929861285826 -0.9871096328428998 0
1 154 0 1
255
0.1950575632972796 -0.9806205912022528 0
1 155 0 1
256
0.2308601367199152 -0.9728143677819474 0
1 156 0 1
257
0.2663526159343882 -0.9637014479984122 0
1 157 0 0
1 158 0 0
1 159 0 0
1 160 0 0
1 161 0 0
1 162 0 0
1 163 0 0
1 164 0 1
258
0.4931000880049899 -0.8697795698329543 0
1 165 0 1
259
0.5246408681140132 -0.8511264044746248 0
1 166 0 1
260
0.5554769440810434 -0.831329995539505 0
1 167 0 1
261
0.5855668965051578 -0.8104169338103974 0
1 168 0 1
262
0.6148703081878603 -0.788415309972031 0
1 169 0 0
1 170 0 0
1 171 0 0
1 172 0 0
1 173 0 0
1 174 0 0
1 175 0 0
1 176 0 1
263
0.7884153099720308 -0.6148703081878607 0
1 177 0 1
264
0.810416933810397 -0.5855668965051583 0
1 178 0 1
265
0.8313299955395049 -0.5554769440810438 0
1 179 0 1
266
0.8511264044746246 -0.5246408681140137 0
1 180 0 1
267
0.8697795698329542 -0.4931000880049903 0
1 181 0 0
1 182 0 0
1 183 0 0
1 184 0 0
1 185 0 0
1 186 0 0
1 187 0 0
1 188 0 1
268
0.9637014479984122 -0.2663526159343886 0
1 189 0 1
269
0.9728143677819474 -0.2308601367199156 0
1 190 0 1
270
0.9806205912022529 -0.1950575632972799 0
1 191 0 1
271
0.9871096328428998 -0.1589929861285831 0
1 192 0 1
272
0.9922727765424154 -0.1227148476026182 0
2 1 0 2423
273
274
275
276
277
278
279
280
281
282
283
284
285
286
287
288
289
290
291
292
293
294
295
296
297
298
299
300
301
302
303
304
305
306
307
308
309
310
311
312
313
314
315
316
317
318
319
320
321
322
323
324
325
326
327
328
329
330
331
332
333
334
335
336
337
338
339
340
341
342
343
344
345
346
347
348
349
350
351
352
353
354
355
356
357
358
359
360
361
362
363
364
365
366
367
368
369
370
371
372
373
374
375
376
377
378
379
380
381
382
383
384
385
386
387
388
389
390
391
392
393
394
395
396
397
398
399
400
401
402
403
404
405
406
407
408
409
410
411
412
413
414
415
416
417
418
419
420
421
422
423
424
425
426
427
428
429
430
431
432
433
434
435
436
437
438
439
440
441
442
443
444
445
446
447
448
449
450
451
452
453
454
455
456
457
458
459
460
461
462
463
464
465
466
467
468
469
470
471
472
473
474
475
476
477
478
479
480
481
482
483
484
485
486
487
488
489
490
491
492
493
494
495
496
497
498
499
500
501
502
503
504
505
506
507
508
509
510
511
512
513
514
515
516
517
518
519
520
521
522
523
524
525
526
527
528
529
530
531
532
533
534
535
536
537
538
539
540
541
542
543
544
545
546
547
548
549
550
551
552
553
554
555
556
557
558
559
560
561
562
563
564
565
566
567
568
569
570
571
572
573
574
575
576
577
578
579
580
581
582
583
584
585
586
587
588
589
590
591
592
593
594
595
596
597
598
599
600
601
602
603
604
605
606
607
608
609
610
611
612
613
614
615
616
617
618
619
620
621
622
623
624
625
626
627
628
629
630
631
632
633
634
635
636
637
638
639
640
641
642
643
644
645
646
647
648
649
650
651
652
653
654
655
656
657
658
659
660
661
662
663
664
665
666
667
668
669
670
671
672
673
674
675
676
677
678
679
680
681
682
683
684
685
686
687
688
689
690
691
692
693
694
695
696
697
698
699
700
701
702
703
704
705
706
707
708
709
710
711
712
713
714
715
716
717
718
719
720
721
722
723
724
725
726
727
728
729
730
731
732
733
734
735
736
737
738
739
740
741
742
743
744
745
746
747
748
749
750
751
752
753
754
755
756
757
758
759
760
761
762
763
764
765
766
767
768
769
770
771
772
773
774
775
776
777
778
779
780
781
782
783
784
785
786
787
788
789
790
791
792
793
794
795
796
797
798
799
800
801
802
803
804
805
806
807
808
809
810
811
812
813
814
815
816
817
818
819
820
821
822
823
824
825
826
827
828
829
830
831
832
833
834
835
836
837
838
839
840
841
842
843
844
845
846
847
848
849
850
851
852
853
854
855
856
857
858
859
860
861
862
863
864
865
866
867
868
869
870
871
872
873
874
875
876
877
878
879
880
881
882
883
884
885
886
887
888
889
890
891
892
893
894
895
896
897
898
899
900
901
902
903
904
905
906
907
908
909
910
911
912
913
914
915
916
917
918
919
920
921
922
923
924
925
926
927
928
929
930
931
932
933
934
935
936
937
938
939
940
941
942
943
944
945
946
947
948
949
950
951
952
953
954
955
956
957
958
959
960
961
962
963
964
965
966
967
968
969
970
971
972
973
974
975
976
977
978
979
980
981
982
983
984
985
986
987
988
989
990
991
992
993
994
995
996
997
998
999
1000
1001
1002
1003
1004
1005
1006
1007
1008
1009
1010
1011
1012
1013
1014
1015
1016
1017
1018
1019
1020
1021
1022
1023
1024
1025
1026
1027
1028
1029
1030
1031
1032
1033
1034
1035
1036
1037
1038
1039
1040
1041
1042
1043
1044
1045
1046
1047
1048
1049
1050
1051
1052
1053
1054
1055
1056
1057
1058
1059
1060
1061
1062
1063
1064
1065
1066
1067
1068
1069
1070
1071
1072
1073
1074
1075
1076
1077
1078
1079
1080
1081
1082
1083
1084
1085
1086
1087
1088
1089
1090
1091
1092
1093
1094
1095
1096
1097
1098
1099
1100
1101
1102
1103
1104
1105
1106
1107
1108
1109
1110
1111
1112
1113
1114
1115
1116
1117
1118
1119
1120
1121
1122
1123
1124
1125
1126
1127
1128
1129
1130
1131
1132
1133
1134
1135
1136
1137
1138
1139
1140
1141
1142
1143
1144
1145
1146
1147
1148
1149
1150
1151
1152
1153
1154
1155
1156
1157
1158
1159
1160
1161
1162
1163
1164
1165
1166
1167
1168
1169
1170
1171
1172
1173
1174
1175
1176
1177
1178
1179
1180
1181
1182
1183
1184
1185
1186
1187
1188
1189
1190
1191
1192
1193
1194
1195
1196
1197
1198
1199
1200
1201
1202
1203
1204
1205
1206
1207
1208
1209
1210
1211
1212
1213
1214
1215
1216
1217
1218
1219
1220
1221
1222
1223
1224
1225
1226
1227
1228
1229
1230
1231
1232
1233
1234
1235
1236
1237
1238
1239
1240
1241
1242
1243
1244
1245
1246
1247
1248
1249
1250
1251
1252
1253
1254
1255
1256
1257
1258
1259
1260
1261
1262
1263
1264
1265
1266
1267
1268
1269
1270
1271
1272
1273
1274
1275
1276
1277
1278
1279
1280
1281
1282
1283
1284
1285
1286
1287
1288
1289
1290
1291
1292
1293
1294
1295
1296
1297
1298
1299
1300
1301
1302
1303
1304
1305
1306
1307
1308
1309
1310
1311
1312
1313
1314
1315
1316
1317
1318
1319
1320
1321
1322
1323
1324
1325
1326
1327
1328
1329
1330
1331
1332
1333
1334
1335
1336
1337
1338
1339
1340
1341
1342
1343
1344
1345
1346
1347
1348
1349
1350
1351
1352
1353
1354
1355
1356
1357
1358
1359
1360
1361
1362
1363
1364
1365
1366
1367
1368
1369
1370
1371
1372
1373
1374
1375
1376
1377
1378
1379
1380
1381
1382
1383
1384
1385
1386
1387
1388
1389
1390
1391
1392
1393
1394
1395
1396
1397
1398
1399
1400
1401
1402
1403
1404
1405
1406
1407
1408
1409
1410
1411
1412
1413
1414
1415
1416
1417
1418
1419
1420
1421
1422
1423
1424
1425
1426
1427
1428
1429
1430
1431
1432
1433
1434
1435
1436
1437
1438
1439
1440
1441
1442
1443
1444
1445
1446
1447
1448
1449
1450
1451
1452
1453
1454
1455
1456
1457
1458
1459
1460
1461
1462
1463
1464
1465
1466
1467
1468
1469
1470
1471
1472
1473
1474
1475
1476
1477
1478
1479
1480
1481
1482
1483
1484
1485
1486
1487
1488
1489
1490
1491
1492
1493
1494
1495
1496
1497
1498
1499
1500
1501
1502
1503
1504
1505
1506
1507
1508
1509
1510
1511
1512
1513
1514
1515
1516
1517
1518
1519
1520
1521
1522
1523
1524
1525
1526
1527
1528
1529
1530
1531
1532
1533
1534
1535
1536
1537
1538
1539
1540
1541
1542
1543
1544
1545
1546
1547
1548
1549
1550
1551
1552
1553
1554
1555
1556
1557
1558
1559
1560
1561
1562
1563
1564
1565
1566
1567
1568
1569
1570
1571
1572
1573
1574
1575
1576
1577
1578
1579
1580
1581
1582
1583
1584
1585
1586
1587
1588
1589
1590
1591
1592
1593
1594
1595
1596
1597
1598
1599
1600
1601
1602
1603
1604
1605
1606
1607
1608
1609
1610
1611
1612
1613
1614
1615
1616
1617
1618
1619
1620
1621
1622
1623
1624
1625
1626
1627
1628
1629
1630
1631
1632
1633
1634
1635
1636
1637
1638
1639
1640
1641
1642
1643
1644
1645
1646
1647
1648
1649
1650
1651
1652
1653
1654
1655
1656
1657
1658
1659
1660
1661
1662
1663
1664
1665
1666
1667
1668
1669
1670
1671
1672
1673
1674
1675
1676
1677
1678
1679
1680
1681
1682
1683
1684
1685
1686
1687
1688
1689
1690
1691
1692
1693
1694
1695
1696
1697
1698
1699
1700
1701
1702
1703
1704
1705
1706
1707
1708
1709
1710
1711
1712
1713
1714
1715
1716
1717
1718
1719
1720
1721
1722
1723
1724
1725
1726
1727
1728
1729
1730
1731
1732
1733
1734
1735
1736
1737
1738
1739
1740
1741
1742
1743
1744
1745
1746
1747
1748
1749
1750
1751
1752
1753
1754
1755
1756
1757
1758
1759
1760
1761
1762
1763
1764
1765
1766
1767
1768
1769
1770
1771
1772
1773
1774
1775
1776
1777
1778
1779
1780
1781
1782
1783
1784
1785
1786
1787
1788
1789
1790
1791
1792
1793
1794
1795
1796
1797
1798
1799
1800
1801
1802
1803
1804
1805
1806
1807
1808
1809
1810
1811
1812
1813
1814
1815
1816
1817
1818
1819
1820
1821
1822
1823
1824
1825
1826
1827
1828
1829
1830
1831
1832
1833
1834
1835
1836
1837
1838
1839
1840
1841
1842
1843
1844
1845
1846
1847
1848
1849
1850
1851
1852
1853
1854
1855
1856
1857
1858
1859
1860
1861
1862
1863
1864
1865
1866
1867
1868
1869
1870
1871
1872
1873
1874
1875
1876
1877
1878
1879
1880
1881
1882
1883
1884
1885
1886
1887
1888
1889
1890
1891
1892
1893
1894
1895
1896
1897
1898
1899
1900
1901
1902
1903
1904
1905
1906
1907
1908
1909
1910
1911
1912
1913
1914
1915
1916
1917
1918
1919
1920
1921
1922
1923
1924
1925
1926
1927
1928
1929
1930
1931
1932
1933
1934
1935
1936
1937
1938
1939
1940
1941
1942
1943
1944
1945
1946
1947
1948
1949
1950
1951
1952
1953
1954
1955
1956
1957
1958
1959
1960
1961
1962
1963
1964
1965
1966
1967
1968
1969
1970
1971
1972
1973
1974
1975
1976
1977
1978
1979
1980
1981
1982
1983
1984
1985
1986
1987
1988
1989
1990
1991
1992
1993
1994
1995
1996
1997
1998
1999
2000
2001
2002
2003
2004
2005
2006
2007
2008
2009
2010
2011
2012
2013
2014
2015
2016
2017
2018
2019
2020
2021
2022
2023
2024
2025
2026
2027
2028
2029
2030
2031
2032
2033
2034
2035
2036
2037
2038
2039
2040
2041
2042
2043
2044
2045
2046
2047
2048
2049
2050
2051
2052
2053
2054
2055
2056
2057
2058
2059
2060
2061
2062
2063
2064
2065
2066
2067
2068
2069
2070
2071
2072
2073
2074
2075
2076
2077
2078
2079
2080
2081
2082
2083
2084
2085
2086
2087
2088
2089
2090
2091
2092
2093
2094
2095
2096
2097
2098
2099
2100
2101
2102
2103
2104
2105
2106
2107
2108
2109
2110
2111
2112
2113
2114
2115
2116
2117
2118
2119
2120
2121
2122
2123
2124
2125
2126
2127
2128
2129
2130
2131
2132
2133
2134
2135
2136
2137
2138
2139
2140
2141
2142
2143
2144
2145
2146
2147
2148
2149
2150
2151
2152
2153
2154
2155
2156
2157
2158
2159
2160
2161
2162
2163
2164
2165
2166
2167
2168
2169
2170
2171
2172
2173
2174
2175
2176
2177
2178
2179
2180
2181
2182
2183
2184
2185
2186
2187
2188
2189
2190
2191
2192
2193
2194
2195
2196
2197
2198
2199
2200
2201
2202
2203
2204
2205
2206
2207
2208
2209
2210
2211
2212
2213
2214
2215
2216
2217
2218
2219
2220
2221
2222
2223
2224
2225
2226
2227
2228
2229
2230
2231
2232
2233
2234
2235
2236
2237
2238
2239
2240
2241
2242
2243
2244
2245
2246
2247
2248
2249
2250
2251
2252
2253
2254
2255
2256
2257
2258
2259
2260
2261
2262
2263
2264
2265
2266
2267
2268
2269
2270
2271
2272
2273
2274
2275
2276
2277
2278
2279
2280
2281
2282
2283
2284
2285
2286
2287
2288
2289
2290
2291
2292
2293
2294
2295
2296
2297
2298
2299
2300
2301
2302
2303
2304
2305
2306
2307
2308
2309
2310
2311
2312
2313
2314
2315
2316
2317
2318
2319
2320
2321
2322
2323
2324
2325
2326
2327
2328
2329
2330
2331
2332
2333
2334
2335
2336
2337
2338
2339
2340
2341
2342
2343
2344
2345
2346
2347
2348
2349
2350
2351
2352
2353
2354
2355
2356
2357
2358
2359
2360
2361
2362
2363
2364
2365
2366
2367
2368
2369
2370
2371
2372
2373
2374
2375
2376
2377
2378
2379
2380
2381
2382
2383
2384
2385
2386
2387
2388
2389
2390
2391
2392
2393
2394
2395
2396
2397
2398
2399
2400
2401
2402
2403
2404
2405
2406
2407
2408
2409
2410
2411
2412
2413
2414
2415
2416
2417
2418
2419
2420
2421
2422
2423
2424
2425
2426
2427
2428
2429
2430
2431
2432
2433
2434
2435
2436
2437
2438
2439
2440
2441
2442
2443
2444
2445
2446
2447
2448
2449
2450
2451
2452
2453
2454
2455
2456
2457
2458
2459
2460
2461
2462
2463
2464
2465
2466
2467
2468
2469
2470
2471
2472
2473
2474
2475
2476
2477
2478
2479
2480
2481
2482
2483
2484
2485
2486
2487
2488
2489
2490
2491
2492
2493
2494
2495
2496
2497
2498
2499
2500
2501
2502
2503
2504
2505
2506
2507
2508
2509
2510
2511
2512
2513
2514
2515
2516
2517
2518
2519
2520
2521
2522
2523
2524
2525
2526
2527
2528
2529
2530
2531
2532
2533
2534
2535
2536
2537
2538
2539
2540
2541
2542
2543
2544
2545
2546
2547
2548
2549
2550
2551
2552
2553
2554
2555
2556
2557
2558
2559
2560
2561
2562
2563
2564
2565
2566
2567
2568
2569
2570
2571
2572
2573
2574
2575
2576
2577
2578
2579
2580
2581
2582
2583
2584
2585
2586
2587
2588
2589
2590
2591
2592
2593
2594
2595
2596
2597
2598
2599
2600
2601
2602
2603
2604
2605
2606
2607
2608
2609
2610
2611
2612
2613
2614
2615
2616
2617
2618
2619
2620
2621
2622
2623
2624
2625
2626
2627
2628
2629
2630
2631
2632
2633
2634
2635
2636
2637
2638
2639
2640
2641
2642
2643
2644
2645
2646
2647
2648
2649
2650
2651
2652
2653
2654
2655
2656
2657
2658
2659
2660
2661
2662
2663
2664
2665
2666
2667
2668
2669
2670
2671
2672
2673
2674
2675
2676
2677
2678
2679
2680
2681
2682
2683
2684
2685
2686
2687
2688
2689
2690
2691
2692
2693
2694
2695
-0.3707461680592251 -0.9024353381483798 0
-0.688706200196786 0.688706200196786 0
0.9746494634585514 0.002041921002875687 0
0.3182439289481963 0.9205179314204618 0
-0.9745442344337991 -0.05877712895324732 0
0.6452646286258427 -0.7308378598455646 0
0.7509149734792884 0.6283253367037243 0
0.1056108932280242 -0.9686432084950676 0
-0.1101706779655704 0.9724585363905566 0
-0.856274044797265 -0.4739282049939539 0
-0.9413258767913506 0.2699681367996963 0
0.8546745654326867 -0.4764196501522871 0
0.9522114997676211 -0.2529521435562418 0
-0.144481692141608 -0.9690765651577614 0
0.5507226695835891 0.8085875798345012 0
0.9508459327489509 0.253293563964864 0
-0.5102792697346595 0.8430599946627528 0
-0.84769668953368 0.4890175464975368 0
-0.5780915556145027 -0.7895036965945749 0
0.3749900629692524 -0.9006258821554978 0
-0.9443544022177379 -0.2698020516909588 0
0.1069333431076741 0.9715325402338798 0
-0.2672940520254965 0.9414014097884024 0
-0.767224159916808 -0.6072984309947854 0
0.8552054058799042 0.4712905823760882 0
0.7839127773890482 -0.5899995394648825 0
-0.9705806239519847 0.1289856936227005 0
0.5262235435580677 -0.8289079868495202 0
0.2404426331365196 -0.9521573317573868 0
0.9679637215228716 0.1465899105227804 0
-0.787083272282918 0.5794163001817748 0
0.9696275944383478 -0.1432892525548986 0
-0.2441081375570252 -0.9527072494345195 0
-0.4953453866630226 -0.8495244887364696 0
-0.5916767641486125 0.7764013874255219 0
0.4532155973127822 0.8623827648456717 0
0.6455716120894972 0.7295012246378747 0
-0.02753226210356412 -0.9734057318367049 0
-0.39681785604015 0.8899382989648483 0
-0.6640666562095825 -0.710343071914649 0
-0.9609510597254666 -0.1797974136546107 0
0.2016288993966518 0.9566085072131016 0
-0.8955399837929656 0.3673704673947549 0
0.8998380148578563 -0.3727251096930069 0
-0.0007063928256941385 0.972064180848121 0
-0.8980683379895014 -0.3708073082166272 0
0.8981118215199938 0.3719806849054909 0
0.8091129752787182 0.5488611626224654 0
-0.1813624898762837 0.9621646325777956 0
0.8235275347532665 -0.5346211077042163 0
-0.8183158062045754 -0.5366565372025716 0
-0.9586742214566022 0.1998397296436352 0
0.5855208655223637 -0.7881513938064055 0
0.4542146973204169 -0.8672519757631327 0
0.7303919849279328 -0.6454946970270009 0
-0.9724722017503198 0.05697534121846898 0
0.182736774767882 -0.9606862758249305 0
0.9744487491413787 -0.08227521587072115 0
0.2976004776665993 -0.931222070343237 0
0.9758631032251703 0.08663175372467717 0
-0.7470849939414542 0.6268063497676055 0
-0.5356835407979522 -0.8206781729248553 0
-0.8185909418675046 0.5375049308329087 0
0.2541106597287067 0.9503791735508031 0
-0.2041962430959573 -0.9582642445860443 0
0.9588930925080063 -0.2012378790646474 0
0.5957600865219123 0.779866590633093 0
0.9612488977794391 0.1970650257268655 0
-0.5514253201450382 0.8081777452557213 0
-0.9739419519182478 -0.1304155448011024 0
0.502545962769825 0.8465128314501978 0
0.06050169309838888 -0.97241440598323 0
-0.3173385723884413 0.9203267429973173 0
-0.7302952796410507 -0.6451145268253652 0
0.7130212020778487 0.6684017567280792 0
0.3955626381976722 0.8888904581502497 0
-0.08531985520728363 -0.9700478928572444 0
-0.4549084959056496 0.864720419287155 0
-0.629515071060496 -0.7529138745954677 0
-0.3167898711889537 -0.9166044853327981 0
0.9203089230430265 -0.3174928060881887 0
-0.425745571392221 -0.8722757895191826 0
0.8756723024737536 -0.4282451034764603 0
-0.646236974136279 0.7279532734865335 0
-0.920692120304643 -0.3173728599910746 0
0.6873803042890493 -0.686038236823475 0
0.05824790924838001 0.9722343552082405 0
-0.9207539144356792 0.3188897965887777 0
-0.8759369117419415 0.4258720312805023 0
0.9196547062774516 0.3217092762806976 0
0.8751616328857643 0.4246241606929076 0
-0.9660140683616985 0.003479720314934113 0
-0.8740106662961433 -0.4292160776267605 0
-0.06146528295808981 0.9740623667466682 0
0.7827886580460415 0.5961111719570353 0
0.6076020522743251 -0.7665514862080036 0
0.5787921409671291 -0.7555987330062919 0
-0.7857886540741432 -0.5857128106267493 0
-0.7570498670884187 -0.5801975260092802 0
0.8042713643275459 -0.5628415448695674 0
0.784404123024783 -0.5329527717122827 0
0.8417752624198668 -0.5033301299728613 0
0.8237541542385192 -0.4765847050112959 0
-0.9527602747462289 -0.2190935822887117 0
-0.9355500749029619 -0.1953013806457843 0
-0.8392528335477955 -0.5067944404203817 0
-0.8229014466667568 -0.480948462776098 0
0.1621894957798744 0.9640792013072781 0
0.1779362521981288 0.9391164738703786 0
0.8269187727108953 0.5253741070758084 0
0.7971243570997708 0.5223388898656459 0
0.4962427113233348 -0.846298877715285 0
0.4902655613359149 -0.8171948237711026 0
-0.2398213008484011 0.950321592008127 0
-0.2465369601673985 0.9203560163754292 0
-0.9508579665282216 0.2348790565166082 0
-0.9295066512879405 0.2117505282439646 0
-0.1468886324524903 0.9694635672992181 0
-0.1313042943731722 0.9506944150496874 0
-0.9653525833912582 0.1645799776445056 0
-0.945426532210101 0.143523529854598 0
0.5568562876798039 -0.8080106056156374 0
0.1469643099887645 -0.9690150289691626 0
0.1571074707874313 -0.9439872753722789 0
-0.9491405439379147 0.1071655279590726 0
-0.9150021042296961 0.1212132525167566 0
-0.9185988724593172 0.08523359342096337 0
-0.8858761768278621 0.09911018772188039 0
-0.8908237069563756 0.06286876898621307 0
-0.8568940311887079 0.07666019448756109 0
-0.8621168700422885 0.04030404991262491 0
-0.8276701497399174 0.05397984476672399 0
-0.8225061411443824 0.09083829530333012 0
-0.7929483829828966 0.06794911111042773 0
-0.787407754797071 0.1048768018769777 0
-0.7576875016362568 0.08172364518112094 0
-0.7520244223499445 0.1193461406270245 0
-0.7218737278649895 0.09596749223000868 0
-0.7164401969556811 0.134498775710264 0
-0.685567172003519 0.1107134271046373 0
-0.691174029704592 0.07158915565722548 0
-0.6543865870742185 0.08648773517870226 0
-0.648857405646319 0.1258638996843329 0
-0.617222894198092 0.1013663464886269 0
-0.611682854285801 0.1412283576300964 0
-0.5795645763375806 0.1164494984994587 0
-0.585348148635447 0.07626179081080942 0
-0.5471401826308743 0.09107416936802544 0
-0.5414203788811772 0.1321092072294869 0
-0.5085424034089591 0.1066454916937106 0
-0.5143884449933696 0.06506201033970778 0
-0.4752349563364011 0.08098405248756232 0
-0.4812225442696254 0.03878229268117048 0
-0.4414479611681401 0.05496585194055056 0
-0.4471656347903626 0.0112957174570943 0
-0.4068696240960194 0.02712007504736006 0
-0.4011994277346215 0.07134507700039064 0
-0.3668649422654323 0.04454049912890817 0
-0.3728653990681379 -0.0006301875257931324 0
-0.3317954470230988 0.01716909161712928 0
-0.3257384488724157 0.05923267093674272 0
-0.2894429281056194 0.03246285840298997 0
-0.2964424992982586 -0.01115563039304532 0
-0.2539954113404842 0.00540300770205484 0
-0.2477618407778968 0.05148542232085958 0
-0.2111216568342647 0.0233202000142941 0
-0.2177523316944348 -0.02310574508959652 0
-0.1743837915913567 -0.005460589666386288 0
-0.1677658593654612 0.04122088739825795 0
-0.1303680622419733 0.01206794341125551 0
-0.1237154179235886 0.05937394118256695 0
-0.08601639005317854 0.02979653864843291 0
-0.1811132622404024 -0.05192580368612288 0
-0.0792557980124101 0.07755022095954234 0
-0.04100007289149186 0.0477205092659962 0
-0.03392444465016684 0.0957997378177457 0
0.004179568425045975 0.06589693895970844 0
0.01127804301602053 0.113962512801759 0
0.0494198521447254 0.08399229586242182 0
0.04253473552224806 0.03586960038668741 0
0.08776782551363412 0.05397384356474248 0
0.08110928317416528 0.006070895517903474 0
0.1259050660472348 0.02419268875684459 0
0.1194341236686146 -0.02348975660440501 0
0.05601436376303939 0.131979550659427 0
-0.07031306857326773 0.1263538486140862 0
0.1637645015380385 -0.005537698197844025 0
0.1572234766587807 -0.05294598755134141 0
0.2011700488337941 -0.03511743035026922 0
0.2078277436581512 0.01197223434086493 0
0.1947660556592361 -0.08176143362402044 0
0.2380328698358314 -0.06427317596058679 0
0.2318381216271195 -0.1101956856384001 0
0.2744366446969373 -0.09295243784073993 0
0.2681388501432074 -0.1384775396414381 0
0.2258615208485187 -0.1557350396655127 0
0.2619553365600575 -0.1837509382965071 0
0.2200684279685867 -0.2009940939657992 0
0.3102523592335878 -0.1216953636497182 0
0.2560050967013306 -0.2285944446056556 0
0.2143073678727035 -0.245867209142331 0
0.2499123091653837 -0.2731465456479634 0
0.208541060087015 -0.2903227042650345 0
0.2439586570241696 -0.317541496339543 0
0.2030062655508089 -0.3343542549473834 0
0.2842615275257371 -0.3018786753254353 0
0.2377056538866936 -0.3613295267757328 0
0.197366750844587 -0.3779929697539644 0
0.2311505135413527 -0.4025154831372772 0
0.1914653604363373 -0.4199997348848543 0
0.1573220819392234 -0.3945248791731722 0
0.1510649278681484 -0.4357038003825238 0
0.1172823322312638 -0.4111312717329429 0
0.1111055537222122 -0.4523995104103349 0
0.07737117062966999 -0.4278668985258702 0
0.07121609371383823 -0.4690549035527133 0
0.03774738651110345 -0.444597668435014 0
0.03232801464478516 -0.4871059788533369 0
-0.001957166313434571 -0.4592647769644236 0
-0.007611768687749361 -0.5023582650460946 0
-0.04134381243807169 -0.4783799690222186 0
-0.04722329441831538 -0.5190844934193273 0
-0.08053244598147498 -0.4946894095605754 0
0.1466448401770779 -0.4768416536448745 0
-0.08590453574783874 -0.5365090545393382 0
-0.1193269747500175 -0.5113034149080464 0
-0.05507583267631808 -0.5606472446712309 0
-0.1245131455551836 -0.5526457098107939 0
-0.1580965009820933 -0.5276179445169273 0
-0.1520312561381824 -0.4879948924917527 0
-0.1912992154878462 -0.5028318665448817 0
-0.4851101627370323 -0.0113988219321955 0
0.3166980453273596 -0.07628752278145345 0
0.3521136155442882 -0.1045679296601889 0
0.3585960391884717 -0.05917209528809956 0
0.3926183682662776 -0.08490355230312768 0
0.3998308996908091 -0.04236566975670353 0
0.4332776761762505 -0.06772157727750591 0
0.4404772144842057 -0.02678210811041386 0
0.4744319267603969 -0.05380435546984964 0
0.4807352759669707 -0.01145119977911498 0
0.4633370305179094 -0.09958362421702059 0
0.5085035155402394 -0.08075616527648621 0
0.5025456563897941 -0.1229797863812697 0
0.4470034238249159 0.01544095481085974 0
0.4861723963476254 0.03130746461889003 0
0.4534217802082854 0.05791067271575311 0
0.4922751880186306 0.07379330322382492 0
0.4597769012231516 0.1002931768402777 0
0.49854336599127 0.1160815913730125 0
0.4661154169754966 0.1424255434606043 0
0.5046514596190964 0.158161096423924 0
0.4724653178927978 0.1844127200419558 0
0.5328008042857786 0.08949875832477477 0
0.5415416213220504 -0.1071094557310865 0
0.535851372228445 -0.1485024063289153 0
0.5114337998314129 0.1998884064472215 0
0.4787819592867475 0.226060475538191 0
-0.1965936542519541 -0.5439431572563539 0
-0.2296865994113719 -0.5190201057204826 0
-0.2248900864799339 -0.4775629456586339 0
-0.2631489160216079 -0.4941222922772435 0
-0.2584901724458165 -0.4525711945414441 0
-0.2968854327894199 -0.4691504588052338 0
-0.2920863793618459 -0.4275100565775892 0
-0.3304831839540964 -0.4442369641105524 0
0.517346792464265 0.2420576093051053 0
0.4846636675525474 0.2689589942339118 0
0.5501467262498103 0.2155737287907158 0
0.445908416813707 0.2523816310349379 0
0.4522299373554017 0.2946239239783823 0
-0.3352112904281633 -0.4855358468731088 0
-0.368493898074056 -0.4607011892251157 0
-0.3639685075426101 -0.4195907684839955 0
-0.4017944675288806 -0.4362521122028406 0
0.5743109442957117 -0.132977930881152 0
0.5687322974299654 -0.1737839382584284 0
0.4129897150966986 0.2786060572775423 0
0.4194731752222782 0.3200912583346452 0
0.4584318250930762 0.3364365215747984 0
0.4259041077398758 0.3616561963338451 0
0.3869683180269999 0.346453169055349 0
0.3933969384875466 0.3878819574711375 0
0.3543126399281279 0.3728295868025587 0
0.3607980743960947 0.4142995837569244 0
0.3218142709283268 0.3992146171477916 0
0.3282416959026839 0.4406993592119787 0
0.290155051465902 0.4268213155257709 0
0.2954660775594982 0.4675609797628957 0
0.2575098389254289 0.4535424626237404 0
0.2630349153894846 0.493641114275129 0
0.2249049899686512 0.4798338527950441 0
0.2304377227814021 0.5201169772722919 0
0.1919299213720544 0.5055545750021461 0
0.1980417694070126 0.5461800252419531 0
0.1600550244721524 0.5322714773747844 0
0.3347300222864462 0.4820858852453285 0
0.1659358465860687 0.572238640813279 0
0.1271902931092628 0.5575338956982943 0
0.1210489565603474 0.5193758275828917 0
0.08893069949128067 0.5440404729696536 0
0.09489415561183219 0.5837895556216025 0
0.05626409631086505 0.5694167963571901 0
0.05053698542626522 0.521805963685537 0
0.01732665227102783 0.5536784426312722 0
0.01000208071998484 0.513460916397074 0
-0.0223236631289284 0.5399290871892097 0
-0.8001453698538464 0.03004448348756232 0
-0.5030082441561603 0.1481030033069052 0
-0.02937582861231755 0.4985819266221608 0
-0.06019976682713066 0.5251147486215298 0
-0.0686691289741352 0.4837381191405205 0
-0.1033743823349562 0.5138376734317125 0
-0.108887599866798 0.4693867466476451 0
-0.1431963589495059 0.4947550494114174 0
-0.1488679392105912 0.4538810199958097 0
-0.1814901763423314 0.4809890098443505 0
-0.1754308815815164 0.5254743661115795 0
-0.214971940700722 0.5071094951077366 0
-0.2211040068855363 0.4665622620724406 0
-0.2531256427183915 0.4935837718139059 0
-0.05115861260856151 0.5663937312764602 0
-0.2485825541701742 0.5327657697493224 0
-0.2851981858906709 0.5200385518663261 0
0.4321136171832108 0.4028434296980675 0
-0.3973332761883102 -0.3951041738594118 0
-0.4350737414633791 -0.4118180185714751 0
0.06311333004377595 0.6099049204612405 0
0.2366526569948469 0.5609234053999494 0
-0.2914800248544853 0.4803173805883115 0
-0.3224817541126477 0.5075639482328246 0
-0.2345241014233661 -0.5601289037866098 0
0.04394453376215313 -0.4009416946056136 0
0.6068552557586011 -0.1587086463485612 0
0.6013315531670631 -0.1994868617558236 0
-0.3730340822633346 -0.5015950800075311 0
0.5558394610431652 0.2572224561349362 0
0.5882223936744251 0.2311820149437808 0
-0.4306578861791218 -0.3705943745912519 0
-0.4682795292028093 -0.3873430848879131 0
-0.2533672502719704 -0.4106747329295776 0
-0.3161745036901404 0.5468714338010405 0
-0.3544664530008475 0.5330541151797534 0
-0.3578738216160099 0.4936414423394774 0
-0.39218748540929 0.5193144420698254 0
-0.3937337079101439 0.4725084848612245 0
-0.4309931370162466 0.5057380050693634 0
-0.4370330844714723 0.4650494099040808 0
-0.4127292611633674 0.4319209062967669 0
-0.4726734436001049 -0.4281083318756647 0
-0.5056652561342084 -0.4038283461355405 0
-0.5012939349506006 -0.3634079885468915 0
0.6124721153734479 -0.1179429269275841 0
-0.5391057269425286 -0.380955905877666 0
-0.5342359693610021 -0.3399231318496582 0
0.6445513177932979 -0.1434388846303151 0
0.6502436567569758 -0.1031965687401965 0
-0.4689036984171304 0.4922010139642127 0
-0.4763808290866531 0.4544722866228131 0
0.5936791874757984 0.2724753532528211 0
0.6258795387133227 0.2462508170711497 0
-0.5717483716717339 -0.3573708515170963 0
-0.5671486038422683 -0.3167920664892898 0
0.5634634099218949 -0.214425223792637 0
0.5957420058864693 -0.2395425993691085 0
0.5581350652581903 -0.2547753678503082 0
0.5901967644419722 -0.2795280558146211 0
0.553390805871399 -0.2941171922369347 0
-0.3473077603426373 0.572727482678781 0
0.58487027127711 -0.3193374689261811 0
0.5425136228365403 -0.3354461448023486 0
-0.6044986110504693 -0.3339601486059878 0
-0.5997934002061107 -0.2936387764431877 0
-0.5309518390948025 -0.3007873725683108 0
0.217039576315267 0.4440305684726084 0
0.111804192812157 -0.07050337429554315 0
-0.5065849908143546 0.4787336568582768 0
-0.5144085189898554 0.441553145933079 0
-0.0008775244866603098 0.474209295146503 0
-0.5099807318109958 -0.4439909918158709 0
0.3159727586763488 0.3595509119623062 0
0.5785275158032253 -0.3593693885057445 0
0.5426124899024828 -0.3761835810252352 0
0.6274869696159066 -0.2644825520223442 0
-0.3929594978468717 -0.3537690749282378 0
0.5740005656688795 -0.3990969532524643 0
0.5372676108200209 -0.4144269112372198 0
0.6817971747623522 -0.128274680029823 0
0.6874496753029943 -0.0883783387933859 0
-0.4610618734204041 0.5321201197413095 0
0.6313055838681847 0.286721965074575 0
-0.6368065915240743 -0.3106732434430741 0
-0.6315810351213191 -0.2697361195147028 0
-0.544020611502069 0.4655814210049859 0
-0.5512945599184038 0.4269624535847498 0
0.662822304067785 0.261184869976865 0
0.6572138254301622 0.2217975811441067 0
0.5686033146252512 -0.4383286046325717 0
0.5320845101611187 -0.4534531666757112 0
-0.115610514269328 0.4267145303315049 0
0.6938802315534924 0.2366192985039997 0
0.6883862248364874 0.1976562032007725 0
-0.5810940680719803 0.45209533468184 0
-0.5883078413088346 0.413741913893414 0
-0.6676951324338518 -0.2859733250578048 0
-0.6633731190689057 -0.2463124361963852 0
0.7185627857384835 -0.1132808432781846 0
0.7240970330672734 -0.07398154054267636 0
-0.7463520060338962 0.1570031883431071 0
0.6684102015993469 0.300554409753452 0
0.6375682951384103 0.3265542811223477 0
-0.6113519258003752 -0.377690939109442 0
-0.6271881998977644 -0.2305312662024203 0
-0.6593367592088359 -0.2068443536742964 0
0.5633290148651865 -0.4772732594343392 0
0.5270449572367031 -0.4923644854768312 0
0.4964743196041938 -0.470388979187985 0
0.4908411520038522 -0.5078748755683028 0
0.4271386559782887 0.1290148847488854 0
-0.523356796310543 0.4034391251314374 0
0.724637529578526 0.2122541781019528 0
0.7192127226144144 0.1737041487117881 0
-0.6991149897244124 -0.2625159276317032 0
0.6082775136844195 -0.3832137133556892 0
-0.6179806795907554 0.4387418514753058 0
-0.6250316907568783 0.4006445145756422 0
0.5219586667876674 -0.5312972850540818 0
0.4858335291657579 -0.5465202935643113 0
0.4544976956259576 -0.5229067356674206 0
0.4496067564868805 -0.5621644091904681 0
0.4181825186645293 -0.5382303399073273 0
0.4133741355172947 -0.5773712342376693 0
-0.5738586009606294 0.490545513776374 0
0.3818044457774611 -0.553569037482694 0
0.3770543018410076 -0.592834414167015 0
0.17285470366431 -0.2632174055782681 0
0.7546756712534952 -0.09832443487182968 0
0.7495454868533373 -0.1371295724188217 0
0.7601087093288232 -0.05995094387214469 0
0.6741048951937314 0.3394837076576244 0
0.6439215677447436 0.3632279473605436 0
0.5250846961701354 -0.270550040257822 0
0.6933726006428564 -0.05011908883455123 0
0.4084305769278444 -0.6163885415655499 0
0.3722893491095255 -0.631859027703746 0
0.3408821012100412 -0.6083899152505821 0
0.3362193969879741 -0.6473874134904736 0
0.3048184467174108 -0.6239608183661525 0
0.300254006038789 -0.6628996806108102 0
0.268991427520361 -0.6401748177333213 0
0.2641203620601985 -0.6785845671827079 0
0.23274502946805 -0.6554777790715015 0
0.228053026956622 -0.6941168339433235 0
0.196811155058593 -0.6713778437808799 0
0.1919171638085109 -0.7096814905179896 0
0.1607517825908998 -0.6868944941612887 0
0.1558930250991008 -0.7251744140878009 0
0.1248046472698298 -0.7024341111081343 0
0.1199593502978217 -0.7406145597690144 0
0.08888597721712385 -0.7177373801411371 0
0.08407395954705957 -0.7559708738455455 0
0.05317286379839374 -0.7331672612814435 0
0.04839129273258038 -0.7712585130459884 0
0.01744665339959702 -0.7481622810811857 0
0.3314114629500381 -0.6856338212110075 0
0.1872011695544746 -0.7477726973403014 0
-0.7033299805787364 -0.301159300611118 0
0.7557758324171298 0.1892957537854801 0
0.749873932667477 0.1501824150578908 0
-0.6228684445322072 -0.1908821026757003 0
-0.6554269766379702 -0.1671240684574611 0
-0.6545547089231762 0.4255257417972029 0
-0.6615782816895879 0.387643727919292 0
-0.6321479495449209 0.362475911955367 0
-0.6688007020476231 0.3496171631864891 0
0.01206156406334179 -0.7843131487072182 0
-0.01800937955984832 -0.7631269946659547 0
0.7141614335519664 0.1356338814105562 0
-0.7344204259445715 -0.2783795852790461 0
0.5169218238813015 -0.570134942495243 0
0.7606474699399961 0.2289685018385325 0
0.3865764272131417 -0.5140317156437144 0
-0.02233354539420952 -0.8016351082319051 0
-0.05309575777342796 -0.780495739819786 0
0.7850883613362043 -0.1222340710514873 0
0.7799803936893996 -0.1600835505626571 0
0.7857071979176524 0.1647971808011194 0
0.7800540699706771 0.126378882454783 0
-0.6905892016003891 0.4127561418440929 0
0.6800335120589206 0.377237418533715 0
0.6499119260511107 0.4014070544887446 0
0.7102114104605546 0.3533169473205547 0
0.09621944736999358 -0.678856441893422 0
-0.7385657090791677 -0.3163074708834449 0
-0.6838045226138567 0.4500833579035895 0
-0.6188979951733778 -0.1507106868621984 0
-0.6515071617958783 -0.1273577399334274 0
-0.6878060828896968 -0.1437019699638675 0
-0.586000540789288 -0.174625096921098 0
-0.6393646532421979 0.3242758875905138 0
-0.04876622837448972 -0.7408456189948966 0
-0.08400889572719984 -0.7562869478823864 0
-0.08738476002819591 -0.799304254443682 0
-0.1185293267666784 -0.7736043184438712 0
-0.1149099655092223 -0.7335235203782433 0
-0.150094652016438 -0.7492484734255325 0
-0.1536116121863966 -0.788575903876466 0
-0.1850364586036546 -0.7648552032208957 0
-0.6841961787290785 -0.1046618890588249 0
-0.7200287890311704 -0.1205564687962284 0
0.03957928942276903 -0.812665401032305 0
0.2746505508173982 -0.6015215906959914 0
0.01795643591062006 0.1618170961278658 0
0.06234772605009422 0.1793077480236369 0
0.02517920145367259 0.2087303702778004 0
0.0687015403041063 0.2262449081167541 0
0.1057496490176463 0.1973194330982144 0
0.03203683196822043 0.2548591994641213 0
0.1120828971027661 0.2434368132517013 0
0.1485380730487902 0.2151769746177414 0
-0.01127294792991329 0.2378435743640048 0
0.1184161904946693 -0.782799063966973 0
0.6007608982290833 -0.4628509577360517 0
0.2594466502068161 -0.7172574638111735 0
0.2717180542493987 -0.3877581529194505 0
-0.6761039069260817 0.3115560193285914 0
0.2967217769713431 -0.21130821893675 0
0.3905775866976296 -0.1334161713553925 0
-0.1915071814583605 -0.8104001479356371 0
-0.2202210385193566 -0.7814439362699463 0
-0.2161050390950146 -0.7422664613308801 0
-0.2508382215411389 -0.7580550058579429 0
0.5526166351534862 -0.5550327381733873 0
0.5476151737202491 -0.5932071507507026 0
0.5826741802138515 -0.5785444848438086 0
0.6134293204176324 0.3900566506179252 0
0.6199633785706654 0.4262869886417823 0
0.6558466684163169 0.4396283313712271 0
0.6259247913502411 0.463896231136358 0
0.5893504466878007 0.4531517268764972 0
0.5963898407890066 0.4889594797802732 0
0.6319673737846632 0.5017923786681227 0
0.6024140430395166 0.5261536523865022 0
0.5670254730484454 0.5132519971277862 0
0.5729536247798113 0.5505165777235872 0
0.5375014006097174 0.5375945185727775 0
0.5436132715647293 0.5746115933572775 0
0.507960169573873 0.561954595115369 0
0.5140798867851251 0.5990061019049346 0
0.4782295709529953 0.5862082925440528 0
0.4842947690036542 0.6237804129708147 0
0.4487686564946872 0.6109208214182722 0
0.454471219514242 0.6479563845192216 0
0.4189213494903332 0.6350638796316168 0
0.4248091688144166 0.6722787494955412 0
0.3892186868508766 0.6592522668001396 0
0.3952357253418146 0.6966013445107382 0
0.3597025982978637 0.6832993268886637 0
0.3657457306498393 0.7208408631902887 0
0.3303469711898742 0.7080458342329874 0
0.3366681661784107 0.7453910285772762 0
0.3010966255174968 0.7322747752804177 0
0.1018939991494742 0.6239175644040869 0
0.07005996964027934 0.6498845983575826 0
0.1075987499482506 0.6643037000539452 0
0.07673196316403982 0.689503152847275 0
0.1146673900888293 0.7035490298091502 0
0.08334639502448034 0.7284952722542561 0
0.04639512550528698 0.7147325226950934 0
0.05304923121065296 0.753325216813673 0
0.01644019800781885 0.7398363096603188 0
0.1198851986811195 0.7424461897378597 0
0.02296856631137489 0.7779858456796772 0
-0.01325710130067741 0.7646294074684304 0
-0.006342870106053788 0.8010721508458559 0
-0.04269817572882331 0.7888985158609337 0
-0.04932398269711089 0.7512757593918984 0
-0.07875039971492258 0.7756720368907236 0
-0.08545729778575228 0.7379806386019603 0
-0.1150039961734918 0.7624667566059729 0
-0.1217102843001609 0.7246572555949539 0
-0.1515524456322478 0.7492554738723651 0
-0.1580697659812604 0.7112241873444123 0
-0.1880053499691738 0.7359259296012409 0
0.02890276804132814 0.8159073191804955 0
-0.1466793845746505 0.7866572842997021 0
-0.1944859023455382 0.697916137828408 0
-0.2242299046254483 0.7228313738924249 0
0.1470639508418423 0.6780460938799958 0
-0.6478402709265089 -0.08856469654487194 0
-0.2470545859883997 -0.7198823255088792 0
-0.2818780373292809 -0.7354666809284394 0
-0.7053662037268915 0.336860110917759 0
0.6186818406794166 -0.07717145996052588 0
0.4036232018224453 -0.6552464963784521 0
-0.2244732046271353 -0.06934813328625751 0
-0.1879763251321946 -0.09825038121458413 0
-0.2312834535369525 -0.1153793793741043 0
-0.1949104899935581 -0.1446584028048219 0
-0.1515603301850743 -0.127286000944042 0
-0.1584849443814826 -0.1737984131149433 0
-0.1149706941320681 -0.1564257469834153 0
-0.1219838386220679 -0.2026365588978392 0
-0.0784571109998196 -0.1855534272026603 0
-0.2377607138566001 -0.1622368280283656 0
-0.08535299651800014 -0.2316626315601863 0
-0.0417661344508543 -0.214788108500382 0
-0.1286169938333762 -0.248438280562318 0
-0.2738151694484718 -0.1327704462524346 0
-0.2802061344257792 -0.1785781522309762 0
-0.3159745292581558 -0.1497044298220351 0
-0.2175971285759231 0.7608919815678545 0
-0.2537688317850115 0.7475189237321078 0
-0.1558290094046994 0.4116857480357269 0
-0.5359311121884002 0.1730172822299428 0
-0.4973831531267398 0.1895526587250946 0
-0.1606276066139649 0.08671116142172959 0
-0.1462319483458433 -0.7103296390600964 0
-0.09256737720459519 -0.277217438855052 0
-0.2783062820147459 -0.6976149096601711 0
-0.3131184173871374 -0.7130486975246504 0
-0.3111805213085997 -0.6747944571047713 0
-0.3449507021407073 -0.6910813950471426 0
-0.3490899030586418 -0.728726860787319 0
-0.380236535559538 -0.7067415597910411 0
-0.3761065191004397 -0.6689270795849063 0
-0.410437838772146 -0.6845161213049288 0
-0.4061739778756689 -0.6480427381703048 0
-0.441443475538508 -0.662606915916416 0
-0.4380636811659103 -0.6242411124125534 0
-0.4729508970315387 -0.6406304650208524 0
0.4927184661523101 0.6594717828905636 0
0.5026233905364806 -0.3930319153812997 0
0.3074357978194618 0.7695646116712489 0
0.4131206630668141 0.0429934464433899 0
0.1538498336410332 0.2613327943991376 0
0.1909330512714187 0.2327065698373965 0
0.1169921795639462 0.2900143408306575 0
-0.4474017585156955 -0.0289139725611812 0
0.1693519736166072 -0.6474726125673764 0
0.8153262660165718 0.1406645867240535 0
0.8100581540261598 0.1029753151990709 0
0.03486357236350892 -0.01137085634615454 0
0.8150379805630675 -0.1455652821316384 0
0.8098260686374845 -0.183069345264691 0
0.7749806875780711 -0.1975747552910775 0
0.8203280806434196 -0.108223826868188 0
0.8047537409514363 -0.2205584840859259 0
0.7698977362006513 -0.2349951480195376 0
0.7996767546696686 -0.2579353004528895 0
0.7649340319051655 -0.2723273221190136 0
0.8217758577599544 0.1792909768850853 0
-0.4761965070538823 -0.6781643196739244 0
-0.507263216068586 -0.6561835810977974 0
-0.5040682349200507 -0.6188158916598029 0
-0.5382060404043443 -0.6344018417309341 0
-0.5345652980179041 -0.5974466981521878 0
-0.569068071110381 -0.6127641479264772 0
-0.5640119068839855 -0.5760200024192791 0
0.5800738754668588 0.5870773864907696 0
-0.7693956428560177 -0.2937633972837823 0
-0.7654053110563339 -0.2561460258341881 0
-0.1224680103751069 0.3840208719185489 0
-0.1634194648970248 0.3686258549446623 0
-0.1566366658624096 -0.8305488878278581 0
0.434179382694869 0.7070355229286444 0
-0.260117390233594 0.7109678925170347 0
-0.2898261964919224 0.7353487324971175 0
0.7158365872817726 0.3908793915840597 0
0.7454822949593126 0.3675120006372549 0
0.7747988100400472 0.08876071145206056 0
-0.2856265332950669 -0.7735642407884604 0
-0.8161874944106711 0.1271443619074601 0
-0.07593000006629209 -0.448463259295078 0
-0.28297769524767 0.7722018225737567 0
-0.3187035931222399 0.7592918974569207 0
-0.3257522419468046 0.7224962623545816 0
-0.3542908051488307 0.7466127768755348 0
-0.3614287424994759 0.7098286795889953 0
-0.3901497383238662 0.7338594920192385 0
-0.3969532803090513 0.6967839637493486 0
-0.4257440095220462 0.721125052998282 0
-0.4325189825207709 0.6842102243662285 0
-0.4610519620029992 0.7086199946403682 0
-0.4679885064943367 0.6717230402589665 0
0.02305072263350351 -0.7102615776124154 0
0.8048553331117838 0.06551094594517423 0
-0.5996369558174419 -0.5910442348735436 0
-0.5948321194612218 -0.5538488518073945 0
-0.4157953267803764 -0.7220950542194604 0
0.2719624978967403 0.7564750104137759 0
0.2782891975537166 0.793582870121465 0
-0.3225184365822947 -0.1937481572024179 0
-0.3574805950242611 -0.1664408205665586 0
-0.2863759207716644 -0.22626233648563 0
0.07001453766737695 -0.5124700823192665 0
-0.4987192805206309 -0.5818374644393877 0
-0.03576359350674076 0.8276759971849931 0
-0.7126159975919456 0.2990740931792265 0
-0.7415281641695348 0.3241127336164339 0
0.4740572729497225 0.54626754033764 0
-0.5303796418063007 0.2145176251736332 0
-0.4918117683324409 0.2312760772615577 0
-0.4587355480446028 0.2058935202726315 0
-0.4529937665095012 0.2476452080921643 0
-0.4194930767027996 0.2219293877580962 0
-0.4137482956594648 0.2637903358420204 0
-0.3798380489608915 0.2377629033857673 0
-0.3740880572144974 0.2804264490162218 0
-0.3399459727293402 0.2540405185694494 0
-0.3341606272254188 0.2970885718114933 0
-0.2997514879904262 0.2704923266532556 0
-0.3055948152677743 0.2271571810336325 0
-0.2647226690257884 0.2437997218525014 0
0.6379448186238533 0.5392768261452456 0
-0.7192985525520643 0.4375672880579284 0
-0.7487535082417169 0.2867335425212211 0
-0.1645205737530913 0.6727277226170602 0
-0.4963860019244267 0.6960556120675605 0
-0.5032876279776715 0.6592893993449127 0
0.1848328168546916 0.1872626260594867 0
0.2272219770098784 0.2045622868898842 0
0.7946271750865709 -0.2952123970683991 0
0.759952189605561 -0.3096070518193695 0
-0.5819836281500375 -0.1339495363361836 0
-0.5480609826863008 -0.1590710562294221 0
0.2632824185121466 -0.4338595567698534 0
0.3839549374960791 0.6206625233944075 0
-0.6855642866092566 0.2761001199579541 0
-0.773452669440249 -0.3312199167565903 0
-0.7429095688102956 -0.3537841234851292 0
-0.2314423083211304 -0.8185172660062967 0
0.6519568857358767 0.1826679798224242 0
-0.05545810327599529 0.7134293776531998 0
0.2940041788286636 0.6939145045446239 0
-0.7772508478872402 0.3115073219294557 0
-0.7844844644680358 0.2745639161204726 0
-0.7126002785709754 0.474537073851469 0
-0.7999774718651913 -0.271479501787436 0
-0.7961210491187198 -0.2342293336401957 0
-0.1307789121948689 0.3421116438495583 0
-0.08498416290973351 0.3591142079956549 0
-0.1333816915230146 -0.2940656594294224 0
0.8398506899122637 0.07974233233554366 0
0.83470275717107 0.04261201507311488 0
-0.5248471707847223 0.256405868004978 0
0.3743881742146989 0.7605776636049573 0
-0.3719320101671208 -0.630334089062867 0
-0.1105698930764918 -0.6945005575677492 0
0.3027440518799036 -0.4125474055742908 0
-0.03480832670103664 -0.1683541713794093 0
0.001749916406237327 -0.1978472784575129 0
-0.7164885509070593 -0.08206638422164203 0
-0.7516793781630151 -0.09769119017557104 0
-0.005272343097167734 -0.2440134957417969 0
-0.3638990211444447 -0.2096664956659984 0
0.2429877403845482 0.7805474646388961 0
0.2492726779936522 0.8174691869542562 0
0.577717071990799 -0.6159467754312975 0
0.5431024042697674 -0.6304898025793302 0
0.7895726680669994 -0.3323798516455057 0
0.7550186332669716 -0.3466763743310077 0
0.6671734273232599 0.5152864524072798 0
-0.3983004956752915 -0.1825516382492725 0
-0.4043970924780656 -0.2259850303604206 0
0.7510676694581835 0.4045136178791253 0
-0.2941607375744306 0.3136478453996068 0
0.2141461019557033 0.8045204742154652 0
0.5274016525058642 0.5036602171111266 0
-0.6302630278707634 -0.5695429351888713 0
-0.62711788247504 -0.5320914923858671 0
-0.3119235323344681 0.7964167613975272 0
-0.6600554771901433 0.04716353408111781 0
0.6123691426111627 -0.6014291766128432 0
-0.3105863429365909 0.586733211754376 0
0.222244597115077 0.1576473896447312 0
0.2623873936485464 0.1791062232468162 0
-0.2020644856147828 -0.5846458369775571 0
-0.5302281224388186 0.6830381479172196 0
-0.5382403933055522 0.6468247373550666 0
0.8499299534390408 -0.1313746044322347 0
0.8553639558897936 -0.09488705102920139 0
-0.2707645728756529 0.1996137550567023 0
-0.2290417546143965 0.2168829944065074 0
0.839536502961897 -0.20589490887344 0
0.850278415152937 0.1549352113620278 0
-0.7699355781366474 0.349266646399787 0
-0.5105760819418325 -0.6935582200900459 0
-0.2014423285191517 0.6591860180562429 0
0.2669188515143296 0.1296300279676144 0
0.269265291781868 0.2219666994142971 0
0.5254735207783847 0.007851708400738138 0
-0.2766773676604551 0.8090195325931312 0
-0.6773032637572571 0.4871332492196162 0
-0.7057926928465534 0.5113029109970649 0
-0.6709292625879214 0.5238987946187923 0
-0.4081299544273602 0.3062910059153666 0
0.6174229065190793 -0.564374424798795 0
-0.4392337236238198 0.6470039972895647 0
0.195181935565579 0.2785754895130065 0
-0.8301512993459255 -0.2496941362787062 0
-0.8264590519396557 -0.2125512550690336 0
0.3232152763037012 -0.02946187084300631 0
-0.3831512953007362 0.7707058501159034 0
0.2996027955634624 0.198323367866119 0
-0.7773920977315816 -0.3685216555666131 0
-0.7479758049929022 -0.3892616283254056 0
0.3134691977894503 0.8068008859342806 0
0.5610257690783699 0.2998123952803394 0
0.1837504174817983 -0.1733466342558307 0
-0.4768610697325006 -0.4685872507325701 0
0.6762402980935081 -0.1687698225457754 0
0.8557537823279281 0.1917838214630661 0
0.5015672379902059 -0.1634229497486239 0
-0.1080957250298663 -0.1099827551477553 0
-0.2874513396804106 -0.3853058726324399 0
-0.2497040280373235 -0.3680790711839342 0
0.1247569942133298 -0.3673568670950236 0
0.3496337748039191 -0.5295983118335837 0
0.03172451561692229 0.6358985210397758 0
0.7695613179774889 0.05098312399384297 0
-0.5724224730871066 -0.6500237932661073 0
0.7806711525804961 0.381184657546322 0
0.7749578546522583 0.3443806432902726 0
0.8693178983605236 0.05678352612020677 0
0.8648961667952346 0.0185581405735586 0
-0.2138357930943468 -0.3940843568219632 0
0.7841618941149929 -0.3684911505221933 0
0.7500633115543806 -0.3834801519498514 0
-0.6969526596112605 0.03235827651915549 0
-0.5630788184233431 0.2390663661520157 0
0.7249806165154244 -0.3253798373018759 0
-0.6023452349385514 0.3371410826555052 0
-0.3395764137187307 -0.5265400781605503 0
-0.3857070069358023 0.1952336509162507 0
-0.4542970423409591 0.7453172977299836 0
-0.3284712638113602 0.3400306751326533 0
0.03811901943017976 -0.2272758995970825 0
-0.2868884509688342 0.3579937998410961 0
-0.6337640849562984 -0.6064808808944776 0
-0.09976350415509022 -0.3222802361984687 0
-0.544475242843951 -0.1171118869674674 0
-0.8126527607211631 0.2990376090726488 0
-0.8198212060442499 0.2625212476736894 0
-0.7475777977903394 0.4619571333820819 0
0.6730157700703709 0.5523637517386504 0
0.2364999732013131 0.7433379923874067 0
0.6468619504480659 -0.5871280035849613 0
0.6518900755132281 -0.5503257295184245 0
0.5723246017939589 -0.6515169654058945 0
0.5383650348029457 -0.6669845348848688 0
0.03081771081713971 -0.2731164362273964 0
-0.3930267865775299 -0.1385544755320282 0
-0.6435315343824295 0.1652405223111355 0
-0.5914125135005338 -0.5161609125386533 0
-0.6238931876780446 -0.4944140595827682 0
-0.6583188582338076 -0.5104913736350406 0
-0.6552446979708579 -0.4728882798591398 0
-0.6893251997112768 -0.4889858263517351 0
0.6811256246814679 -0.5729297282980363 0
0.6857982766452064 -0.5367238667818983 0
-0.283028833950782 -0.3424925327517662 0
0.2205003691959815 0.8412407786611197 0
0.1854831334996873 0.8283768758418346 0
0.7345025199820714 -0.2501864197533844 0
-0.1710861167287347 0.6337612317909556 0
-0.1338278623627484 0.6475181926964406 0
-0.5688561381587294 0.672617896006647 0
-0.5735130229843699 0.6335649426517889 0
-0.5451978367685917 0.6100218843462707 0
-0.5789388774786266 0.5978899451776449 0
-0.6107579097813388 0.6237308349396268 0
-0.2447552585781837 -0.3251001262405664 0
-0.438425521603831 -0.1992667709862863 0
0.009013501623629221 -0.1511798068070999 0
-0.1708742501576192 0.3252606211132341 0
-0.1403678194542138 0.3017939226957892 0
-0.7929851507766603 -0.1959475624676846 0
-0.8230648487455177 -0.1751909222923175 0
-0.7128417108442591 -0.3762957586474237 0
0.5081019234436274 -0.6456797390875846 0
0.5043722346677376 -0.6825113296841412 0
-0.83408547418789 -0.2864937395601824 0
0.8291013595996947 -0.2803436030624218 0
-0.4273685630356222 -0.3323261855799433 0
0.4065890609295585 0.2365263511715287 0
0.376179007598554 0.2641574218965804 0
0.1812142411794269 0.1379685439761461 0
-0.5236744720458184 0.7177767700448549 0
-0.2444107062021635 -0.6813345319389428 0
-0.7479949737213603 -0.05915201649666772 0
-0.7824117706144433 -0.07497257650738774 0
0.7860574759140637 0.417944478757498 0
0.7569216187460965 0.441058440520019 0
-0.6995300357037841 0.5476806849109332 0
-0.1422776815307598 -0.6712963877732661 0
-0.105940267512958 -0.6556463122460727 0
0.701861205779835 0.5288277137940334 0
-0.3229268234246922 0.3827542504159402 0
-0.3671649098889628 0.6733948386641316 0
-0.3713393096392629 -0.2529601867326177 0
0.8843450317877737 -0.1175930787771718 0
0.88988185619843 -0.08162102972450855 0
0.8122083615613989 0.3576001745127064 0
0.8064697885377488 0.3208563753684878 0
-0.004377921333535806 0.2835070756485608 0
-0.6643703678788201 -0.5850468012150487 0
-0.5522720623502669 -0.2009553870399615 0
0.8304576665816092 0.003653626771739418 0
-0.140385940525362 0.6080236297008426 0
0.2552327768417312 0.8541126757321649 0
0.8844490642548083 0.1687845742577117 0
-0.4444072527279631 -0.2416906904017582 0
-0.2351878323312376 0.1721688452369927 0
-0.1971736235608586 0.1908003103896265 0
-0.3777713283867952 -0.5421813792750136 0
-0.3052646716733811 0.8328822186503945 0
-0.6658315367309088 0.00764677292633485 0
-0.8962333055081524 0.02660887127867773 0
-0.8674482649008699 0.003882378268577547 0
-0.7580358494972701 0.2505549687703678 0
-0.5530681160197594 0.5719061998427913 0
-0.1725436887828903 -0.2706182263292462 0
-0.9015606663157341 -0.009604689849159154 0
-0.8734101319372859 -0.03234653723007528 0
-0.589784148095162 -0.4781519497065851 0
-0.5085132636994678 -0.1445579966456553 0
-0.2770690749512821 0.1550684850340135 0
-0.2084633225360019 0.6200574566287461 0
0.7849570364385352 -0.4092001027624092 0
0.7455678709593849 -0.420824106266808 0
0.7156983637104151 -0.3978575635502398 0
0.7107650321818326 -0.4349905643637443 0
0.7378973867964385 -0.4561063661816607 0
0.8992668425774166 0.0330550681099346 0
0.7699877831286155 0.3074733597956729 0
-0.5154611739450555 -0.4839120436950878 0
-0.7815495358968955 -0.4042327887399724 0
-0.7499031808808503 -0.4196763477842682 0
-0.8112167250668949 -0.3840525674115484 0
-0.8637747742740831 -0.2650565124663127 0
0.8184921405450389 -0.3539236451774747 0
-0.6646306386567205 0.5603271154354634 0
-0.2704836673378437 0.8455384997890822 0
0.6418820633850005 -0.623844106331872 0
0.8973549183074774 -0.007296388478510084 0
0.9035366071639231 0.07096503288304064 0
-0.7544029093316271 0.4254067770377386 0
-0.7823986706354794 0.4494907554030451 0
-0.3097216697078822 -0.104786006261314 0
0.8000830905325819 0.2826379680425097 0
0.8379743818517413 0.2922761287491851 0
-0.7345571509477008 0.5348250052842085 0
-0.4101373117819607 -0.517877993724127 0
-0.8477346026788657 0.2867023143128274 0
-0.8547506382992164 0.2504843588460253 0
-0.8269605453226393 0.2262178494801229 0
-0.8407565668242121 0.3229547968280514 0
-0.7897854887561874 0.4125623508839306 0
-0.5906731204219065 0.5668945282388964 0
0.8896340189441985 0.2051479101333052 0
0.3545545297810092 -0.4895537612837718 0
0.3917131305970226 -0.4742343182856946 0
0.3171348791871568 -0.5053397758388866 0
-0.4801622286831155 -0.7153663466920842 0
-0.5138553540873652 -0.7306079145989052 0
-0.4840162153051528 -0.752011970658659 0
-0.3631563503287892 0.3657605055476985 0
0.0388879299663218 0.300312136975031 0
0.002378494929181378 0.3287415271289827 0
0.04446686216665603 0.3455710263780609 0
0.009120873563064633 0.3731973124010589 0
0.050584628259986 0.3897406768196048 0
0.08621132567203556 0.3623632765923511 0
0.09178791396873839 0.4061298099614268 0
0.1266438235613224 0.3792509888271922 0
0.1325434323357516 0.422574382442593 0
0.8791696853666422 -0.153964349348007 0
0.07387954549698984 -0.256498606117447 0
0.0813740764203805 -0.2108369991910967 0
-0.01313686268450332 -0.2896196814981203 0
0.7150634571369708 -0.5589743005553456 0
0.2254794194677854 0.8769459967704841 0
-0.3399381036938809 0.8203641199139373 0
-0.5441930139903185 -0.7092378990531453 0
-0.2395745240362028 -0.6006022078397202 0
-0.271870339429064 -0.5762961865923911 0
-0.6930339009333821 0.5839232742684635 0
-0.6923493800537224 -0.5262819511092286 0
-0.7228164435123543 -0.5050455921373392 0
0.6442329805598317 0.5760823096149907 0
0.6788842880931993 0.5889670328802101 0
0.6505850524725018 0.6123852062125408 0
0.3110099604535725 -0.3717547520169829 0
0.3423523250776635 -0.3949621020248572 0
0.3504455518419773 -0.3557240473831393 0
0.3829528752089947 -0.3797303345840627 0
0.3898668966946177 -0.3401001389192757 0
0.5476526404926028 -0.06530900321848784 0
-0.516463303824009 0.5858636781027187 0
0.6969012132161395 0.4908710604695617 0
-0.2834462577855164 0.3991533673870819 0
0.8244932319158951 -0.07159137184850024 0
-0.2418885906595787 0.8218630744637458 0
0.5834536080278894 0.1921727966530569 0
0.657077255944627 -0.5139814851781229 0
-0.8567156709935073 -0.1908057307328774 0
-0.8556376698484964 -0.1554071196141504 0
-0.7237630879306406 -0.1596048255789797 0
-0.8616236617609623 0.2142475768372041 0
-0.2372287421712164 0.6478657264039817 0
-0.04808856662718388 -0.0002886856157487365 0
-0.7111792457639124 0.1728620030362001 0
-0.4815202438630544 -0.5079362949371745 0
-0.1395967287782051 -0.3388199782604324 0
-0.106032649988655 -0.3683541817228174 0
-0.06503975011538808 -0.3506618734156026 0
-0.04736422593061535 0.2666175834633892 0
-0.05439334764461228 0.220938199568059 0
-0.5782534404173877 -0.09286444708743993 0
-0.5405425000856271 -0.07573930220208597 0
-0.573744553980082 -0.05452343374931507 0
0.4228824505444391 -0.3660724015105647 0
0.4290596172504731 -0.3248605735501959 0
0.3961613526657769 -0.2989666233050335 0
0.4353172312304824 -0.283132039383016 0
0.4025502268914303 -0.2570487856960054 0
0.4415710665443062 -0.2411135572988219 0
-0.6859629019325442 -0.4514407581240865 0
0.8613936774277267 0.2278945472182526 0
-0.8798323548148781 0.1361413842660208 0
-0.0745979513405383 -0.6787849601618841 0
-0.8407069793158757 -0.02046741196511197 0
-0.137094857559607 -0.6324657465951364 0
0.009605821349975424 0.7013904417576625 0
0.739281473934188 0.07431232154844458 0
0.7342685111420812 0.03665717513608671 0
0.7033199910450217 0.06006867342969292 0
-0.02802623765157154 -0.1214851735916834 0
-0.6286769717636165 0.02230838846617151 0
-0.7756084592206008 0.4857702152240557 0
0.1790711389263369 0.7915663498851918 0
0.1516487329823524 0.8171337499625164 0
0.1576094719051265 0.8513434171189704 0
0.1234327307340288 0.8393739982035578 0
0.1315816226419624 0.8799745499124971 0
0.09664351376145715 0.8650024494524701 0
0.09978332362736497 0.8997745118971661 0
0.06691771977968078 0.8886177823349932 0
-0.1740827339862552 -0.6482831051503565 0
-0.1965163094217264 0.396738025894171 0
-0.906528026905745 -0.04593057779840577 0
-0.8788334742502443 -0.06858128449107245 0
-0.9117619490771013 -0.08221105350538559 0
-0.652085777189524 -0.4351775215490381 0
0.7928353008400867 0.4596351203359466 0
0.408603031665329 -0.214872270072902 0
-0.06955281696616948 -0.6395538680348355 0
-0.03847283507650317 -0.6631766775883069 0
0.01656326226763957 -0.1041592027174953 0
0.0550760412631915 -0.1342770844979904 0
0.6814666140853405 -0.4135232394721597 0
0.6855626192870869 -0.3804723591390054 0
0.3641705699954041 -0.2716560602335631 0
-0.2355718488963358 0.8578197807913139 0
-0.207327886907358 0.8346968627535862 0
-0.2009343116448069 0.8704913162060213 0
-0.1727973475858973 0.8474536679093905 0
-0.166561106919687 0.8836640391335044 0
-0.1383461384790963 0.8602965428415641 0
0.06644315791157303 -0.3016106099695994 0
0.7315165994660853 0.5037554648916143 0
0.7414123833885142 0.5463668509168781 0
0.7652718605770911 0.01343551616253513 0
-0.8194969116110231 -0.1382033209530097 0
-0.1039564494565633 0.6222497285448845 0
-0.3453937801685597 -0.566373037379947 0
-0.6666719468723643 -0.6219787769370893 0
-0.6372617014015522 -0.6430067983294097 0
0.5356275363375894 -0.7088234085488303 0
0.500172331009018 -0.7192315091533955 0
0.4703704903323288 -0.6971933038913988 0
0.4660679265203866 -0.7340502164266107 0
0.4362811384171445 -0.7119716368019646 0
0.4319554421661289 -0.7489094080623376 0
0.4007896554743035 -0.7281448726901456 0
0.397926327388231 -0.7643333682409426 0
0.4277977125824697 -0.7856912418869939 0
0.3940146835461275 -0.8005287330142228 0
0.3643114775552689 -0.7791069104241082 0
0.3601736629486785 -0.8154356177409336 0
0.3306056165071106 -0.7940089310836667 0
0.3264387321581041 -0.8303351356483077 0
0.2968298765264851 -0.8087447826733856 0
0.2928488502006922 -0.8451444399492649 0
0.2632131279205434 -0.8237535307226906 0
0.2592032900666221 -0.8600112448421176 0
0.2295441482043176 -0.8385470068146266 0
0.225650601307735 -0.8747338456149657 0
0.1959883013760717 -0.8533905149732057 0
0.3903079684810613 -0.8363515211586579 0
-0.3338276017760485 0.8559953160842371 0
0.3322271634090251 -0.7578679903277334 0
0.6991639847952971 0.02243403045060718 0
0.6668466782822189 0.04584770310773943 0
0.6633169914667184 0.008762369079141921 0
0.6294660821605901 0.03208057738893762 0
0.6351665918540084 0.07081617295194703 0
-0.2494042081671932 0.3340039805587787 0
0.2347245581455445 -0.8009054732517806 0
0.7201833039807621 -0.52248342444249 0
-0.6100935506497184 0.2995968467812918 0
-0.5738362175377318 0.3120401232311016 0
0.4174992325996012 -0.4079555635626522 0
-0.2216539729688793 0.2624454074072058 0
-0.4778954328511976 -0.2152923075517707 0
0.2600583118052713 0.8879831121498142 0
0.2898205071593815 0.8657977747370638 0
-0.5269444673681202 0.5448843986362923 0
0.4413404388449146 -0.6392126316545036 0
0.9324278856393882 0.04800113839628708 0
-0.6349160033035384 -0.01633626540389285 0
0.8793644028475675 0.13235741986453 0
-0.4142844672860048 -0.5573382432016684 0
0.5977626411824614 0.055347359281964 0
0.604013443782814 0.09551812967479574 0
0.5932352322332319 0.01811794739677697 0
0.6415072339434231 0.1093018662308005 0
0.6754708737631789 -0.4484754000383249 0
-0.6422629600069202 0.5000379528582204 0
-0.606329064952104 0.1810902874518476 0
-0.6382039222510762 0.205222391429248 0
-0.7787186771139303 -0.03512468852588218 0
-0.7426090140026411 -0.02081229458643751 0
-0.2779295339493177 -0.2998837042326921 0
-0.3172514043356735 -0.317327172941791 0
-0.6972462998177172 -0.5986744272061322 0
0.5933432349416317 -0.5032220916951063 0
-0.03278133329379074 -0.6235177816188644 0
-0.001269362325685015 -0.6472022608266792 0
0.004348658979609686 -0.6076916550285831 0
0.03636552820509622 -0.6303866132629526 0
0.04183402030152935 -0.5916713108318716 0
0.07392163795318217 -0.6141818230840292 0
0.09865574295154626 0.4476446475282204 0
0.1327133694514311 0.0720961421672936 0
0.3219004635924807 -0.865541217847521 0
-0.5199777190921371 -0.5231805202918025 0
-0.2446652644183913 0.608659448800984 0
0.1166622487525431 0.8019910967340036 0
-0.8350723609573509 0.189119695618813 0
-0.7996678314298931 0.2019054232968415 0
-0.8803833868127994 0.2773156093915022 0
-0.2380953728367097 0.1295508667849221 0
0.4930814469283242 -0.7529662745995844 0
0.4656782243901556 -0.3090158108749804 0
-0.8149554581030937 0.43799395633726 0
-0.8243308573605638 0.3979531583590182 0
0.8935035236036619 0.241222216996088 0
-0.275628552494638 -0.6171647067917428 0
-0.5166927180758716 -0.7663039587664087 0
-0.485606380466354 -0.7875627704326092 0
-0.4541383709319221 -0.773257231957878 0
-0.45567893474003 -0.8079938118344006 0
-0.424579452162008 -0.7943771639615976 0
-0.3409383066169033 0.6118305511536415 0
-0.3790711763763573 0.5975938280907882 0
-0.3034457461323047 0.6259961393846042 0
0.9126742684239231 -0.1407289078857221 0
0.9070301058924195 -0.176250240051342 0
0.9124985582040616 0.1462722096034677 0
-0.673134830030046 -0.03040440719845795 0
0.3128187518352581 -0.5452234837640787 0
0.2796481990430235 -0.5213837902791456 0
-0.5652922803024862 0.3504175676757627 0
-0.5391475235692021 0.3230827366892925 0
-0.8134370714628549 -0.4201270252459587 0
0.1933634889014232 -0.8906712870222302 0
0.1625943573621522 -0.8682008962393251 0
0.1665250611011595 -0.8246470580619355 0
0.1325446424258351 -0.8453611644724367 0
0.1286844324143278 -0.8832523448268551 0
0.09880994395781825 -0.8614309000296425 0
0.09497367669084068 -0.8981614412758052 0
0.06564660800838049 -0.8774729197358458 0
0.0611205722887294 -0.9120924017818087 0
0.03231494390334127 -0.8925156993817397 0
0.02769724605846059 -0.9266658326699986 0
-0.001189099180926814 -0.906824192659567 0
0.005547247971700318 -0.8701220754261476 0
-0.0293241153400322 -0.8840273075623891 0
-0.09680083489454745 0.661419061218795 0
-0.06971707234957214 0.6351683841588809 0
0.1661231819037861 0.3944138086557382 0
0.1611272141040643 0.3522889659638217 0
0.2005954025656188 0.3673554326558072 0
-0.2395042478545873 -0.2842808227968237 0
-0.3673680653705456 0.8427564218719692 0
-0.1929362920618548 0.9054868942356757 0
-0.1482656038698542 -0.3826586209201481 0
-0.8660727088591785 -0.3015694821833596 0
-0.8375020136091524 -0.323638619644488 0
0.07879952584733697 -0.5741747186414391 0
0.1113874446640254 -0.5975515172375558 0
0.1169079283433822 -0.5587721380078121 0
0.1491754239669668 -0.58129587762518 0
-0.02012941802873067 -0.07516521155569673 0
0.3081973191391423 0.239284130273666 0
0.2750363545328835 0.2659786210358032 0
0.3115700266955543 0.2803064209459262 0
0.8197697199280577 0.4315423336884769 0
0.3695675404855728 0.2235705984984211 0
0.4014529040577659 0.1956037973202914 0
-0.8837717325308718 -0.1044405626725232 0
-0.9163337381854625 -0.1159226660561181 0
-0.8513656897564605 -0.09210171684598691 0
0.1548414470827704 -0.5427011408402983 0
0.1873486727269909 -0.5657012367351201 0
0.1927676684764878 -0.5263930151053946 0
-0.3225201342319912 0.4265564324127343 0
-0.6592653084266187 0.5953211698801031 0
-0.6863044695545404 0.6198250992453915 0
0.2224446015970176 -0.5513292714265188 0
0.01343277294310109 -0.5687412251110919 0
-0.03488612799065408 -0.9200789044579111 0
-0.06402776668227333 -0.9002472402328583 0
-0.05939052592185141 -0.8624295436451861 0
-0.09419841244018556 -0.8784415865899968 0
-0.09654096473291775 -0.9147867533754444 0
-0.1274110728345333 -0.8938525088720537 0
0.1066860533995586 -0.289408117782232 0
0.6438298130779745 -0.4282518982765687 0
0.7068889667578395 -0.5955191734002363 0
0.3620284546291747 0.1824073352464244 0
-0.1121196893301309 0.5819542800969497 0
-0.8868628362775648 -0.1692050607456193 0
-0.4864513764909835 -0.2540810156383511 0
0.1433540623570493 0.9381796049665487 0
-0.7769924409453457 -0.5520181312040441 0
-0.9224031187636681 -0.2283945078120414 0
-0.08785701773166993 0.2493659398689027 0
-0.09705976204542251 0.2040121425137004 0
-0.1336925984592677 0.2329723453059626 0
0.253505554942395 -0.8939028589475023 0
0.6098031527425135 0.1347039508474583 0
0.2064302536404718 0.9309502133070044 0
-0.6705584091113519 -0.6583649650852781 0
0.2771938381437071 0.3088478851714945 0
-0.2129305016919096 0.582691615440222 0
-0.3885987775339159 -0.3146718857725102 0
-0.5968520461304843 -0.002539649639308294 0
0.2158692496402407 -0.5922219222887174 0
0.4441487788865277 -0.2002218421639144 0
0.4810398589765795 -0.2254134750294028 0
-0.7416038335050761 0.1959770911320784 0
-0.706235099785601 0.2115511049951272 0
0.0729775649386772 0.9230022877610802 0
0.03748038976718478 0.9104147910491533 0
0.0345301330298018 0.8771640198768909 0
0.003711750626992679 0.8986866307493251 0
-0.2806971070113867 0.1127449772344463 0
-0.3177144333406909 0.1405480801531226 0
0.1940532249917543 0.9017226342018483 0
0.226656345664918 -0.5107900118436435 0
-0.1313481149838209 0.8943176877934413 0
-0.10383430756122 0.8727140695831417 0
-0.1100570276491439 0.8368016778883197 0
-0.09664225660380606 0.907290756004755 0
-0.06942264069834143 0.8834835824239711 0
-0.05899108472943577 0.9158482939251456 0
-0.3057507084314722 -0.2715584053449649 0
-0.5418784618253847 -0.03450675125277756 0
-0.8987222514596912 -0.2854393498391856 0
0.6828625954671257 0.624927549405366 0
0.6547948882727168 0.6485073231181538 0
0.6222617507533381 0.635683845195423 0
0.627616293655155 0.6706958665266339 0
0.5943249034478477 0.6587697342977219 0
0.5997445295173978 0.6937709177145238 0
0.5664067752949016 0.682086775809069 0
0.5722994002309204 0.7176957072139599 0
0.5385586510582271 0.7055768614903877 0
0.5443737741672877 0.7411029428837526 0
0.5105342295573969 0.7288652941735264 0
0.5163858848136094 0.7644133996562581 0
0.4825652907529729 0.7521699477638217 0
0.5592344188551406 0.6467458418038042 0
0.4876721135381649 0.7867799699173343 0
0.4544924296322846 0.775292387746612 0
0.4597699209040744 0.8100435320216761 0
0.4266059530769686 0.7984963578413173 0
0.6589882634064015 0.6808392831411703 0
0.4163910991621159 0.7657511271485773 0
0.143285814707416 0.4593783718286525 0
-0.5028571341656498 -0.05721366171957534 0
-0.07173472916970557 -0.395825959613368 0
-0.02941186216262879 -0.3809024668397032 0
-0.7238220385891487 -0.5408223128271734 0
0.5591044582782282 0.04112830078084596 0
-0.945470414067905 -0.09607621601987817 0
0.7110068470937493 0.5998385407227702 0
0.09118383506765548 -0.9345173957063079 0
-0.09076057155634491 -0.839711892947698 0
0.8662122729315966 0.2651932438030175 0
0.8319293356423616 0.2529015893834604 0
0.8728575471663413 0.3031683702516601 0
0.8483713828766302 0.3342943719965903 0
0.8445778248651059 0.3736395474143189 0
-0.9396840955801657 -0.1616882289782646 0
-0.6501869539714474 0.6261527981385606 0
0.8150965971073699 0.492690414972833 0
0.1056418919388442 -0.8222795779873791 0
-0.003809684109750117 0.8618100670429507 0
0.1949723269318827 -0.9334696244621935 0
0.0181731182056808 0.4142012698250911 0
-0.01997426619943166 0.3975758438054039 0
-0.9286698958345783 0.01347055730194915 0
0.1965332658939956 -0.4833580403824002 0
-0.4301728000524442 -0.8346803092546299 0
-0.3956980860453872 -0.8165310796077435 0
-0.3915977390594025 -0.780049353565065 0
-0.3621938721062107 -0.8012716020256323 0
-0.3664852959579888 -0.8366094280371433 0
-0.3327776874543547 -0.8225866021562704 0
-0.3368860010769233 -0.8575835780630042 0
-0.3033840124098659 -0.8439963892407818 0
0.2814000773731055 -0.477090283007523 0
0.3613246833310499 -0.452094950923623 0
-0.2023530670464579 -0.3083578434751765 0
-0.1502712298713949 0.5629584869436419 0
-0.12851907915507 -0.9357953219995162 0
-0.1600170257518104 -0.910546123866481 0
-0.1569510159574099 -0.8744091130491244 0
-0.188710394109068 -0.8905904764409958 0
-0.8734775859272523 -0.3425866025516208 0
0.476171392752619 0.7160157842434388 0
-0.07662348091623689 0.2921623666507141 0
-0.6877266173508174 -0.4096593850986728 0
-0.6488965009489576 -0.3965596988867114 0
-0.6154513096245093 -0.4183043553480236 0
-0.6428698867834658 -0.3539058027915458 0
-0.5767342118395267 -0.3992316922895296 0
0.5716320145477063 0.1163127650765036 0
-0.2658956679950638 0.8849021129012115 0
-0.451942411986018 -0.2819309723621259 0
0.9195205131326526 0.2184856618741945 0
-0.3286605136200917 -0.7862475063405797 0
-0.8772229688029145 0.1756633791645612 0
-0.5479058520689823 -0.4607141486892929 0
0.458718326862879 -0.3907959208419587 0
0.4498773225736223 -0.4307016910590921 0
-0.4729765351005814 -0.1718819340025771 0
0.7786680206274995 0.5468653607867155 0
-0.519670497857414 -0.2274942291385083 0
-0.1824296603964853 -0.3551605325381553 0
0.7645560056452385 0.2698816207490168 0
0.7347009991824536 0.2938002470822215 0
-0.848540206851122 -0.4027021332562374 0
-0.3072246416222146 -0.8804336850814433 0
-0.2738946936904892 -0.8655877706301149 0
-0.2809161037285202 -0.9004895190827258 0
-0.2468345049396252 -0.885784067282628 0
-0.2678695676764885 -0.8301610584893256 0
-0.1374508132689674 0.1844685161671413 0
-0.895734769580716 -0.2041618628826583 0
-0.6440285224589958 -0.6812206610852054 0
-0.03679135081876125 -0.4263005873897108 0
-0.1165724958821332 -0.4213247821876503 0
-0.1588437004144806 -0.4265865421730247 0
-0.6279846737678306 0.5702018473892908 0
0.7598949877908742 0.4804400090775759 0
0.7279252087858457 0.4648293467760987 0
0.7466713951136912 -0.5893859169703739 0
-0.05563702238356866 -0.8205917790947286 0
0.8435592952822563 -0.4445918558796793 0
0.8068571468048822 -0.4469695910038176 0
0.7918863324059535 -0.4761206238685574 0
0.8246419623453264 -0.4129839390846353 0
0.6090966350893234 -0.7335188097190308 0
0.5732662392816925 -0.7214846033718978 0
0.5973800350132115 -0.7014510389513338 0
0.546924588405854 -0.7453259403468864 0
-0.1868166337749385 -0.8534653960285131 0
0.01015375370055434 0.9373903377837892 0
0.6093884951061507 0.7311146644403821 0
-0.4469918582698034 -0.5335080177568455 0
-0.4512396947691968 -0.5735581716325979 0
-0.555691239324817 -0.5001035500626309 0
0.06497312107900312 -0.08776057050189602 0
0.4327302699224709 0.8342052868574852 0
0.3998061235342358 0.8177951329838895 0
-0.7623619297793358 0.3871056269496465 0
-0.3090190999466149 -0.5921005534881985 0
0.4140127130893284 -0.1724468169648753 0
0.3739889631899054 -0.1884155739852383 0
0.4344906328872561 -0.1351776836914714 0
0.2414319829495903 -0.4732562340868874 0
-0.362132407298562 0.879501315152871 0
-0.1789887151765214 0.8111061621642736 0
-0.4434613138238482 -0.4930477499759476 0
-0.8120145696564345 -0.04684659419330466 0
-0.305789937066587 -0.551291377705464 0
-0.8406796786822287 -0.3628176943838982 0
0.3441238156417712 -0.1514884560202779 0
-0.3097044993902152 -0.6338940343274626 0
0.9081985357173387 0.1085381208149784 0
0.9460701726829038 0.1267709327825239 0
-0.1798920909119859 0.2832305839558422 0
0.6408686484531421 -0.4641767101858749 0
-0.8654604087720593 0.4499092346182066 0
0.7515226250305831 -0.6274159105362855 0
-0.6242225470982345 0.7483891342022442 0
-0.615374914022795 0.7164536517038468 0
-0.6397707871656551 0.6955368722914537 0
-0.5920814241673326 0.7455223111315329 0
-0.5605801234947669 0.7638864002422002 0
-0.6065463644315422 0.6840456544239577 0
-0.2859805841123877 -0.9317582753830292 0
0.9344180456494041 -0.2920614604696812 0
0.8972312218628925 -0.2884596754993536 0
0.8855954762934761 -0.3227299267377848 0
-0.4531766434639212 -0.862640315273437 0
0.9304592398365016 0.2908240971580291 0
-0.9727702308078379 0.08778742016164948 0
0.2920614604696811 0.9344180456494041 0
-0.1222117782420171 -0.8142129135603788 0
-0.7922286930664479 -0.1158963699702088 0
0.8881751632344722 0.3354203042702521 0
-0.02198673153473608 0.9224317515942193 0
0.9451945594285996 0.08726453467310247 0
-0.06122138277628858 0.174971871870095 0
-0.1917358384267421 -0.9308357975120511 0
-0.7331788173187976 -0.6097663836676513 0
-0.08868000454225661 0.9455674827315409 0
0.1958095548118479 0.3253456219314666 0
0.2370401723115123 0.3409044020931951 0
0.2420731017540576 0.3769351350103601 0
0.1200278711732307 -0.5183755414128958 0
-0.8424961788469967 -0.446743703582975 0
0.7968660208002243 0.2430038428087937 0
0.7916504371996981 0.2032834675171045 0
-0.335873399120741 0.6497674191312117 0
-0.299710569412929 0.6636945313778562 0
0.1098477286243135 0.9388934872421859 0
-0.6010773330459402 0.2211118182228522 0
-0.6324844539524379 0.2444103522379726 0
0.6916604468525671 0.4529779075021174 0
-0.6940572075670746 -0.562656063330026 0
-0.6718209757840801 -0.3256267486708599 0
0.8737742582252742 -0.191125185329515 0
0.9076283902162273 -0.2157292265419397 0
-0.02085697362738233 -0.8399741354801142 0
-0.7578367228766526 -0.5232249482708277 0
-0.7527565505744627 -0.4861113629022298 0
-0.7868151202596937 -0.4988072780697981 0
-0.784291123979668 -0.4680007076272656 0
-0.669078678619365 0.2273929420567807 0
0.8159455695998157 0.3945306643571495 0
-0.2143827942664421 0.3075791304523574 0
-0.1822671951247591 0.2370281235411194 0
0.7300090253258186 0.2520369015735149 0
-0.6079865552209219 -0.6642603056733717 0
-0.6114799958420815 -0.7003255980918164 0
0.699026566971815 0.2767059106419612 0
-0.5818437287121285 0.7094536211054041 0
-0.3755282032815199 0.8072662744933005 0
-0.4037561720755649 0.8279673647348254 0
0.1037391715538541 -0.6377053633560368 0
0.2356569199409811 0.2947841588870688 0
-0.3013040991473923 -0.5103476602387289 0
-0.7409383413860469 0.4983704881893811 0
-0.7685823591637717 0.5229338729815629 0
-0.762058501890549 0.558541854539351 0
-0.7277743814532807 0.570882294970591 0
-0.2419170217026065 -0.6416077428152875 0
0.8743716088592239 0.09410175202866325 0
-0.5431806357154694 -0.4216305660657162 0
-0.4393167872917595 -0.4524336375887243 0
-0.368534005743672 0.3230474715085839 0
-0.4027020894861688 0.348557557832647 0
-0.4418213955601154 0.3316748416487059 0
-0.4356035988152632 0.3714360660794201 0
-0.4720363194660044 0.3555069654553652 0
-0.4784235454757951 0.3137198528995502 0
-0.460954047946857 0.3929468874712067 0
-0.3968353812625195 0.393477427227639 0
-0.3557660764445528 0.4086209291038971 0
-0.3517513832168571 0.4502415273629385 0
-0.7208699073320199 0.6062104322528085 0
-0.7133682817262349 0.6382757467052367 0
0.5576978840048867 -0.5167396360389458 0
-0.04935647061784858 -0.2605275991701642 0
-0.8610250423039061 -0.2277744148839841 0
0.1532769019918564 -0.7622470317632533 0
0.1825357843439301 -0.7865731790260709 0
0.8238028378054612 -0.3173482397189198 0
0.8523817516535287 -0.3372903012807157 0
0.8465423199225679 -0.376267443623386 0
-0.489304041284489 0.7322585629902024 0
-0.4825278483340685 0.7689867829405178 0
-0.4479135677811005 0.7814511607985383 0
-0.4754934493953246 0.8043553509016291 0
-0.5063314109248043 0.790627360259304 0
-0.4407089138913409 0.8159705371958059 0
-0.4117491997966998 0.793504050526856 0
-0.5222772312383587 0.7552206802440095 0
0.3412873197366126 0.7833423851462317 0
0.3476378855082671 0.8198158597775907 0
0.3194146927442459 0.8429480209072624 0
0.3528004091775294 0.8558327982366128 0
0.3257326313859298 0.884441360618616 0
0.3629334807011047 0.886478919887551 0
0.2231491699661703 -0.7322221309838632 0
0.2547730702536447 -0.7557662877363712 0
0.2949632778888554 -0.7380289050587836 0
-0.6610794540132046 -0.5476851028106804 0
0.2877621598617826 -0.879301294048342 0
0.3147389459697018 -0.9006626807814162 0
0.834255503174238 -0.2435727417039249 0
0.8646683592184515 -0.2654729443880118 0
0.8700690113441698 -0.2284926036102657 0
0.8973734377389092 -0.2517616982823135 0
0.8448749228024539 0.1174627695856482 0
-0.4457765902954617 -0.6999773906018311 0
0.3560000429127699 -0.8499305985634875 0
0.6063517183541164 -0.4232315608279203 0
0.6753445837608032 -0.609643027436074 0
0.6732646430743083 -0.651075391580171 0
0.6367705588174671 -0.6594002629712775 0
0.09399979670217504 0.1020714422634248 0
0.2907176394550518 -0.2571569171591298 0
0.3303406757889044 -0.2423879791520184 0
0.296004748541122 -0.7007042843437495 0
0.02279231897807498 -0.318157786265745 0
0.05794900470301053 -0.3479166865028367 0
0.01394376849955017 -0.3658507523127539 0
-0.3012479768425978 0.8676559339586563 0
-0.0931041081865215 -0.5772820393030412 0
-0.03831584902638147 0.309116207531609 0
0.1706909593860614 0.0417132008645592 0
0.2149465132899877 0.05851331622463383 0
0.25148853077047 0.02911023082274655 0
0.2585499567501541 0.07609507221780856 0
0.2943379027499342 0.04631820607399093 0
0.3015232985676156 0.09309133229267071 0
0.3365532234241207 0.06317873491003659 0
0.3423257013942165 0.1063061797729141 0
0.3128529452936223 0.1350310297581204 0
0.3777961726060546 0.0756219686386265 0
0.3295748258799562 0.01719844587452529 0
0.1764408043765398 0.08911756859452966 0
0.2445849280015039 -0.01772635868112523 0
-0.8129694726061641 0.4789351777931498 0
0.4607923132551459 -0.7691108404020786 0
0.05917521938064017 0.4315829155999281 0
0.06587207769321526 0.4761939371002411 0
-0.8713185209125605 0.3109349475205901 0
-0.8656985257127762 0.3456547541131175 0
-0.8329595397272311 0.3595563033899464 0
-0.8612264480299343 0.3885970373202483 0
-0.7974492181915875 0.3737671019773073 0
-0.7338934454815076 0.362140615984917 0
0.9144987944932518 0.1828739099617655 0
-0.7563673228132795 -0.1381005034157081 0
-0.7590512598648138 -0.1783446671420242 0
-0.7270137914200455 -0.2005435143450106 0
0.09961678952854733 0.1501876573137113 0
0.2048200880160408 0.5867227384730542 0
0.2428974438953788 0.6012840827232309 0
0.2744510663262177 0.5757612338909834 0
0.2115404324837972 0.6267399418959197 0
0.2805774738167267 0.615660307678628 0
0.311705594895311 0.5905584827873387 0
0.3059742340253901 0.550437606494863 0
0.3431444081486931 0.5654665066567731 0
0.3176956639285944 0.6301633200666128 0
0.3381276101637102 0.5249181501052413 0
0.3751106948171873 0.5404751334913379 0
0.3792133884904731 0.5809256973570311 0
0.4102575621153628 0.5552079290157041 0
0.4071848822811151 0.514464923220018 0
0.2868618570644132 0.6549670947830766 0
-0.5412331158765994 -0.6719770367065624 0
-0.5757585645299673 -0.6868146330173404 0
-0.5775353073442309 -0.7227512654246699 0
0.6219264432176481 -0.3040189034770292 0
0.6585661602634885 -0.2888948574889672 0
0.6641947394448224 -0.2496890844554809 0
0.6544460217720847 -0.3270546185698306 0
0.6953503895697534 -0.2741656005048945 0
0.6331404152131814 -0.2249172996428017 0
0.6700114471758811 -0.2096129482571584 0
0.6158445045901432 -0.3436144432437426 0
0.6386883812002553 -0.1841557438634059 0
0.7074838894870218 -0.1924076470034605 0
0.7131496033644553 -0.1524102312371649 0
-0.8062487784861125 0.1652504593192446 0
0.6860734086293416 0.4149611097450033 0
-0.3814330038876513 -0.5875187925049509 0
0.9167872010162839 -0.1045762773030407 0
0.9224100537031947 -0.06800263183175398 0
0.8939920543034785 -0.04572878395067261 0
0.9256647505470301 -0.03067234380263249 0
0.8624730560765346 -0.02191589375063741 0
0.9256672401092404 0.009223148685346865 0
0.8280776313437435 -0.03478448994592092 0
0.9545442247105913 -0.05383012444145943 0
-0.1633678387307444 -0.5684256529445055 0
0.249353425299073 0.6408581090475575 0
0.2180324647220567 0.6662288293688685 0
0.1799970862836013 0.6521456765127832 0
0.1867052015684735 0.6916188970673832 0
0.1539757735758532 0.7174314322909249 0
0.1935295487031048 0.7303596390706567 0
0.1411576189786255 0.6380242739043341 0
0.1606508047518099 0.75848733734567 0
0.2565668412240649 0.6800707814636159 0
0.2257595871198986 0.7051855713496027 0
-0.8076472845285398 -0.3459979926331392 0
-0.922338733004225 0.04901860972876886 0
0.1750795565840293 0.4324834129026693 0
-0.1556378311191118 0.9197062232232478 0
-0.9358879328013598 -0.02127654433893987 0
0.4610480331561628 -0.3484566127619653 0
0.4989427248914942 -0.332011420737472 0
0.3688800704928825 -0.6700702448838888 0
0.3671210763396561 -0.7067741132177383 0
0.4447910183142729 -0.6012295928907838 0
0.4765564274024423 -0.6241241316974242 0
0.4810609305776045 -0.5853050772719521 0
0.1247790688958915 -0.919563642631668 0
0.09265975679899061 0.7699379435014237 0
0.05823879180003762 0.7908191807832697 0
0.06206462609443798 0.8222836051360979 0
-0.4236155707335868 0.5452709014841469 0
-0.4535215894162233 0.5718548630460045 0
-0.4170034344934991 0.5841887251414234 0
-0.3856086467260363 0.5586915824407863 0
0.1922429088146159 0.865028784575782 0
-0.5362162746053549 0.5042625510756454 0
0.748702018877123 -0.5466412912050496 0
0.7544984884064309 -0.5119811598356596 0
0.3665144347022898 0.4563060479398032 0
0.3996242105650902 0.4293043992410731 0
0.4383606043617554 0.4436886672527277 0
0.4703408064281735 0.4178653438288298 0
0.4759556580755014 0.4574725233398724 0
0.5074561169675804 0.4320986218585685 0
0.5021100328615862 0.3926386712201847 0
0.5409898136659839 0.4064055419519803 0
0.5340542848183766 0.3678680251802443 0
0.4431646929949117 0.4840416258692514 0
0.4826733845169723 0.4979610929499249 0
0.5495986710485886 0.4422368449735245 0
0.572488399291774 0.3815724967154611 0
0.5671544938648945 0.3412745517568091 0
0.528543040331001 0.32742269322998 0
0.6001010059594478 0.313109429325887 0
0.5228044732926438 0.2853802753827516 0
0.5223043804863311 0.6350084697625614 0
0.4040761555147868 0.4714880766995593 0
0.4721652487277279 -0.2667552029970671 0
0.1778696238085068 -0.6067406874902576 0
-0.611174087706053 0.4766205125870527 0
-0.6065705202181624 0.5125241769913595 0
0.07789931930036791 -0.796614469492537 0
0.0759167967058663 0.2720209014930668 0
0.707911590386365 0.5659297849739295 0
0.7332641098050604 0.5786059531145108 0
-0.5470851884447236 -0.7454572958114771 0
-0.1652307191179587 -0.220503524473128 0
-0.2060278278195342 -0.236548096666867 0
-0.2015432113480797 -0.1918710790981981 0
-0.0140994879637781 0.5802773099108605 0
0.2874571959241954 -0.0001152216258718901 0
0.3647561349806456 -0.01320033191667061 0
0.6087296885294342 0.5634572743964834 0
0.0129814389376056 -0.8389537651853987 0
-0.02148258287281099 -0.335176133199562 0
0.6470192617863717 -0.368692566627981 0
0.4569784649166408 -0.8027841658304926 0
0.4231643576001909 -0.8200285565364032 0
0.2842498416803629 0.8301185690644154 0
-0.1156632586835544 0.1073674090474539 0
-0.1543728795577216 0.1364961079657015 0
0.5151164843022406 -0.03761330117568583 0
0.5547444177516423 -0.02544344430953755 0
0.5866700491168323 -0.05238901482960329 0
-0.5132314624242046 -0.1865421517679825 0
-0.4683212115802437 -0.1289071970618301 0
-0.5588292858996257 -0.2401322055918536 0
-0.433358533925246 -0.1554288265687409 0
-0.4280593407733443 -0.1121106705590105 0
-0.3877471392830048 -0.09549823646948563 0
-0.4272915475931909 -0.0644491243651891 0
-0.3809905784271417 -0.05108231574042584 0
-0.4657242457290479 -0.08627878903024529 0
-0.3517561261581841 -0.1217150628042653 0
-0.2812306944225235 0.5602985762535939 0
0.5474122322417596 0.7757575185538914 0
-0.7996611643260449 0.5152222062289146 0
-0.697715716275134 0.3749717653295043 0
0.6068197827311762 -0.6368161591441095 0
0.02448797530358983 0.5952120595893393 0
-0.006032681280205011 0.6213807494092133 0
0.002669706388940979 0.6626277877306027 0
0.08060437599938759 0.3177856090157375 0
-0.4097498122776108 0.6222795780386357 0
-0.3119825191426204 0.1830997530967723 0
0.4193963573884193 -0.857781495886667 0
-0.03650511654953922 0.3539681678321857 0
-0.4111933469858473 -0.2674681262251909 0
0.5440107343895805 0.1755527056403142 0
-0.8893560079216567 0.2387019127351863 0
0.3176089358339848 -0.3299848037573896 0
0.6616140473126402 0.4773439385370132 0
0.4642957894762181 0.3774575098012828 0
-0.2674521839916524 -0.08713580877317781 0
-0.3033293048091226 -0.05881032206764063 0
-0.2605741559601814 -0.04069210531794383 0
-0.3383300802614211 -0.03038096035058615 0
0.1496199540719936 -0.1009652423899253 0
0.1032288499603776 -0.118608482598421 0
0.09115855780334463 -0.1653972541368853 0
0.1424319749950594 -0.153632688383652 0
-0.2567027718841479 -0.795263181330649 0
-0.4651046139734162 -0.3483650911906168 0
-0.7304999538312666 -0.2399692656129702 0
-0.6951632023476895 -0.2232131639939649 0
-0.805167418581347 0.3360149632661995 0
-0.6916406008326709 -0.1830934865034238 0
0.7023434912052707 -0.4680958445685646 0
-0.2603366853305248 0.4527651199376632 0
-0.4461332589018169 0.609863216685691 0
-0.7188285617179855 -0.4697171207204289 0
-0.5185548064245885 0.02392420839716463 0
-0.07192881930525512 0.8134967601953779 0
-0.3215144429068295 -0.3605599964710979 0
-0.06816047578706012 -0.9390759669555629 0
0.7288287780620878 -0.03658206304659613 0
-0.4469627767451025 0.2895869699057722 0
-0.4855683841745485 0.2718023579930492 0
-0.206134878552686 -0.6247672597784518 0
0.5877276269742615 -0.5409165695169327 0
-0.2421074525973813 -0.2066598620908492 0
-0.03256647353550753 0.8899498161029187 0
0.3025357016244398 -0.1667463749716381 0
0.1728723631747993 0.6122654254824627 0
-0.2054371936932521 0.3523644057953212 0
-0.2442948150748453 0.3837670508772049 0
-0.5709143667859757 0.5334027106215989 0
-0.006895031250592018 -0.9444773557701107 0
0.1132912654100153 -0.2454860141694563 0
-0.4981944852463203 0.518956180365278 0
0.6725359474362006 0.08427738446069324 0
-0.4060396434606399 -0.4769846271207143 0
0.02920126647874505 -0.6705506716581913 0
-0.5592937772523671 -0.5386848410999474 0
-0.6108095024303253 -0.07138826076329738 0
-0.247484676839766 0.7847670388349196 0
-0.1845542270070672 -0.4601174877383535 0
0.5323643821295097 -0.187940876938054 0
-0.346781739516935 0.7836013175333157 0
-0.7042326421941052 -0.006135248902164216 0
-0.73379622730552 0.01784264219224584 0
-0.7275027376170498 0.05737251343916625 0
0.8445834021696862 -0.1684053531848052 0
-0.3990008685335378 -0.8520506411240237 0
0.7900745066061363 -0.08465987542367645 0
0.1683752195178373 -0.3076475529798427 0
0.133889028163765 0.5978438721246255 0
-0.2415958036088405 -0.8526546894892949 0
0.4602300160426263 -0.4864342291995054 0
-0.4502095991773075 -0.7368841028595393 0
0.5800892908476089 -0.09211693555032963 0
0.6233504142161004 -0.04043728700346895 0
-0.8036767594145067 -0.3087655279442696 0
0.656215679944205 -0.06474497092633374 0
-0.2043970880262199 0.06910802183695572 0
-0.1884741444659249 0.439541743580622 0
0.796825625147247 -0.01056634962695373 0
0.8002790934277149 0.02760481305324215 0
-0.3258351077400622 -0.4026161978464957 0
0.2807622323138861 -0.04704505868452778 0
0.2322159216837681 0.2497623042629093 0
-0.6036383146175045 -0.6277104765845434 0
-0.419280105521061 0.7576624307458951 0
-0.1777496122267885 -0.6875178156046715 0
-0.2675755052575021 -0.5352710362603305 0
-0.2302480352028433 0.6857848937758517 0
-0.5526121698269765 0.0504845767461316 0
0.04575610046254782 -0.1812411937818929 0
0.2684581315063878 0.5351335515669799 0
-0.4112744028921037 -0.02035005263253715 0
-0.1263477330520773 -0.8535322238226986 0
-0.7228179182523491 0.2634244502414996 0
0.3452728627114652 -0.5691049490585418 0
0.3235404803416839 0.6686768359041657 0
0.5124368542358193 -0.6079120496711474 0
-0.7263769591700096 0.3999913692006379 0
0.1784920441753142 -0.2184953070975605 0
-0.8933800736760447 -0.2450852849985182 0
-0.3583673100691681 -0.7645492366451779 0
-0.5742219809460285 0.1565816848465788 0
0.7219769978812783 0.4277361760805905 0
-0.2283741399656187 0.4252836324949292 0
0.3822956098627717 0.3048569568365032 0
-0.6482324877666791 0.288965627558427 0
-0.1812540226548252 -0.7264400900429956 0
-0.6804172899468716 0.1494051195420032 0
0.6832305787355171 0.1590373097227837 0
0.03955118628670923 0.6756102008086331 0
-0.7618460860113065 -0.2175300615070122 0
-0.1141296444467494 -0.4696628161083767 0
-0.97505678933878 -0.08775669940970124 0
-0.6148819998155859 -0.1108058945879031 0
0.6207843155629933 0.2074590407496287 0
0.5019812086953468 -0.4338026825745933 0
-0.7077163799697166 -0.3412349268166967 0
0.06989774712196535 -0.8392455521699207 0
-0.2573459783321932 0.2886614020539509 0
-0.6369079205242421 0.5349652488471599 0
0.3570789387904008 -0.3146402720390919 0
-0.05722023941130554 -0.3058996590016719 0
-0.3172116002417407 -0.7505687736497729 0
-0.6478467037663364 0.4630237776401646 0
0.6224039253433729 -0.52788768636932 0
0.1883669305430947 -0.1288040967790475 0
-0.4748864817838713 0.6349357869868275 0
-0.01326292974757888 -0.7254802203910358 0
0.2078431201390291 0.7676872101799703 0
-0.08316362097329708 0.4034562294667787 0
-0.07145679068177366 -0.1393166901220314 0
0.7399461637475314 0.3304204891812818 0
-0.4991008463063391 -0.3257749037329787 0
-0.6198939033873907 -0.4566790780355418 0
0.6163121877449107 0.5996391866451897 0
-0.002671174696121898 0.01764805021421998 0
-0.5102319562720814 0.6226884376242101 0
0.2643149506313628 0.7185431059065738 0
-0.3616636110249375 0.08678206571969635 0
-0.3966733461779673 0.1133462500983726 0
-0.4358134193603375 0.09739322817128972 0
-0.430956009338399 0.1390359527117806 0
0.7208792482806141 -0.3629862932863134 0
-0.1827207814953886 0.7737437491268215 0
0.5237613499721091 -0.2287520595950787 0
-0.5490120692992352 -0.7773163030513827 0
-0.2984649334979596 -0.8082382441803249 0
0.277710464828926 -0.3450412345224223 0
0.1602501908821848 -0.9065241784257584 0
0.08407898450464617 -0.3841790481363065 0
-0.5059734206591558 -0.1007901876532909 0
-0.9093751738476452 0.1566908165906257 0
-0.834384889535667 0.01716643086577305 0
-0.09350590216355663 -0.01729549132075345 0
-0.3595801142956447 -0.3781054001018385 0
-0.07956791330777425 -0.7177112527194613 0
0.2222651012250418 -0.9104664718412776 0
-0.4206140725108296 -0.7586282439758034 0
0.02353828816020291 -0.5278112938616039 0
0.1428769334253957 0.1681192210285798 0
0.4059109186714369 0.00184744289150688 0
-0.02574246408327477 0.1441040371877439 0
-0.07661884468388784 0.444378148049459 0
-0.1282572338815702 0.6864990675464188 0
-0.5904861476907662 -0.2151932540820531 0
0.1646941595142604 -0.3514321521010548 0
0.9376813734714802 -0.1608352289702705 0
-0.1445672892586157 -0.08104875157243452 0
-0.1375733530162589 -0.03460282733278163 0
-0.3520834773393322 0.1688139175993923 0
-0.7930277483184802 0.2384358147932138 0
-0.01824908417829937 0.1914008582325948 0
0.7446212934277523 0.112147141752025 0
0.4398522081081047 0.210629422985079 0
-0.01962460428145388 0.7267810048700671 0
0.13575673562433 -0.8131270281756168 0
-0.5953195774786488 0.3755181112939268 0
0.309443800801104 -0.5850145318532975 0
0.5227848031140947 -0.7978799951834809 0
-0.03942421499650844 0.4598647168760825 0
0.3222303540541225 -0.465063659415919 0
0.02686397060720603 -0.9651553527753387 0
0.3009651651551529 0.5089628812417395 0
-0.4697292013537172 0.1227212760048081 0
0.3506529641806921 0.332451922952393 0
-0.6228873128217968 0.0617358476719997 0
-0.1781260610577854 0.5942877189585443 0
0.09781585261847188 -0.334201970400599 0
-0.2207866006759866 -0.4374378457879642 0
-0.8522098317181537 0.1127095983906546 0
-0.3458586400626268 0.211017987433544 0
-0.5685029918936861 0.197564177346145 0
0.4230813438162477 -0.49969988029254 0
-0.7568088579673862 0.5927412617168747 0
0.6929623401642969 -0.307713100252923 0
-0.07498955763709841 0.8495030702705867 0
-0.4851665377800776 -0.5464421110953608 0
-0.6747742951248759 0.1886123472284158 0
-0.1440150962121776 0.8240284088817295 0
-0.4033040945723526 0.6598710036823623 0
0.1378103224439193 0.1199267625572809 0
-0.1079776502439151 0.7994785776973957 0
-0.5821583434551733 -0.4391186316891149 0
0.7386262816300939 -0.2141384131578538 0
0.7043366401019938 0.3160397369617142 0
-0.3445572529427677 -0.07777639799374123 0
0.5193643480577987 0.7962363300504858 0
0.5523998880506341 -0.7771357869661114 0
0.8075690536742307 -0.5070150475177588 0
-0.9411063783603882 0.1774024224645141 0
0.5871269928470397 0.6231149483252791 0
0.3709572999609225 0.4982897027835481 0
-0.2125753079497915 -0.7036862574552961 0
-0.6785281024347457 0.6545093234834468 0
-0.09162157366984526 0.6999673045115052 0
-0.212667963275756 0.7978448114852001 0
-0.844462298198347 0.1510048131111257 0
0.4965971040296267 0.3526724919259263 0
-0.1685652359966361 -0.6085834208281711 0
0.7292656506880679 -0.2889924578388127 0
-0.1060135274842037 0.1556116493630297 0
-0.3510733765451804 -0.2901473229153144 0
-0.7711705452028035 0.005326542024498529 0
0.07275770757884942 -0.04082566215754242 0
0.6297807434088629 0.753200014109985 0
0.7439610571003965 -0.1756240282785059 0
0.2200524940375859 0.1081619864375773 0
0.3712853231048379 0.03127328447356908 0
-0.8943298591818249 0.2038257943531664 0
0.5792797883694636 0.7577083808812298 0
-0.1979098647064884 0.1504763552456158 0
-0.6099096251005338 -0.7648331247252562 0
-0.1119185912958328 -0.9705554071859029 0
0.9716611637626427 0.1096417808112423 0
0.4790267154317622 0.8520062060381344 0
0.9713274172107121 -0.1113683425893711 0
0.2694425146294142 -0.9404871562656876 0
-0.4773026824545857 0.8604927464499059 0
-0.7638751274330621 0.0433764895725036 0
0.3536928633163425 0.6451989409415422 0
0.3480488856762286 0.6054695312050786 0
-0.1312306886564062 -0.5929204748560136 0
0.2768484752847613 -0.5610288811734755 0
-0.06449723521679031 -0.09279611650553252 0
0.7001637109831569 -0.2341910551528331 0
-0.0442418035048899 -0.7026290256650609 0
0.4191996849396485 0.08793046266247184 0
0.5506894826356223 0.6108137035246336 0
-0.4642925316398484 0.1644809040164852 0
0.1552507348058603 0.9099426893075883 0
0.43425804320759 0.1697350515198064 0
-0.7120537110808318 -0.04389380803710598 0
-0.06207136463828603 0.6752451568184521 0
-0.5587074227140103 0.3887729249093249 0
0.7088480004977344 0.09808140760316648 0
-0.5908307145644393 0.03633482410171933 0
0.4905450079423828 0.3109158167209584 0
0.3849305813849407 0.1166057863731357 0
0.1211778920724944 0.3361254481538324 0
-0.1010021556653731 -0.06376642322217294 0
0.004579218246330357 -0.4129763244245364 0
0.8984282332605176 0.2760539256502497 0
-0.5953761394166799 -0.2546567131987163 0
-0.5556722381259408 0.006502552218505358 0
-0.2094783767700485 -0.6645327854571677 0
0.8579664635536688 -0.3011690722715497 0
0.532363464871647 0.6703172813061069 0
0.2832779733053662 0.387848601856927 0
0.2032493834732859 -0.8137280014161967 0
0.4740121562758683 -0.6609651111495907 0
0.7659162352611857 0.515740163388327 0
-0.7184649527799867 -0.4349755845458151 0
-0.4500678359597997 0.428474660904784 0
0.3933872329571147 0.7868685929759462 0
0.1573564349598275 0.3072804434653203 0
-0.5931820063932371 0.2565626272309197 0
-0.929501768688724 0.2476420095887099 0
0.02627393745388985 -0.05799840300541446 0
0.4058599218920944 0.7318882194063907 0
-0.2788038774120438 0.9126842447428541 0
0.5026048954950586 0.6939688835177603 0
0.4387604257991903 -0.675948741526733 0
-0.3390481753269129 -0.8932420358461662 0
0.2166626880466689 -0.7698026598550787 0
0.4627956923129142 0.6831471790754777 0
-0.3551629355773525 -0.3357634755217982 0
-0.5553181212594158 0.7327773001049354 0
0.1229793413723376 -0.1987579737208663 0
-0.5317752267251626 0.3636625765636471 0
-0.007499156923734732 -0.6865500722902814 0
0.3240297145649138 -0.286284117944438 0
0.443890335346632 0.5234003782844656 0
-0.3334927955190531 -0.2407238173911572 0
0.4461650146644172 0.7411199639725974 0
-0.4817820328417599 0.5977902207268972 0
0.4038214140704142 -0.6912861847359163 0
0.4138598971011043 0.5967497840403906 0
-0.3440211342731813 -0.6075131715674871 0
0.7719270115528371 -0.4441268109695802 0
-0.372683616475488 0.6357895364601285 0
-0.5809552213746708 -0.7588260394029145 0
0.567887449566492 -0.6872925458479195 0
-0.9439242906473406 -0.06009618492296035 0
0.4046166077757028 0.8544575279242018 0
0.8590469642879791 -0.05842143670824019 0
-0.4252937541012654 0.1803213331593619 0
0.2695105965792442 -0.7914344473707957 0
-0.4718840684214865 -0.605979170727421 0
0.6784872034296821 0.122083702122454 0
0.3317675228408224 -0.7221467195346494 0
0.3656905371678845 -0.743062329072553 0
-0.1629437330620224 -0.9432365599200989 0
-0.2768579305188281 -0.6577350637730629 0
-0.01125417980696474 -0.02900795062709579 0
-0.4896612920194728 0.5585782434364166 0
-0.02632578172064015 0.6884726414849038 0
-0.7905323644796236 -0.1569472243734921 0
-0.2283996287123942 0.8917109977036398 0
0.3002158764277885 -0.7739240825231651 0
-0.6774917817182826 -0.3716769609162644 0
-0.3859501478396593 -0.743465051497311 0
0.846460147445431 0.4084084526271184 0
-0.3429825643967107 -0.651090704449106 0
-0.05680162950544776 -0.04652548961143724 0
0.05971257660105458 -0.6936439585063741 0
0.4448438824934173 0.5697924576067541 0
0.8265615185263153 0.2163597075459604 0
0.3818152873342316 -0.8698241072001773 0
0.9674867794545978 0.05683369103516085 0
0.7164688539615559 0.6349439038265534 0
-0.3312861562179429 0.6865485820370788 0
-0.6801681301625154 -0.06711008475125499 0
-0.4167737477289931 -0.5921054612438014 0
-0.1001113844293275 -0.6167875774424219 0
0.9421701324504941 -0.1250719316457603 0
-0.8194563744178397 -0.08293587261421935 0
-0.5643787676844931 -0.2787086573580805 0
-0.7813589755428513 0.1401205499536566 0
-0.3915495939613895 0.1539781191194408 0
0.7939040253237135 -0.04813666057810442 0
0.7315742833135455 -0.0004560237558487597 0
-0.6997397532063845 -0.6338988680485588 0
-0.7074380120648192 -0.6668659808735906 0
0.04908729186712259 0.9461992988322645 0
-0.5560088080846822 0.2775600165535299 0
-0.3278983858634127 0.8890148158150973 0
0.5356158860724081 0.1330794646969507 0
-0.2213541816752901 -0.9379077971331343 0
-0.04220816609412332 0.6087001262302836 0
0.6906165464616981 -0.5019554905666419 0
-0.2951127496042172 0.6991663691234479 0
0.06652660469365428 -0.6542208119601676 0
-0.9089359920270366 -0.3429394534312951 0
0.6670252457849173 -0.7077741294407149 0
0.630918165458862 -0.6971234358370143 0
-0.3980294061469167 -0.8864921763017026 0
0.8877690913101035 -0.4010392450461244 0
-0.4250574835778645 0.8765655786185544 0
-0.05714160605951874 -0.9712623620384508 0
0.90926807888871 -0.3456493436159235 0
0.7077900635083002 -0.6642021942516497 0
-0.8890808788002319 -0.3998352703760727 0
-0.9757362797681257 0.03003265972679649 0
-0.9698752824326309 -0.03274906254433205 0
-0.6682963675708452 0.7075221078716717 0
0.9765843104840713 -0.03088023116284731 0
0.02943446655935689 0.9711282235040005 0
-0.02938134688870385 0.9739879961017162 0
-0.6448733458620616 -0.7315059124890535 0
-0.9151607230962331 0.3455861450659577 0
0.8928211698066865 0.4008257517971134 0
-0.8902166547627028 0.4001283600658905 0
0.426754647185327 0.8730690778414024 0
0.9756739155065557 0.02916787938847648 0
0.3689459231212742 -0.2280230670708108 0
0.6471607827305493 0.1464129772681959 0
0.4278458954875923 -0.460698102429602 0
-0.2700582636739344 -0.2652895897790338 0
0.9443344596999426 0.1661733584987007 0
0.2922141954703445 0.9006960260406587 0
0.7629434933290408 -0.02392700200445955 0
-0.6355647643996408 0.6589581334276495 0
0.605777180402817 0.3526325594831622 0
0.5730626724153977 0.07956106262777682 0
0.5191652735417295 0.04871590706981476 0
-0.1174023147845979 0.5451647409064004 0
0.3447660205203224 -0.9132332323067738 0
0.3345654398086049 -0.1948780681467366 0
0.5176274248829785 0.4685556675343808 0
0.1329223648389602 -0.6619014343475429 0
-0.06284160041250529 -0.6009037295649998 0
-0.1859255232210363 0.5604030774119156 0
-0.2190194905038165 -0.906739531778155 0
0.5052178458800435 0.528614655224977 0
0.5824218642799658 0.4161684953682812 0
-0.8459645365556901 -0.05721323622329511 0
0.6975986358159109 -0.01419868812700557 0
0.5578989181604472 0.4783026555672648 0
0.1407410004081534 -0.6221112487706582 0
-0.2527384707501519 -0.9230500942447033 0
0.3944643393578479 -0.4402171749040059 0
-0.9144906523444478 0.2770854209160182 0
0.6999788959103593 -0.6314845350724099 0
-0.793650801849765 0.5500024744438399 0
-0.5269557532578503 -0.5606019395829942 0
-0.8860860019537281 -0.1354629819841366 0
0.6167113355110072 0.1702136757311536 0
-0.7257223176059001 -0.5749300094891522 0
-0.517767784287357 -0.7992616418302112 0
-0.5122690080231218 -0.8281918311674533 0
-0.7744504266897861 0.1786597635151624 0
0.2052718416338772 -0.6322599649362409 0
-0.3485344732044418 0.9102977113684743 0
0.9347979598756 -0.1939414407482816 0
0.9477125792727678 -0.2190801416139041 0
0.6592281773332664 -0.02727579764431941 0
-0.2161019967430311 0.927635835832463 0
0.2412494706787535 -0.6167682748606986 0
-0.8061901717797595 -0.008316873051077481 0
0.9151121669775915 0.3477557166801655 0
-0.3573058433112964 0.127239748997558 0
-0.5170299863707349 0.2939385939919052 0
0.6901944389886614 0.6901944389886611 0
-0.6420922667923754 -0.05152546127122389 0
0.4702677601381313 -0.1447748296093117 0
-0.02478349184072358 -0.5834896440920452 0
-0.03394755994898094 0.648599140972056 0
-0.3683659858502508 -0.8714021995867367 0
0.2771400197024529 0.3487704940589205 0
0.6278564446555913 -0.4938392698459352 0
0.7735923357464382 -0.5643642128444312 0
-0.2159838136427762 -0.8721159270669439 0
-0.2649104910256077 0.6753099632553266 0
0.03765903118088793 -0.8600560345108264 0
-0.8688602488025042 -0.376122594166449 0
0.8117590706732923 -0.3841732562340197 0
0.2296167979626472 0.911196475871591 0
0.6670704050280392 0.7100713539051995 0
0.08364120883161165 0.9575548503942197 0
-0.7691390150723905 0.611478070866311 0
-0.5262617716845113 -0.2650258809317104 0
-0.0003937589934898521 -0.9766498159287078 0
0.08649397088446915 0.5079381391574266 0
0.1260243675880145 -0.9515439840612161 0
0.2611045318718577 0.9255459306702306 0
0.5215016179016703 -0.3050002543549767 0
0.5798038240630257 0.1551616852452569 0
0.3924013594026849 0.1563006895104062 0
-0.4305911608862577 0.8463572771110845 0
-0.8450384390738279 0.4239372763283251 0
-0.01628722108663373 -0.5436886943668989 0
-0.8570801956142683 -0.1222781378844075 0
-0.769196593148794 0.2148514834177889 0
-0.320650852191191 0.09967544048572877 0
-0.04376469300328387 0.8610428106841743 0
-0.271787426947055 0.6382180961503239 0
0.6316505251337238 0.702346290116575 0
0.5756964951760283 0.7933101244762722 0
0.8267247990781597 0.4647471201826045 0
0.8489596806412939 0.4427491910978434 0
0.08440794175552904 -0.9775728701704953 0
-0.8694833371816056 -0.4553833509293214 0
0.6290301953061459 -0.7534562252269111 0
-0.931850523532886 -0.2881477393796187 0
-0.9352938348180461 0.2930653846360065 0
-0.2928129083682471 0.9368222193313964 0
-0.0879149044639989 0.9767628156836438 0
0.8694833371816018 -0.4553833509293181 0
-0.7531631882958162 -0.628757428763152 0
-0.7116920274399878 0.6687505819579435 0
0.4596521189056431 -0.8388332345647127 0
-0.04172314942842149 0.9468714638511146 0
0.4900640224727084 0.8206730059301235 0
-0.8331853545367525 0.5135146379563641 0
0.6268601461739132 -0.004328943342173705 0
0.348890755503818 -0.882453329806721 0
0.4912372053607799 -0.7846306922707843 0
0.1664639517034949 0.8817846326439113 0
0.5998552577886692 -0.6687596681114731 0
-0.8106518570292601 -0.4507434128426124 0
0.1554285982801776 0.4953761983885213 0
-0.2815640159911979 0.07217264433880004 0
-0.2783158876638265 0.6007102956577854 0
0.1286179819580308 0.7731607247847689 0
0.9449229401422182 -0.08963358057125884 0
-0.1851078055355252 0.9360769508128437 0
-0.2087630970422018 0.9580970778072417 0
-0.3745531916213387 0.905457925922868 0
-0.09640130723514859 -0.9463226821057329 0
0.8436562251554074 0.4972692280681012 0
0.1349905279339564 0.9688701286931092 0
0.5221547968758704 -0.7670668025343039 0
-0.9461923805889063 0.07106395074893519 0
-0.5990476399511241 0.6545834922899341 0
0.05466718669012484 -0.9424428409577312 0
-0.6112621364625552 -0.7326401085598802 0
0.05238804679755755 -0.5526531400830285 0
0.7276364050084196 -0.4898727875580862 0
0.9265775156949037 0.2541005925401231 0
0.9518390417801521 0.2267064414378822 0
-0.6047609439403951 -0.03604540371079053 0
0.1860860707080806 0.4695392965576071 0
-0.538455891589176 0.7854696039551492 0
-0.5308684077754334 0.8155036369850679 0
-0.5712626841275809 0.7950265626156834 0
-0.4934063504901864 -0.2901356963634524 0
0.8550761412541157 -0.4068207530602155 0
0.3479509551096344 0.9129253639447295 0
-0.2383634138515932 0.08881586277943371 0
0.2287140049319552 0.9481844618106152 0
-0.07722938194376558 0.594188971427985 0
-0.324831782242711 0.4709872168052537 0
0.2093763796142233 0.4054567463311028 0
0.3538491371079334 0.1448439921257571 0
-0.9224197488110852 -0.2605022101769387 0
-0.9495766459211015 -0.2462421416839726 0
-0.9462325824646033 -0.1252374866638833 0
-0.968876941173883 -0.1534453760690872 0
0.6596326445156873 -0.679665145756009 0
-0.8152656204233826 -0.5124500805214053 0
0.7861734956198575 0.4941689195280657 0
0.687641684634313 -0.3453831291963216 0
-0.5064017866934618 0.3377854948147955 0
0.665705543413918 -0.481754033397244 0
-0.4674173322605996 0.8373441126466579 0
-0.7331704031945279 0.2284352258599761 0
0.004247187809689197 0.8303004820836076 0
-0.8414234307466311 0.4632481942288558 0
0.03182618518421081 0.8443034792809386 0
0.8701684082625079 0.4532955340452786 0
0.08762758196577689 -0.5432891240928884 0
-0.3939256379876874 0.8599797948597988 0
0.2499053202300408 0.4157724716367515 0
0.5261507336509474 0.8279967041749634 0
-0.1785913665063903 -0.3976212818982209 0
0.126224665917603 0.9137317445638051 0
-0.1977852161439641 0.1092123437871852 0
0.4041371049949217 -0.8888706540608213 0
-0.2465343967874755 0.5710112123062687 0
0.8802469152818621 -0.3512799012321732 0
0.9647036931868326 -0.1757770130119349 0
0.09183911833798865 0.830866112274583 0
0.3138020368245004 0.3197128935070315 0
-0.4825199475243225 -0.8248038547063388 0
-0.1660609673054106 -0.3134044480064865 0
-0.2186155614305594 -0.3501563860519591 0
0.1038017792907472 -0.485828338268017 0
-0.08519943696013943 0.5520432267175902 0
-0.7810726910688822 -0.4365391420306162 0
-0.8922328810232406 -0.3174046508644987 0
-0.4636316145488545 -0.313036935578426 0
0.1352149417925959 -0.323362736617785 0
-0.5514517478980908 0.7048040178616118 0
0.1094453631297391 0.4823911574597706 0
-0.5560446226099544 -0.8070937075549469 0
0.3457729228146826 0.292898971479184 0
0.2477333601416223 -0.9235565480346867 0
-0.2136327576862883 0.5424082367070856 0
0.2089052084568339 -0.9579393217952668 0
-0.8049911806179462 -0.5590262579337483 0
0.377814480948138 0.8639813992950085 0
0.6860550403623848 0.6579690425346639 0
0.2801089820631789 -0.9092766522321358 0
-0.3023909269319716 0.8971318876475255 0
0.162732821735582 -0.5092488894290541 0
0.7605257354568874 -0.4795016100556612 0
0.8719035358836944 0.3619464695255999 0
0.7955826165097162 0.5749269068371321 0
-0.914988107903837 -0.1733582173083167 0
0.03149502732278127 0.4882049173249628 0
-0.1609866378328357 0.9514555429400409 0
0.5917658834666599 -0.01659030862943081 0
0.4304301859214184 -0.8824765109962854 0
0.4470778717887102 -0.1664750615081441 0
0.5012430483428233 -0.1975507639548186 0
-0.6301310166801876 0.6015151263890843 0
0.1814559207082746 -0.4504007593505912 0
0.3736318763013653 0.8344405599758372 0
0.2968983071321916 -0.4467450723033468 0
-0.2904353383278341 0.4417686102166835 0
-0.01672877339540024 0.950549146035792 0
-0.4969503195487824 0.3795345512617022 0
-0.7508861768336392 -0.4525033776017706 0
0.3403764031167846 0.2545767968156826 0
0.656449240495381 -0.3988268896405016 0
0.7251235229678455 -0.6187164863205696 0
-0.04137815152655803 -0.9490591775399384 0
-0.6833578190467212 -0.6884749988990502 0
0.2475428829376489 -0.5769306922604145 0
0.2187012338142441 -0.4416703774418798 0
-0.6966832997998793 0.243122767425488 0
-0.3472505065038958 -0.9163802006366768 0
0.06397021603126286 0.8547062413926622 0
0.3343630973644524 0.2122050338858709 0
0.3683491352685087 0.7986850963738202 0
-0.5717658528841709 -0.02151299057365018 0
0.3332262709984656 -0.4306685061190736 0
0.9509815726454058 -0.01492886017073958 0
0.03056346525439956 0.4546887549476633 0
-0.2083342962836654 -0.2714180659929799 0
-0.4870197246404152 0.416736776220837 0
0.3733294710280127 -0.4139011902737656 0
0.1424869383583444 -0.2798977860505762 0
0.9182184822202952 -0.2700316533206942 0
-0.4580250708247211 -0.8368777245113266 0
-0.6621732443535345 0.6810465274542015 0
0.2712484507993539 0.9462747537660143 0
-0.1763561137816822 -0.9647627141700499 0
0.4760736751627987 -0.8601961541076101 0
-0.2666390306115752 -0.9460073603857715 0
0.9422990620125575 -0.2679662173864241 0
0.9709121518361079 0.1734939307489654 0
-0.476554316123431 -0.8537405109537485 0
0.9460807742293924 0.2697172428602654 0
-0.6104342869303756 0.7671748208376602 0
-0.8136336742862375 0.5565850048434072 0
-0.9758572141216852 0.1102363905227389 0
0.7695336137924649 -0.610198413241848 0
-0.9712494016167039 -0.1111215429608062 0
0.6097333021073479 0.7645751535822818 0
0.7675424385185008 0.6082536328095722 0
-0.009765170560307849 0.4377384578002529 0
0.3221051218449584 -0.9270260809346983 0
-0.1490755938976677 0.2657076893498603 0
0.5630393824453994 0.006757265972216892 0
-0.4009026836937872 -0.6171451967793069 0
0.5195921399113311 -0.7386827870366002 0
-0.7915762786761513 -0.5279044310311156 0
-0.7500119021783823 -0.5533378527165767 0
0.08561620360834869 0.9786094876771587 0
-0.04700764829376863 0.4224072620078971 0
-0.949207315605989 0.03525404191836169 0
-0.9168298392657054 -0.145524344932001 0
-0.2407309073626303 -0.2444626800350579 0
-0.9008372161726275 0.300526316417971 0
-0.06789345600094818 0.3271878061570235 0
-0.2134691481612092 -0.8414306853053373 0
-0.4279928299404307 0.40297813995776 0
0.9316895656784696 -0.2448427023307812 0
0.2520481809358219 -0.5366335986737998 0
0.7807287567713875 -0.5039120128608667 0
-0.2605001709500168 0.4207284313460449 0
-0.1412136197234808 0.5276830375621657 0
-0.4221671605393434 -0.2980907451734037 0
-0.05394619799506393 0.3860943947258462 0
-0.5012503441724699 0.8252615870863266 0
-0.3798333126295191 0.4321285047758511 0
-0.722920346016676 -0.4050970508013162 0
0.08645029499149329 0.7994889354693616 0
-0.5193437696571379 -0.009864749682252774 0
0.7352991500302974 0.6517257908937105 0
-0.6076971196259779 0.5920464564269086 0
0.2591485810875622 -0.4983389450596015 0
0.4878575556071812 -0.3646647760506823 0
0.1485869048536136 -0.2344507885552207 0
-0.2214873710733985 -0.9598548655573174 0
-0.9722251453164306 0.1474339225838323 0
-0.1303959368662867 0.9749825905996871 0
-0.4930651887296126 0.8494466729470902 0
0.1653476581567826 -0.9702035035374732 0
-0.5968493871206904 -0.7802525658363733 0
-0.7802262227563633 0.5997852332557411 0
0.9735982984454783 0.1293237407313494 0
-0.958449086717184 0.2181746213699608 0
-0.1652218619843768 0.9708062744263006 0
-0.8333632912435234 -0.524454846427342 0
0.1284431300690008 -0.974299731156884 0
-0.8520215698947092 -0.4935650975985995 0
-0.9507940442270679 0.2535063412008516 0
0.1827793901983037 0.9649240763124507 0
-0.8043348491794307 0.5688341181732359 0
-0.967481719900254 0.1831021102887828 0
-0.9621058544683866 -0.2006328846706174 0
0.4229004789239985 -0.1031617362854361 0
0.9002747963279609 0.3034674416184522 0
-0.1445079715016237 -0.4540105480555536 0
-0.6081732042182934 0.5430917284676133 0
-0.8294404613461599 -0.1116546671857769 0
-0.6590568208370291 0.2586429013689152 0
0.4690822038289991 -0.4557955267008468 0
0.7625700135524915 0.5794392146289405 0
0.4751209873663835 -0.4175803655965166 0
0.8738944965253013 -0.3816264905309812 0
0.9499145283792617 0.02575974364460466 0
-0.115109196843651 0.2772633907743638 0
-0.6366300066169572 -0.7066730344399427 0
-0.1913223375396543 -0.4231695028839053 0
0.9803548296117074 -0.05731609908239342 0
-0.1685173209102996 0.1689225566521674 0
0.3267172411721446 0.1727274071993904 0
-0.1026261713866087 0.3166055563538506 0
-0.4685044020300167 -0.0527442820488716 0
0.1567034015634304 -0.1930770761936811 0
0.4937869083846851 -0.2907710979506109 0
0.1506907199183656 0.7882392254892985 0
0.7387318679721101 0.6049446259807408 0
-0.3824858794252605 -0.2817800228131263 0
-0.165269870707143 0.2064557099655812 0
0.003319019081049466 -0.8128771301881869 0
0.9559198283368665 -0.2371345949494333 0
0.2936958454384211 0.1629636112076121 0
0.5006549844562936 -0.250563698887972 0
-0.7350994050583803 0.6519965610575528 0
-0.5859511210749024 0.2848835373440238 0
-0.5235796574570039 0.834419593283559 0
0.3756197532090306 0.9077163071709151 0
-0.8917106319329211 0.3318168644107342 0
0.1534345873397376 -0.7922474579247729 0
-0.9111014602387261 0.1837263482395072 0
-0.5108355058359663 -0.8446529644341776 0
0.5149099567548359 -0.3602675675994075 0
0.630277136910919 -0.4028611936481286 0
0.4734809233224394 -0.1826283019110209 0
0.8681735017095458 0.3880756194110948 0
0.9380763715394301 0.1981262772372641 0
-0.6215000734456673 0.272176982086925 0
-0.1208477290221563 0.9224390826938557 0
0.2207871877949979 -0.9357554215959749 0
0.4579957753460194 0.8363048088649717 0
0.6219517433307704 -0.445054497220621 0
0.07799802701082258 -0.9571407889460728 0
$EndNodes
$Elements
193 5388 1 5388
1 1 1 1
1 1 2 
1 2 1 1
2 2 3 
1 3 1 1
3 3 4 
1 4 1 1
4 4 5 
1 5 1 1
5 5 6 
1 6 1 1
6 6 7 
1 7 1 1
7 7 8 
1 8 1 2
8 8 193 
9 193 9 
1 9 1 2
10 9 194 
11 194 10 
1 10 1 2
12 10 195 
13 195 11 
1 11 1 2
14 11 196 
15 196 12 
1 12 1 2
16 12 197 
17 197 13 
1 13 1 1
18 13 14 
1 14 1 1
19 14 15 
1 15 1 1
20 15 16 
1 16 1 1
21 16 17 
1 17 1 1
22 17 18 
1 18 1 1
23 18 19 
1 19 1 1
24 19 20 
1 20 1 2
25 20 198 
26 198 21 
1 21 1 2
27 21 199 
28 199 22 
1 22 1 2
29 22 200 
30 200 23 
1 23 1 2
31 23 201 
32 201 24 
1 24 1 2
33 24 202 
34 202 25 
1 25 1 1
35 25 26 
1 26 1 1
36 26 27 
1 27 1 1
37 27 28 
1 28 1 1
38 28 29 
1 29 1 1
39 29 30 
1 30 1 1
40 30 31 
1 31 1 1
41 31 32 
1 32 1 2
42 32 203 
43 203 33 
1 33 1 2
44 33 204 
45 204 34 
1 34 1 2
46 34 205 
47 205 35 
1 35 1 2
48 35 206 
49 206 36 
1 36 1 2
50 36 207 
51 207 37 
1 37 1 1
52 37 38 
1 38 1 1
53 38 39 
1 39 1 1
54 39 40 
1 40 1 1
55 40 41 
1 41 1 1
56 41 42 
1 42 1 1
57 42 43 
1 43 1 1
58 43 44 
1 44 1 2
59 44 208 
60 208 45 
1 45 1 2
61 45 209 
62 209 46 
1 46 1 2
63 46 210 
64 210 47 
1 47 1 2
65 47 211 
66 211 48 
1 48 1 2
67 48 212 
68 212 49 
1 49 1 1
69 49 50 
1 50 1 1
70 50 51 
1 51 1 1
71 51 52 
1 52 1 1
72 52 53 
1 53 1 1
73 53 54 
1 54 1 1
74 54 55 
1 55 1 1
75 55 56 
1 56 1 2
76 56 213 
77 213 57 
1 57 1 2
78 57 214 
79 214 58 
1 58 1 2
80 58 215 
81 215 59 
1 59 1 2
82 59 216 
83 216 60 
1 60 1 2
84 60 217 
85 217 61 
1 61 1 1
86 61 62 
1 62 1 1
87 62 63 
1 63 1 1
88 63 64 
1 64 1 1
89 64 65 
1 65 1 1
90 65 66 
1 66 1 1
91 66 67 
1 67 1 1
92 67 68 
1 68 1 2
93 68 218 
94 218 69 
1 69 1 2
95 69 219 
96 219 70 
1 70 1 2
97 70 220 
98 220 71 
1 71 1 2
99 71 221 
100 221 72 
1 72 1 2
101 72 222 
102 222 73 
1 73 1 1
103 73 74 
1 74 1 1
104 74 75 
1 75 1 1
105 75 76 
1 76 1 1
106 76 77 
1 77 1 1
107 77 78 
1 78 1 1
108 78 79 
1 79 1 1
109 79 80 
1 80 1 2
110 80 223 
111 223 81 
1 81 1 2
112 81 224 
113 224 82 
1 82 1 2
114 82 225 
115 225 83 
1 83 1 2
116 83 226 
117 226 84 
1 84 1 2
118 84 227 
119 227 85 
1 85 1 1
120 85 86 
1 86 1 1
121 86 87 
1 87 1 1
122 87 88 
1 88 1 1
123 88 89 
1 89 1 1
124 89 90 
1 90 1 1
125 90 91 
1 91 1 1
126 91 92 
1 92 1 2
127 92 228 
128 228 93 
1 93 1 2
129 93 229 
130 229 94 
1 94 1 2
131 94 230 
132 230 95 
1 95 1 2
133 95 231 
134 231 96 
1 96 1 2
135 96 232 
136 232 97 
1 97 1 1
137 97 98 
1 98 1 1
138 98 99 
1 99 1 1
139 99 100 
1 100 1 1
140 100 101 
1 101 1 1
141 101 102 
1 102 1 1
142 102 103 
1 103 1 1
143 103 104 
1 104 1 2
144 104 233 
145 233 105 
1 105 1 2
146 105 234 
147 234 106 
1 106 1 2
148 106 235 
149 235 107 
1 107 1 2
150 107 236 
151 236 108 
1 108 1 2
152 108 237 
153 237 109 
1 109 1 1
154 109 110 
1 110 1 1
155 110 111 
1 111 1 1
156 111 112 
1 112 1 1
157 112 113 
1 113 1 1
158 113 114 
1 114 1 1
159 114 115 
1 115 1 1
160 115 116 
1 116 1 2
161 116 238 
162 238 117 
1 117 1 2
163 117 239 
164 239 118 
1 118 1 2
165 118 240 
166 240 119 
1 119 1 2
167 119 241 
168 241 120 
1 120 1 2
169 120 242 
170 242 121 
1 121 1 1
171 121 122 
1 122 1 1
172 122 123 
1 123 1 1
173 123 124 
1 124 1 1
174 124 125 
1 125 1 1
175 125 126 
1 126 1 1
176 126 127 
1 127 1 1
177 127 128 
1 128 1 2
178 128 243 
179 243 129 
1 129 1 2
180 129 244 
181 244 130 
1 130 1 2
182 130 245 
183 245 131 
1 131 1 2
184 131 246 
185 246 132 
1 132 1 2
186 132 247 
187 247 133 
1 133 1 1
188 133 134 
1 134 1 1
189 134 135 
1 135 1 1
190 135 136 
1 136 1 1
191 136 137 
1 137 1 1
192 137 138 
1 138 1 1
193 138 139 
1 139 1 1
194 139 140 
1 140 1 2
195 140 248 
196 248 141 
1 141 1 2
197 141 249 
198 249 142 
1 142 1 2
199 142 250 
200 250 143 
1 143 1 2
201 143 251 
202 251 144 
1 144 1 2
203 144 252 
204 252 145 
1 145 1 1
205 145 146 
1 146 1 1
206 146 147 
1 147 1 1
207 147 148 
1 148 1 1
208 148 149 
1 149 1 1
209 149 150 
1 150 1 1
210 150 151 
1 151 1 1
211 151 152 
1 152 1 2
212 152 253 
213 253 153 
1 153 1 2
214 153 254 
215 254 154 
1 154 1 2
216 154 255 
217 255 155 
1 155 1 2
218 155 256 
219 256 156 
1 156 1 2
220 156 257 
221 257 157 
1 157 1 1
222 157 158 
1 158 1 1
223 158 159 
1 159 1 1
224 159 160 
1 160 1 1
225 160 161 
1 161 1 1
226 161 162 
1 162 1 1
227 162 163 
1 163 1 1
228 163 164 
1 164 1 2
229 164 258 
230 258 165 
1 165 1 2
231 165 259 
232 259 166 
1 166 1 2
233 166 260 
234 260 167 
1 167 1 2
235 167 261 
236 261 168 
1 168 1 2
237 168 262 
238 262 169 
1 169 1 1
239 169 170 
1 170 1 1
240 170 171 
1 171 1 1
241 171 172 
1 172 1 1
242 172 173 
1 173 1 1
243 173 174 
1 174 1 1
244 174 175 
1 175 1 1
245 175 176 
1 176 1 2
246 176 263 
247 263 177 
1 177 1 2
248 177 264 
249 264 178 
1 178 1 2
250 178 265 
251 265 179 
1 179 1 2
252 179 266 
253 266 180 
1 180 1 2
254 180 267 
255 267 181 
1 181 1 1
256 181 182 
1 182 1 1
257 182 183 
1 183 1 1
258 183 184 
1 184 1 1
259 184 185 
1 185 1 1
260 185 186 
1 186 1 1
261 186 187 
1 187 1 1
262 187 188 
1 188 1 2
263 188 268 
264 268 189 
1 189 1 2
265 189 269 
266 269 190 
1 190 1 2
267 190 270 
268 270 191 
1 191 1 2
269 191 271 
270 271 192 
1 192 1 2
271 192 272 
272 272 1 
2 1 2 5116
273 1224 1577 1576 
274 1569 2235 1808 
275 1648 1650 1202 
276 332 2208 1702 
277 385 2445 384 
278 1702 2208 1679 
279 365 1711 1630 
280 1886 2103 1888 
281 1223 1577 1224 
282 1952 2496 1861 
283 1177 1579 1176 
284 999 1669 1599 
285 85 2502 290 
286 190 2389 269 
287 1682 2502 85 
288 196 2474 11 
289 801 2611 1655 
290 278 2329 1651 
291 1519 2562 1638 
292 34 2432 204 
293 618 1760 616 
294 72 2479 221 
295 1381 2022 1111 
296 618 2621 1760 
297 84 2448 226 
298 1815 1817 1062 
299 1638 2562 312 
300 286 2207 1603 
301 1335 2496 1952 
302 801 1655 937 
303 1568 1640 946 
304 346 2316 1705 
305 1605 2067 937 
306 106 2492 234 
307 46 2484 209 
308 491 1639 493 
309 1705 2316 1409 
310 1688 2261 1778 
311 1382 2258 2243 
312 216 2461 59 
313 364 1895 1589 
314 199 2464 21 
315 48 2465 211 
316 108 2490 236 
317 2243 2258 1767 
318 1922 2369 1926 
319 1651 2329 1653 
320 220 2478 70 
321 2196 2267 1173 
322 24 2542 201 
323 800 1667 1666 
324 783 2408 2092 
325 1463 1724 1499 
326 35 2508 205 
327 271 2515 191 
328 1575 1646 775 
329 1450 2123 1586 
330 1888 2103 1314 
331 946 1639 1568 
332 130 2529 244 
333 256 2533 155 
334 119 2534 240 
335 1543 2267 2196 
336 775 1646 756 
337 1706 2446 366 
338 1567 2666 504 
339 1895 2338 2277 
340 1576 1578 1224 
341 800 1676 1667 
342 1529 2413 2318 
343 2266 2300 1852 
344 1579 1580 1176 
345 937 1655 1605 
346 1950 2408 783 
347 2091 2294 1721 
348 246 2384 131 
349 504 2624 1567 
350 1542 2446 1706 
351 1825 2448 290 
352 1832 2424 361 
353 1472 1640 1288 
354 1817 1820 1062 
355 1111 2022 1274 
356 2021 2022 1381 
357 1386 2351 1623 
358 1727 1728 379 
359 2318 2413 359 
360 1692 1794 1792 
361 1659 2282 902 
362 1611 1612 684 
363 150 2156 149 
364 1255 2411 1535 
365 1194 2023 1391 
366 389 2203 1986 
367 1778 2477 1688 
368 1571 2358 526 
369 1630 1711 1449 
370 1144 2356 1582 
371 2445 2583 384 
372 902 2307 1659 
373 1986 2251 389 
374 1386 2375 2351 
375 2124 2162 1807 
376 2277 2338 277 
377 1874 1875 1218 
378 756 1646 755 
379 1926 2369 812 
380 1786 2258 1382 
381 358 2335 1800 
382 664 1613 644 
383 1542 2018 1701 
384 1620 2126 1303 
385 1875 1877 1218 
386 493 1639 946 
387 1382 2281 1786 
388 280 2418 1574 
389 526 2359 1571 
390 1574 2695 280 
391 1202 2273 1648 
392 973 2300 2266 
393 1090 2162 2124 
394 1160 2201 1048 
395 973 2266 1925 
396 1541 2018 1542 
397 2253 2268 1565 
398 2363 2372 1041 
399 1926 2372 2363 
400 1391 2023 1912 
401 775 1698 1575 
402 938 2268 2253 
403 1181 1876 1098 
404 1899 2270 1898 
405 1599 2553 999 
406 1420 2379 2171 
407 2281 2293 1786 
408 352 1633 1631 
409 1997 2100 1994 
410 1645 2560 1683 
411 1405 2393 1673 
412 290 2502 1825 
413 1786 2293 1787 
414 1807 1808 605 
415 1512 1637 377 
416 1430 1832 1831 
417 1928 2357 1927 
418 1853 1933 1924 
419 779 1698 776 
420 1792 2240 1692 
421 2310 2370 1488 
422 1659 2171 969 
423 1708 1741 1520 
424 1808 2235 605 
425 1953 2445 385 
426 1712 2301 1577 
427 1683 2592 1645 
428 759 1713 740 
429 280 2695 2435 
430 1393 2303 1702 
431 1673 2370 2310 
432 605 2124 1807 
433 684 1613 1611 
434 1801 2453 2329 
435 1586 2123 396 
436 1585 2429 970 
437 1358 2270 1899 
438 967 2267 1543 
439 1209 1660 1420 
440 1707 1741 1708 
441 1019 2253 1565 
442 1430 2424 1832 
443 1020 2272 1871 
444 1223 1712 1577 
445 1288 1640 1568 
446 1565 2248 1019 
447 634 1614 626 
448 1589 2606 364 
449 1635 2044 1004 
450 1072 1741 1707 
451 1004 1998 1635 
452 1472 1641 1640 
453 663 1930 632 
454 1545 2438 357 
455 1925 2368 973 
456 2272 2297 1677 
457 1104 2194 2169 
458 2037 2213 2197 
459 1543 2352 967 
460 1823 2201 1160 
461 1224 1579 1177 
462 2087 2277 277 
463 1699 2291 1836 
464 1713 2301 1712 
465 361 2346 1832 
466 961 2030 1127 
467 2169 2194 1862 
468 1625 2655 1345 
469 1572 2277 2087 
470 1744 2378 1973 
471 1612 1614 684 
472 968 2505 1710 
473 1199 1961 1624 
474 970 2501 1585 
475 1020 2297 2272 
476 1673 2393 1305 
477 794 1938 1584 
478 354 2040 1591 
479 1462 1724 1463 
480 1144 2468 2356 
481 1591 1694 354 
482 1800 2493 358 
483 1423 2191 1869 
484 1535 2411 1518 
485 1677 2287 1432 
486 1607 2327 318 
487 1927 2357 808 
488 969 2282 1659 
489 1710 2521 968 
490 1535 1911 1255 
491 2284 2285 1899 
492 944 2121 1998 
493 783 2092 1938 
494 1968 1993 431 
495 1583 2495 1328 
496 1375 2285 2284 
497 1630 2336 365 
498 1499 1724 1646 
499 1957 2195 1636 
500 1082 2100 1997 
501 373 1914 1913 
502 1998 2121 1635 
503 1385 2319 1448 
504 1656 2341 317 
505 644 1613 684 
506 1928 1929 1081 
507 2487 2507 647 
508 1207 1877 1393 
509 1352 1654 1652 
510 1452 2243 1767 
511 998 1961 1199 
512 1731 2021 1381 
513 924 1713 759 
514 1709 2507 2487 
515 2353 2586 340 
516 1956 2195 1957 
517 1333 1995 1661 
518 1375 2284 1787 
519 318 2409 1607 
520 1721 2294 1613 
521 1425 2376 1986 
522 1986 2376 2251 
523 1603 2286 286 
524 1383 2472 2324 
525 1620 2683 2126 
526 2329 2453 1653 
527 1610 2294 1152 
528 1328 2433 1583 
529 504 2666 911 
530 2171 2379 969 
531 664 1721 1613 
532 1571 2359 1064 
533 340 2689 2353 
534 1345 2655 1941 
535 1584 2150 794 
536 2304 2536 1546 
537 1938 2092 1584 
538 2319 2396 1448 
539 364 2338 1895 
540 1347 2291 1699 
541 1140 1737 1689 
542 1767 2682 1452 
543 1831 1833 1430 
544 1520 2403 1708 
545 1853 2186 1933 
546 1232 2023 1194 
547 1933 2186 1915 
548 1624 1962 1199 
549 2419 2484 2411 
550 1828 2417 576 
551 1098 1876 1218 
552 2335 2377 1800 
553 2207 2463 1603 
554 2255 2259 904 
555 1180 1963 1626 
556 1198 1660 1621 
557 1181 1878 1876 
558 1621 1660 1209 
559 1004 2611 801 
560 894 2287 1677 
561 1608 2259 2255 
562 1643 2245 1344 
563 1731 2093 1387 
564 1867 2219 2178 
565 1275 2279 1878 
566 1650 2410 1202 
567 1344 1644 1643 
568 1778 2261 1161 
569 1064 2599 1571 
570 1871 2600 1020 
571 1661 1995 648 
572 1602 2366 590 
573 937 1698 779 
574 1924 2266 1853 
575 1650 2481 1770 
576 1062 2201 1815 
577 576 2544 1828 
578 1637 2543 377 
579 2422 2488 2232 
580 1273 1644 1344 
581 839 1885 844 
582 1586 2131 1450 
583 621 2621 618 
584 684 1614 634 
585 2321 2421 1985 
586 1787 2293 1375 
587 1770 2410 1650 
588 1669 2564 1590 
589 1218 1877 1207 
590 1967 2066 911 
591 357 2524 1545 
592 1690 2584 2374 
593 379 2494 1727 
594 776 1698 775 
595 1231 1833 1664 
596 1977 2401 2323 
597 1776 1777 1739 
598 1878 2279 1876 
599 1590 2564 2551 
600 590 2617 1602 
601 1500 2067 1502 
602 347 2536 2304 
603 2108 2177 1612 
604 1973 2378 335 
605 276 2354 1783 
606 1506 2488 2422 
607 1152 2622 1610 
608 2364 2373 1740 
609 1886 1888 1885 
610 1152 2294 2091 
611 1883 1884 861 
612 1072 2249 908 
613 1512 2074 1637 
614 1567 2624 1544 
615 491 2235 1639 
616 1664 1833 1059 
617 344 2156 150 
618 2318 2341 1656 
619 1378 2449 2390 
620 1690 2374 1633 
621 1639 2235 1569 
622 970 2170 2009 
623 1803 2265 1804 
624 352 1690 1633 
625 1735 1857 1856 
626 431 2066 1968 
627 336 2484 2419 
628 1886 1890 1119 
629 912 2373 2364 
630 683 1930 663 
631 944 2097 1619 
632 1137 2219 1862 
633 1626 1961 1180 
634 1783 2482 276 
635 1048 2201 1062 
636 938 2259 1608 
637 1912 2026 1391 
638 609 1931 539 
639 1739 1777 1738 
640 1973 2448 1825 
641 1218 1876 1874 
642 1830 1832 315 
643 1687 1688 307 
644 1160 2175 1823 
645 1808 1951 1569 
646 1702 2303 332 
647 1657 2594 2204 
648 308 2347 1662 
649 1630 2409 2336 
650 1180 1961 998 
651 1539 2176 2009 
652 1303 2191 1620 
653 12 2474 196 
654 1628 1733 753 
655 1925 2363 1041 
656 662 2289 2026 
657 1738 1777 1076 
658 1614 1749 626 
659 1381 2093 1731 
660 427 2066 428 
661 1616 2292 387 
662 1692 2240 1693 
663 1081 1930 1928 
664 1621 2177 1198 
665 1862 2194 1137 
666 753 1712 1628 
667 2178 2219 1137 
668 1619 2121 944 
669 2349 2362 1804 
670 740 1713 753 
671 1806 1951 1808 
672 1014 2610 1983 
673 1929 1931 1081 
674 931 2030 961 
675 257 2211 301 
676 207 2209 343 
677 272 2210 304 
678 252 2207 286 
679 2390 2449 2048 
680 2384 2518 2383 
681 632 1930 1081 
682 2383 2518 1434 
683 1608 2268 938 
684 1119 2103 1886 
685 1652 2276 1352 
686 1995 1997 1994 
687 1640 2086 946 
688 1680 1731 1387 
689 1542 1706 1540 
690 1429 2502 2424 
691 1983 2619 1014 
692 937 2067 1698 
693 1734 1856 1094 
694 1869 2191 945 
695 1707 2249 1072 
696 1582 2356 2188 
697 1660 2030 1420 
698 1885 1888 844 
699 1678 1702 1679 
700 1716 2465 294 
701 1273 1719 1644 
702 691 2232 2221 
703 1615 2321 526 
704 1667 2362 2349 
705 1041 2368 1925 
706 2324 2472 2004 
707 2275 2470 2206 
708 1935 2386 1524 
709 1884 1885 861 
710 2135 2202 1948 
711 2075 2097 896 
712 1969 2125 1962 
713 1646 1724 755 
714 1666 1668 800 
715 396 2123 1903 
716 1607 1675 1474 
717 1756 2497 2396 
718 1728 2557 2523 
719 1761 1762 333 
720 1619 2097 2075 
721 1758 2621 621 
722 2009 2170 1539 
723 124 2317 123 
724 1669 2627 1599 
725 387 2254 1616 
726 1665 1674 1349 
727 204 2432 33 
728 1127 2030 1660 
729 1333 1996 1995 
730 2356 2580 2188 
731 349 2333 2011 
732 1735 1856 1734 
733 1822 1947 1075 
734 1968 2180 1993 
735 1075 1948 1822 
736 882 2017 877 
737 1804 2265 1336 
738 1430 1833 1231 
739 221 2479 71 
740 858 2176 2173 
741 2386 2392 1524 
742 2197 2213 580 
743 1714 2274 1438 
744 1658 1672 1286 
745 861 1885 839 
746 364 2606 2337 
747 2424 2502 1682 
748 905 2628 1622 
749 1219 1702 1678 
750 1615 2421 2321 
751 2173 2176 1539 
752 2296 2434 1483 
753 226 2448 83 
754 1821 2202 907 
755 1962 2125 1199 
756 861 1887 1883 
757 1837 2085 1838 
758 1150 2085 1837 
759 2221 2232 1821 
760 1345 2245 1625 
761 1349 1674 1106 
762 897 2295 896 
763 1057 1793 1722 
764 1597 2402 2257 
765 1823 2175 1418 
766 1722 1793 1723 
767 2501 2503 1585 
768 970 2429 2170 
769 1585 2503 1531 
770 2037 2197 1406 
771 1893 2476 1566 
772 526 2358 1615 
773 2323 2401 1465 
774 1566 2476 2455 
775 911 2666 1967 
776 1612 2177 1614 
777 1620 2191 1423 
778 2400 2425 499 
779 1318 2452 2224 
780 1629 1736 1733 
781 1864 1867 1084 
782 1059 1834 1664 
783 355 2481 1647 
784 1706 2691 1540 
785 2000 2001 1838 
786 1723 2613 2389 
787 1286 1672 1083 
788 2523 2557 1211 
789 1728 2454 379 
790 1792 1794 1793 
791 835 1887 837 
792 1898 2270 867 
793 1622 2656 905 
794 1781 1783 1390 
795 1081 1931 609 
796 86 1682 85 
797 74 1684 73 
798 98 1696 97 
799 14 1695 13 
800 134 1694 133 
801 249 2630 305 
802 284 374 267 
803 296 370 242 
804 322 372 265 
805 286 2582 251 
806 325 394 261 
807 300 384 259 
808 262 368 325 
809 260 394 300 
810 320 382 200 
811 264 372 298 
812 295 386 217 
813 266 374 322 
814 340 2586 195 
815 1932 2241 904 
816 1853 2266 1852 
817 1927 2369 1922 
818 315 2681 1830 
819 2556 2575 692 
820 1582 2550 1144 
821 1567 2125 1969 
822 1412 2264 2029 
823 907 2202 2135 
824 1095 1730 1165 
825 540 2231 543 
826 572 2528 2455 
827 1172 2274 1714 
828 1769 2240 1768 
829 1671 2118 858 
830 1932 2222 1559 
831 2026 2289 1391 
832 1629 1733 1628 
833 2036 2037 1406 
834 1889 2112 1890 
835 1198 2177 2108 
836 1502 2067 1605 
837 1894 2691 391 
838 1672 1750 1083 
839 2224 2510 1318 
840 333 2168 1761 
841 123 2317 346 
842 907 2221 1821 
843 1761 2168 1746 
844 1662 2347 2278 
845 1849 2157 569 
846 509 1948 507 
847 1689 2468 1140 
848 1578 1579 1224 
849 1545 2489 2438 
850 1590 2551 496 
851 2299 2326 2029 
852 1674 1742 1106 
853 606 1866 628 
854 621 2612 1758 
855 1496 2425 2400 
856 2011 2463 349 
857 506 1676 800 
858 2433 2434 297 
859 911 2066 427 
860 1253 1951 1806 
861 1103 2166 974 
862 2396 2497 1448 
863 1601 2519 1195 
864 1631 2257 352 
865 1084 1866 1864 
866 1678 1748 1219 
867 59 2461 215 
868 1729 2172 1404 
869 539 1931 540 
870 1723 2389 2388 
871 1387 1732 1680 
872 1991 1992 435 
873 2241 2255 904 
874 1078 1891 1212 
875 877 2017 1945 
876 1936 1937 1402 
877 1717 2166 1103 
878 660 1868 679 
879 2423 2506 2332 
880 1675 1891 1474 
881 1783 2354 1390 
882 1580 1730 1176 
883 373 2615 1914 
884 1575 2067 1500 
885 1870 2077 1719 
886 1319 2567 2516 
887 471 1676 506 
888 1693 2240 1769 
889 391 2545 1894 
890 1528 2172 1729 
891 1925 2266 1924 
892 1195 2574 1601 
893 1968 2066 1967 
894 1757 2575 2556 
895 1937 2094 1402 
896 2595 2670 2655 
897 275 2658 2572 
898 1909 1910 1439 
899 2193 2216 1880 
900 837 1887 861 
901 435 1993 1991 
902 569 2157 561 
903 1153 2071 1901 
904 1960 2047 866 
905 1390 1955 1781 
906 507 1948 1075 
907 496 2539 1590 
908 234 2492 105 
909 209 2484 45 
910 1890 2112 1119 
911 1745 2168 303 
912 1576 2236 1578 
913 1241 1979 1243 
914 458 2136 1703 
915 1915 2186 569 
916 2001 2003 1838 
917 1286 2171 1658 
918 1393 2658 2303 
919 1492 1759 1171 
920 1790 2537 331 
921 765 2326 2299 
922 1947 2056 1075 
923 1260 1761 1746 
924 297 2464 2433 
925 1699 2652 1347 
926 1036 1964 1146 
927 428 2066 431 
928 1838 2085 2000 
929 1930 2357 1928 
930 1471 2391 2292 
931 1492 1760 1759 
932 967 2017 882 
933 1793 1794 1723 
934 628 1866 1084 
935 1260 1746 1167 
936 1165 1730 1483 
937 21 2464 198 
938 212 2465 48 
939 237 2490 108 
940 648 2198 1661 
941 1637 2074 1765 
942 458 2195 1956 
943 2344 2681 315 
944 835 2043 1887 
945 1884 1890 1886 
946 1668 2399 514 
947 2516 2567 1906 
948 1179 1720 1409 
949 1719 2077 1644 
950 1899 2285 1358 
951 1967 2666 1969 
952 294 2413 1716 
953 1797 2450 2302 
954 679 1868 710 
955 1544 2624 2238 
956 867 2256 1392 
957 651 2596 2573 
958 877 1945 871 
959 1007 1889 1854 
960 1278 2498 2404 
961 2029 2264 958 
962 391 2691 1706 
963 1636 2663 1957 
964 2257 2402 273 
965 1993 2180 1991 
966 1162 2239 1747 
967 1931 2231 540 
968 1864 2219 1867 
969 1176 1730 1095 
970 2572 2658 1877 
971 1708 2403 1709 
972 1904 2458 1422 
973 1871 2272 1349 
974 866 2048 1960 
975 1722 2039 1057 
976 1125 1966 1965 
977 1704 2582 2286 
978 700 1902 752 
979 1271 2047 1960 
980 643 2420 1897 
981 1939 1979 1241 
982 2455 2528 1566 
983 795 2404 1681 
984 1406 2226 2036 
985 1094 2058 1734 
986 1212 1891 1675 
987 871 1945 873 
988 1777 2059 1076 
989 1240 1758 1752 
990 821 2222 1932 
991 1000 2215 1851 
992 2209 2447 343 
993 1763 2016 1410 
994 1867 2200 1868 
995 1076 2035 1738 
996 1747 2239 2015 
997 1439 1980 1909 
998 1936 2098 697 
999 1626 2415 1509 
1000 1071 2006 1980 
1001 810 1870 1719 
1002 702 1902 700 
1003 1865 1952 1861 
1004 1901 2071 1902 
1005 1072 2057 1741 
1006 1432 2287 1747 
1007 1658 2171 1659 
1008 337 2582 1704 
1009 1225 1745 1744 
1010 622 1750 599 
1011 513 1958 1064 
1012 514 2648 1668 
1013 1253 2096 1951 
1014 812 2372 1926 
1015 1749 2177 1621 
1016 1974 2072 1834 
1017 471 2019 1676 
1018 433 2456 2428 
1019 1607 2409 1675 
1020 1775 1778 1772 
1021 1243 1979 1246 
1022 2238 2570 1544 
1023 1505 2560 1645 
1024 1232 2651 2023 
1025 1834 2072 1664 
1026 1958 1959 1064 
1027 1271 1960 1959 
1028 1187 1732 1056 
1029 790 1939 1241 
1030 2023 2651 1937 
1031 1492 2486 1760 
1032 896 2295 2075 
1033 977 2014 975 
1034 1614 2177 1749 
1035 1645 2592 298 
1036 858 2173 1671 
1037 2203 2683 1620 
1038 1715 2305 1714 
1039 1345 1941 1940 
1040 867 2270 2256 
1041 2016 2099 1410 
1042 1709 2403 2242 
1043 1395 1795 1748 
1044 1395 1748 1678 
1045 1764 2096 1253 
1046 1125 1965 1964 
1047 607 1866 606 
1048 302 2353 1679 
1049 1948 2202 1822 
1050 1402 2098 1936 
1051 1824 2056 1947 
1052 1752 1758 1754 
1053 448 2136 458 
1054 1056 1732 1387 
1055 2573 2596 1587 
1056 1884 1886 1885 
1057 1420 2171 1286 
1058 1179 1788 1720 
1059 1306 2216 2193 
1060 1007 2112 1889 
1061 1117 1743 1313 
1062 933 2049 1002 
1063 739 1721 677 
1064 1942 2275 2120 
1065 1736 2179 682 
1066 2415 2480 1509 
1067 1851 2215 1847 
1068 2020 2043 570 
1069 1889 1890 1882 
1070 1084 1868 660 
1071 975 2014 1018 
1072 1903 2123 1454 
1073 331 2597 1790 
1074 1392 2244 1901 
1075 1099 2509 1627 
1076 913 1795 1058 
1077 845 1905 857 
1078 363 2434 2296 
1079 1002 1891 1078 
1080 2517 2530 2159 
1081 1887 2043 2020 
1082 2292 2391 387 
1083 1836 2291 1837 
1084 858 2118 854 
1085 1240 1752 1751 
1086 981 1751 1069 
1087 1730 2296 1483 
1088 1083 1750 622 
1089 1796 2046 962 
1090 1439 1910 641 
1091 2210 2459 2309 
1092 1903 2418 396 
1093 1882 1890 1884 
1094 1115 2002 1230 
1095 1627 2519 1601 
1096 1225 1744 1743 
1097 1125 1964 1036 
1098 1647 2481 1650 
1099 1146 1964 1624 
1100 1743 1744 1313 
1101 1076 2059 952 
1102 930 2058 1094 
1103 1905 1906 857 
1104 753 1713 1712 
1105 2178 2200 1867 
1106 1739 2423 1776 
1107 2470 2660 2343 
1108 677 1721 664 
1109 431 1993 432 
1110 1237 1796 925 
1111 1271 1959 1958 
1112 805 1763 699 
1113 2118 2190 884 
1114 1057 2039 917 
1115 1333 2064 1996 
1116 1976 1977 1946 
1117 1637 1765 1279 
1118 1772 1778 1771 
1119 883 1970 966 
1120 891 1764 878 
1121 1967 1969 1965 
1122 1787 1805 796 
1123 1629 2179 1736 
1124 1510 2465 1716 
1125 1751 1752 1069 
1126 1214 1769 1768 
1127 1771 1778 1161 
1128 1779 1780 1080 
1129 1980 2006 1909 
1130 1156 1792 1791 
1131 1280 2380 1508 
1132 476 2122 478 
1133 1881 1889 1882 
1134 2196 2260 1408 
1135 909 2057 1072 
1136 1935 2373 912 
1137 1692 2578 1794 
1138 1030 1955 1183 
1139 1349 2272 1665 
1140 1094 1856 1855 
1141 2211 2537 2531 
1142 1924 1933 1917 
1143 908 2249 910 
1144 597 1917 1916 
1145 1232 2626 1642 
1146 1996 2064 1252 
1147 2036 2226 1444 
1148 696 1865 654 
1149 795 1798 670 
1150 1132 1799 1505 
1151 906 1779 1080 
1152 786 1839 789 
1153 991 1771 1161 
1154 1601 2520 1627 
1155 1214 1768 1033 
1156 1578 1700 1579 
1157 478 1803 474 
1158 794 1766 731 
1159 1917 1933 1916 
1160 478 2265 1803 
1161 577 1976 1946 
1162 1060 1855 1257 
1163 733 1938 794 
1164 467 2019 471 
1165 1046 1975 1217 
1166 1733 1736 673 
1167 432 1993 435 
1168 1559 2241 1932 
1169 1624 1964 1962 
1170 1171 1759 1240 
1171 950 2035 1076 
1172 1867 1868 1084 
1173 1852 2271 1851 
1174 1689 1737 1685 
1175 1156 1791 922 
1176 915 2252 2198 
1177 1770 2514 1769 
1178 738 1785 727 
1179 1373 1954 1361 
1180 1058 1795 1395 
1181 1657 2431 309 
1182 1516 1789 1369 
1183 1966 2180 1968 
1184 462 1812 459 
1185 1699 1836 1026 
1186 623 1749 652 
1187 1642 2651 1232 
1188 1417 1828 1827 
1189 1616 2538 1809 
1190 1802 1839 457 
1191 1345 1940 1170 
1192 462 1824 1814 
1193 462 1813 1812 
1194 796 1805 723 
1195 1363 1797 1373 
1196 2309 2459 1872 
1197 1616 1809 1216 
1198 652 1749 1621 
1199 1183 1955 1390 
1200 1233 1835 1618 
1201 1010 1743 1117 
1202 641 1910 615 
1203 1978 2084 1307 
1204 1674 2061 1742 
1205 2198 2252 1661 
1206 814 1988 1035 
1207 1735 2470 1857 
1208 999 2564 1669 
1209 544 1742 536 
1210 1854 1881 1844 
1211 637 1863 607 
1212 597 1916 555 
1213 1417 1827 1247 
1214 451 1802 457 
1215 925 1796 901 
1216 742 2139 771 
1217 1167 1746 1225 
1218 1092 2084 1978 
1219 457 1839 786 
1220 1715 2325 2305 
1221 753 1733 693 
1222 1854 1889 1881 
1223 926 1855 1060 
1224 788 1939 790 
1225 1355 1826 1427 
1226 1753 2013 1069 
1227 1671 2190 2118 
1228 1896 1897 1428 
1229 1290 1811 1609 
1230 1877 2658 1393 
1231 478 2122 1987 
1232 2302 2450 292 
1233 1222 1970 883 
1234 298 2405 1645 
1235 972 1834 1059 
1236 1217 1975 1801 
1237 686 2003 2001 
1238 1762 2677 333 
1239 1392 1901 1900 
1240 1106 1742 544 
1241 1392 1900 716 
1242 1742 2061 534 
1243 1640 2650 2086 
1244 574 2043 835 
1245 1820 2675 1062 
1246 832 2070 830 
1247 842 1905 845 
1248 608 2028 1226 
1249 1806 1807 1343 
1250 763 1870 810 
1251 967 2608 2017 
1252 717 1898 867 
1253 1812 1823 1418 
1254 696 1952 1865 
1255 1279 1765 1074 
1256 599 1750 547 
1257 1855 1856 1257 
1258 1816 1947 1822 
1259 673 1736 668 
1260 987 1949 815 
1261 1274 2554 1492 
1262 1857 1942 1257 
1263 2120 2275 291 
1264 1858 1859 656 
1265 1907 1908 662 
1266 699 1763 688 
1267 1648 2273 1649 
1268 1824 1947 1814 
1269 880 1943 1195 
1270 983 1751 981 
1271 1002 2049 1891 
1272 512 1958 513 
1273 1263 1949 987 
1274 410 2038 413 
1275 1970 2180 1966 
1276 1677 2297 894 
1277 569 2186 1849 
1278 436 1992 439 
1279 1261 1788 1129 
1280 1373 1982 1954 
1281 1428 1934 1298 
1282 1296 1896 1428 
1283 805 2016 1763 
1284 1462 1950 1724 
1285 693 1733 673 
1286 2046 2132 962 
1287 761 1974 745 
1288 1230 2002 1831 
1289 2513 2532 1521 
1290 1791 1793 1057 
1291 865 1834 972 
1292 1756 2013 1753 
1293 501 1880 500 
1294 1781 1955 1080 
1295 1770 2657 2514 
1296 1904 1905 842 
1297 914 1795 913 
1298 1227 1829 1425 
1299 878 1764 879 
1300 1854 2070 1007 
1301 1814 1947 1816 
1302 1136 1911 1316 
1303 2018 2429 1585 
1304 1698 2067 1575 
1305 1026 1836 782 
1306 2144 2165 1107 
1307 1124 1806 1343 
1308 1880 2216 500 
1309 1787 2284 1805 
1310 1392 2256 2244 
1311 1831 2002 1833 
1312 1858 1865 1861 
1313 2531 2537 1516 
1314 1943 1944 1195 
1315 1221 1825 1429 
1316 1981 2165 2144 
1317 1918 1989 1921 
1318 1249 1893 1566 
1319 1129 1788 1043 
1320 399 1892 401 
1321 1956 1957 889 
1322 459 1812 455 
1323 1219 1748 1097 
1324 597 1989 1918 
1325 1559 2222 2185 
1326 639 1858 656 
1327 2197 2393 1405 
1328 668 1736 682 
1329 1341 1894 1471 
1330 619 1907 662 
1331 862 2088 2031 
1332 1844 1881 1841 
1333 1627 2520 1099 
1334 435 1992 436 
1335 1990 1992 1991 
1336 474 1803 472 
1337 626 1749 623 
1338 536 1742 534 
1339 823 1932 904 
1340 559 1915 569 
1341 666 1912 705 
1342 1588 1983 1244 
1343 497 1810 499 
1344 875 1943 880 
1345 1863 1866 607 
1346 675 1936 697 
1347 1617 1984 1185 
1348 1097 1748 1016 
1349 1940 1941 1573 
1350 541 1985 1277 
1351 1507 2522 2485 
1352 1752 1753 1069 
1353 1784 2482 1783 
1354 1092 1978 1977 
1355 1900 1902 702 
1356 1092 1977 1976 
1357 1643 2495 2245 
1358 1490 1935 1524 
1359 944 1998 804 
1360 670 1798 658 
1361 462 1814 1813 
1362 881 1990 1222 
1363 1008 2002 1115 
1364 1180 2139 1963 
1365 840 1904 842 
1366 873 1945 1943 
1367 2655 2670 1941 
1368 865 1974 1834 
1369 443 1956 889 
1370 1120 1799 1132 
1371 2013 2014 977 
1372 2310 2652 1699 
1373 1007 2070 832 
1374 1780 1781 1080 
1375 1949 2109 932 
1376 1856 1857 1257 
1377 287 2181 1972 
1378 716 1900 704 
1379 1352 2601 1654 
1380 1214 1770 1769 
1381 1247 1827 1245 
1382 654 1865 642 
1383 1744 1973 1313 
1384 1184 1835 1233 
1385 2031 2088 1292 
1386 1388 1961 1626 
1387 1323 2078 2022 
1388 567 1840 570 
1389 408 2038 410 
1390 579 1946 594 
1391 1872 1873 1175 
1392 206 2508 35 
1393 529 1985 541 
1394 1264 1940 1573 
1395 811 1988 814 
1396 1244 1983 1242 
1397 1170 1940 1118 
1398 1838 2003 1281 
1399 1273 1988 1719 
1400 1185 1984 1037 
1401 964 1955 1030 
1402 1035 1988 1273 
1403 833 1779 906 
1404 597 1918 1917 
1405 1492 2554 2486 
1406 1780 1782 1781 
1407 870 1990 881 
1408 1665 2272 1677 
1409 956 1771 991 
1410 1752 1754 1753 
1411 1918 1919 1917 
1412 974 2166 887 
1413 1031 1975 1046 
1414 1720 1788 1261 
1415 1703 2195 458 
1416 1240 1759 1758 
1417 1858 1861 1859 
1418 1033 1768 995 
1419 910 2233 1979 
1420 1996 1997 1995 
1421 1806 1808 1807 
1422 1262 2007 1726 
1423 705 2023 1937 
1424 1226 2028 1672 
1425 1907 1910 1909 
1426 1043 1788 1042 
1427 1807 2162 1343 
1428 731 1766 729 
1429 1840 2020 570 
1430 1281 2003 770 
1431 1745 2378 1744 
1432 685 2139 742 
1433 1814 1816 1815 
1434 1782 1784 1783 
1435 1188 1871 1349 
1436 1841 1881 1843 
1437 1058 1184 1085 
1438 1287 1472 1288 
1439 1015 1287 1113 
1440 806 1031 807 
1441 467 471 466 
1442 1010 1117 988 
1443 1816 1818 1817 
1444 1262 1570 1261 
1445 601 1841 1840 
1446 1323 2022 2021 
1447 1818 1821 1819 
1448 1108 1772 1771 
1449 1095 1165 1038 
1450 1213 1545 1473 
1451 623 652 622 
1452 942 1038 941 
1453 1179 1350 1112 
1454 883 965 882 
1455 966 1028 965 
1456 465 466 464 
1457 1077 1480 1063 
1458 614 641 615 
1459 1036 1037 1028 
1460 1207 1393 1219 
1461 1035 1118 987 
1462 782 1836 1281 
1463 604 1258 1050 
1464 561 2157 563 
1465 1146 1185 1037 
1466 1522 2260 2196 
1467 1388 1509 1185 
1468 880 1015 891 
1469 1766 1767 738 
1470 913 1058 924 
1471 1196 1895 1324 
1472 1230 1829 1227 
1473 1313 1825 1221 
1474 1183 1389 1255 
1475 481 999 797 
1476 1217 1800 1799 
1477 1754 1757 1755 
1478 549 606 548 
1479 1174 1872 1175 
1480 1245 1587 1244 
1481 1243 1244 1242 
1482 1754 1755 1753 
1483 752 806 805 
1484 767 988 761 
1485 1253 1806 1124 
1486 1386 1623 1622 
1487 662 2026 630 
1488 786 788 787 
1489 528 548 527 
1490 751 933 766 
1491 881 882 877 
1492 839 840 838 
1493 844 1904 840 
1494 463 464 461 
1495 1073 1213 1155 
1496 764 941 762 
1497 633 663 632 
1498 1249 1566 1417 
1499 837 838 836 
1500 668 682 663 
1501 1814 1815 1813 
1502 610 632 609 
1503 1216 1809 1189 
1504 461 1824 462 
1505 1257 1942 1238 
1506 516 527 515 
1507 1241 1242 1178 
1508 1785 1786 796 
1509 1374 1670 1470 
1510 1789 1790 1419 
1511 1181 2053 1878 
1512 758 916 757 
1513 2134 2175 1160 
1514 633 668 663 
1515 1238 1433 1239 
1516 610 633 632 
1517 839 844 840 
1518 1189 1374 1256 
1519 608 1188 1106 
1520 1212 1449 1210 
1521 1658 1659 1396 
1522 737 1899 1898 
1523 2022 2616 1274 
1524 837 839 838 
1525 933 1002 766 
1526 1508 2543 1637 
1527 1803 1804 799 
1528 1250 1441 1174 
1529 710 757 709 
1530 510 512 511 
1531 695 751 739 
1532 457 786 785 
1533 514 515 512 
1534 1053 1174 1054 
1535 679 709 680 
1536 541 610 609 
1537 835 836 600 
1538 1060 1238 1237 
1539 835 837 836 
1540 541 609 539 
1541 687 1410 795 
1542 751 766 739 
1543 947 1044 948 
1544 1226 1396 1188 
1545 1494 1762 1761 
1546 1065 1189 1044 
1547 1916 1933 1915 
1548 1212 1630 1449 
1549 916 1053 919 
1550 472 1803 799 
1551 926 1060 925 
1552 1245 1827 1587 
1553 649 2026 1912 
1554 660 679 661 
1555 1243 1245 1244 
1556 922 1791 920 
1557 1388 1626 1509 
1558 1792 1793 1791 
1559 788 790 787 
1560 1146 1388 1185 
1561 545 608 544 
1562 1505 1645 1254 
1563 460 461 459 
1564 508 510 509 
1565 1036 1146 1037 
1566 1241 1243 1242 
1567 455 1812 1418 
1568 1404 2172 1126 
1569 942 1095 1038 
1570 628 660 629 
1571 966 1036 1028 
1572 1131 2007 1262 
1573 1213 1473 1155 
1574 764 942 941 
1575 883 966 965 
1576 786 787 785 
1577 1919 1925 1924 
1578 606 628 625 
1579 1361 1954 1360 
1580 909 1072 908 
1581 705 1937 1936 
1582 1818 1819 1817 
1583 658 1798 696 
1584 1386 1622 1295 
1585 881 883 882 
1586 1816 1817 1815 
1587 1031 1046 807 
1588 767 1010 988 
1589 1217 1799 1120 
1590 506 508 507 
1591 1782 1783 1781 
1592 806 807 805 
1593 1183 1255 1135 
1594 705 1936 675 
1595 1227 1425 1228 
1596 727 1785 725 
1597 1184 1233 1085 
1598 1990 1991 1222 
1599 1440 1714 1438 
1600 1233 1618 1431 
1601 1046 1217 1120 
1602 1262 1725 1570 
1603 1859 1862 1860 
1604 1579 2541 1580 
1605 1881 1882 1843 
1606 1058 1085 924 
1607 1115 1227 1116 
1608 1264 1546 1265 
1609 1030 1183 1135 
1610 644 684 634 
1611 1369 1789 1367 
1612 1287 1288 1113 
1613 748 783 735 
1614 619 662 630 
1615 1167 1225 1067 
1616 658 696 654 
1617 1344 1345 1170 
1618 1458 1574 1456 
1619 1209 1420 1286 
1620 1269 1386 1295 
1621 1047 1438 641 
1622 906 1080 964 
1623 480 481 479 
1624 1841 1843 1840 
1625 617 1907 619 
1626 642 1858 639 
1627 1132 1505 1254 
1628 649 1912 666 
1629 1118 1264 1263 
1630 1131 1261 1129 
1631 991 1161 1051 
1632 520 526 522 
1633 1100 1214 1033 
1634 471 506 505 
1635 497 499 494 
1636 565 601 567 
1637 1494 1761 1260 
1638 639 656 637 
1639 1922 1926 1920 
1640 966 1970 1125 
1641 733 794 731 
1642 1018 1103 974 
1643 666 705 675 
1644 687 795 670 
1645 1350 1519 1351 
1646 1008 1115 1009 
1647 1326 1572 1487 
1648 490 968 488 
1649 1323 2021 936 
1650 1405 1673 1164 
1651 529 541 539 
1652 695 739 677 
1653 792 908 791 
1654 652 1209 1083 
1655 1078 1212 1210 
1656 831 1019 833 
1657 472 799 469 
1658 574 835 600 
1659 1836 1837 1281 
1660 717 867 716 
1661 1773 1774 1772 
1662 1098 1207 1097 
1663 500 1810 497 
1664 642 1865 1858 
1665 1015 1113 891 
1666 954 1108 956 
1667 596 614 603 
1668 1320 1716 1529 
1669 1042 1112 960 
1670 995 1156 922 
1671 612 622 599 
1672 1718 1729 1404 
1673 1049 1063 994 
1674 790 1241 1178 
1675 1665 1677 1432 
1676 509 2135 1948 
1677 1537 1894 1341 
1678 1480 1482 1481 
1679 1131 1262 1261 
1680 1360 1953 1826 
1681 513 1064 518 
1682 1073 1155 1011 
1683 712 764 762 
1684 972 1008 989 
1685 1165 1483 1328 
1686 740 753 693 
1687 801 937 779 
1688 1124 1343 1251 
1689 1163 1164 1026 
1690 1873 1879 1875 
1691 729 738 727 
1692 1249 1417 1247 
1693 814 987 815 
1694 875 880 878 
1695 827 938 829 
1696 1634 2044 1632 
1697 1341 1471 1339 
1698 1371 1516 1369 
1699 920 1057 917 
1700 744 767 761 
1701 1259 1432 1258 
1702 1966 1967 1965 
1703 601 1840 567 
1704 845 857 847 
1705 1117 1313 1221 
1706 1191 1589 1196 
1707 1845 1848 1844 
1708 950 1076 952 
1709 477 479 476 
1710 1017 1097 1016 
1711 870 881 877 
1712 752 805 699 
1713 930 1094 928 
1714 1102 2037 2036 
1715 465 467 466 
1716 591 595 593 
1717 456 459 455 
1718 455 1418 453 
1719 913 924 759 
1720 1171 1240 1109 
1721 1337 1616 1216 
1722 486 496 484 
1723 1025 1026 782 
1724 1443 1835 1184 
1725 1842 1844 1841 
1726 865 972 971 
1727 457 785 450 
1728 1179 1409 1350 
1729 559 569 561 
1730 1049 1077 1063 
1731 476 478 474 
1732 1027 1253 1124 
1733 1367 1419 1365 
1734 725 796 723 
1735 985 1981 1055 
1736 1035 1170 1118 
1737 1508 1637 1279 
1738 823 904 825 
1739 782 1281 770 
1740 1019 1779 833 
1741 1393 1702 1219 
1742 1274 1492 1171 
1743 789 791 788 
1744 1678 1679 1443 
1745 880 891 878 
1746 604 1050 531 
1747 885 947 940 
1748 999 1022 797 
1749 532 604 531 
1750 1395 1443 1184 
1751 1432 1747 1258 
1752 1918 1920 1919 
1753 1225 1746 1745 
1754 463 465 464 
1755 821 1932 823 
1756 1551 1657 1553 
1757 1363 1373 1361 
1758 781 782 770 
1759 614 1971 1047 
1760 612 623 622 
1761 1848 1854 1844 
1762 903 925 901 
1763 1108 1771 956 
1764 557 1915 559 
1765 1230 1830 1829 
1766 475 476 474 
1767 460 1994 463 
1768 1280 1508 1279 
1769 1032 1122 1031 
1770 1300 1934 1526 
1771 1042 1179 1112 
1772 1164 1699 1026 
1773 1221 1429 1231 
1774 1774 1775 1772 
1775 995 1768 1156 
1776 972 1059 1008 
1777 652 1621 1209 
1778 543 2231 552 
1779 614 615 603 
1780 1357 1826 1355 
1781 1501 2011 1498 
1782 1298 1934 1300 
1783 1466 1893 1249 
1784 1117 1221 1220 
1785 814 1035 987 
1786 760 913 759 
1787 847 970 848 
1788 284 375 374 
1789 296 371 370 
1790 322 373 372 
1791 300 385 384 
1792 320 383 382 
1793 368 369 325 
1794 295 387 386 
1795 721 737 719 
1796 538 544 536 
1797 587 590 589 
1798 1118 1940 1264 
1799 815 1949 817 
1800 1207 1219 1097 
1801 891 2096 1764 
1802 1438 1439 641 
1803 1547 1564 1549 
1804 549 607 606 
1805 1672 2028 1750 
1806 908 910 791 
1807 719 1898 717 
1808 1490 1524 1495 
1809 555 1916 557 
1810 1011 2049 933 
1811 729 1766 738 
1812 867 1392 716 
1813 1027 1124 1110 
1814 481 797 479 
1815 856 884 860 
1816 2352 2608 967 
1817 1264 1573 1546 
1818 899 962 897 
1819 1115 1230 1227 
1820 1410 2404 795 
1821 1111 1171 1109 
1822 2185 2222 932 
1823 817 932 819 
1824 1042 1788 1179 
1825 1359 1360 1357 
1826 1165 1328 1166 
1827 528 549 548 
1828 741 759 740 
1829 845 847 846 
1830 1850 1851 1847 
1831 401 1892 1191 
1832 723 1805 721 
1833 1365 1797 1363 
1834 761 2072 1974 
1835 700 752 699 
1836 458 1956 446 
1837 744 761 745 
1838 802 1004 801 
1839 1589 1895 1196 
1840 1708 1709 1468 
1841 460 463 461 
1842 506 800 508 
1843 870 877 871 
1844 1290 1609 1513 
1845 1478 1935 1490 
1846 873 1943 875 
1847 1055 1981 1200 
1848 928 1855 926 
1849 553 597 555 
1850 866 2050 2048 
1851 516 528 527 
1852 920 1791 1057 
1853 842 845 843 
1854 1248 1249 1247 
1855 694 740 693 
1856 712 762 713 
1857 1012 1073 1011 
1858 1355 1427 1353 
1859 473 474 472 
1860 745 1974 747 
1861 1852 2300 2271 
1862 697 744 698 
1863 790 1178 793 
1864 595 596 593 
1865 453 1802 451 
1866 512 513 511 
1867 934 1011 933 
1868 628 1084 660 
1869 840 842 841 
1870 852 858 854 
1871 758 917 916 
1872 1188 1349 1106 
1873 682 712 683 
1874 780 801 779 
1875 895 896 893 
1876 1080 1955 964 
1877 924 2301 1713 
1878 514 516 515 
1879 707 716 704 
1880 1433 1434 1239 
1881 1374 1470 1256 
1882 1756 2014 2013 
1883 1320 1529 1321 
1884 817 1949 932 
1885 1887 2020 1883 
1886 1360 1826 1357 
1887 725 1785 796 
1888 710 758 757 
1889 674 693 673 
1890 811 814 813 
1891 1200 1981 1534 
1892 461 462 459 
1893 709 711 680 
1894 1367 1789 1419 
1895 1250 1442 1441 
1896 1313 1973 1825 
1897 1174 1175 1054 
1898 1238 1239 1237 
1899 1396 1871 1188 
1900 675 697 676 
1901 1226 1658 1396 
1902 1189 1256 1044 
1903 959 1016 914 
1904 608 1106 544 
1905 446 1956 443 
1906 498 500 497 
1907 1205 2004 1206 
1908 1060 1257 1238 
1909 1065 1216 1189 
1910 669 673 668 
1911 1154 1352 1123 
1912 679 710 709 
1913 1053 1250 1174 
1914 1246 1247 1245 
1915 510 511 509 
1916 510 514 512 
1917 1441 1872 1174 
1918 2010 2055 1088 
1919 1078 1210 1079 
1920 1497 2024 1461 
1921 1053 1054 919 
1922 679 680 661 
1923 737 1898 719 
1924 451 457 450 
1925 704 1900 702 
1926 545 2028 608 
1927 1060 1237 925 
1928 1318 1320 1319 
1929 1189 1809 1374 
1930 1238 1942 1433 
1931 608 1226 1188 
1932 1002 1078 1003 
1933 947 1065 1044 
1934 1416 1740 1476 
1935 678 695 677 
1936 1859 1860 656 
1937 916 919 757 
1938 901 1796 899 
1939 747 865 798 
1940 2412 2431 1564 
1941 527 1271 515 
1942 1912 2023 705 
1943 947 948 940 
1944 529 539 530 
1945 1280 2426 2380 
1946 615 1910 617 
1947 1502 1603 1501 
1948 864 944 804 
1949 671 687 670 
1950 557 1916 1915 
1951 666 675 667 
1952 660 661 629 
1953 1456 1903 1454 
1954 579 594 583 
1955 1493 1494 1260 
1956 747 1974 865 
1957 1624 1961 1388 
1958 574 600 575 
1959 543 552 551 
1960 595 1971 596 
1961 1568 1639 1569 
1962 903 926 925 
1963 1716 2413 1529 
1964 739 2091 1721 
1965 448 458 446 
1966 763 810 809 
1967 1498 2011 1497 
1968 595 2532 2513 
1969 735 1938 733 
1970 470 472 469 
1971 1316 1318 1317 
1972 503 531 501 
1973 508 509 507 
1974 1151 1279 1074 
1975 1786 1787 796 
1976 1555 1972 1557 
1977 464 1824 461 
1978 456 460 459 
1979 495 497 494 
1980 590 591 589 
1981 628 629 625 
1982 917 2039 916 
1983 665 677 664 
1984 538 545 544 
1985 1848 2215 2214 
1986 1300 1526 1525 
1987 1919 1924 1917 
1988 769 770 743 
1989 1200 1534 1533 
1990 947 2032 1065 
1991 1215 1260 1167 
1992 1178 1811 1290 
1993 1907 1909 1908 
1994 1132 1254 1133 
1995 1069 2013 979 
1996 721 1805 737 
1997 311 2506 1670 
1998 1305 2370 1673 
1999 659 670 658 
2000 606 625 548 
2001 649 666 650 
2002 1096 1176 1095 
2003 1419 1797 1365 
2004 1065 2032 1276 
2005 1607 2524 2327 
2006 868 870 869 
2007 1530 1656 1532 
2008 1473 1607 1474 
2009 2428 2456 1533 
2010 577 1946 579 
2011 785 2146 2136 
2012 709 2041 711 
2013 524 529 525 
2014 792 909 908 
2015 1256 2035 1044 
2016 1068 1167 1067 
2017 1425 1986 1228 
2018 1738 2035 1256 
2019 884 885 860 
2020 439 1992 868 
2021 1120 1132 1121 
2022 1288 1568 1289 
2023 1833 2002 1059 
2024 480 482 481 
2025 1440 1715 1714 
2026 645 664 644 
2027 690 699 688 
2028 1066 1067 1010 
2029 1094 1855 928 
2030 1053 2039 1250 
2031 1850 1852 1851 
2032 506 507 505 
2033 454 455 453 
2034 1359 1361 1360 
2035 1046 1120 1070 
2036 1067 1743 1010 
2037 1408 2010 1134 
2038 1343 1503 1251 
2039 1606 1704 1604 
2040 1250 2039 1722 
2041 899 1796 962 
2042 1227 1228 1116 
2043 655 658 654 
2044 630 649 631 
2045 493 494 492 
2046 1546 1547 1265 
2047 1191 1892 1589 
2048 1039 1109 983 
2049 413 2038 1102 
2050 1269 1295 1270 
2051 1461 2024 1460 
2052 1047 1440 1438 
2053 762 1870 763 
2054 614 1047 641 
2055 1122 1975 1031 
2056 307 2589 1687 
2057 1233 1431 1302 
2058 1882 1884 1883 
2059 919 2041 757 
2060 468 469 467 
2061 1118 1263 987 
2062 1115 1116 1009 
2063 1074 1765 1073 
2064 1418 2175 1802 
2065 1264 1265 1263 
2066 1030 1135 1040 
2067 778 779 776 
2068 1726 1727 1725 
2069 749 755 748 
2070 1482 1520 1481 
2071 1350 1351 1112 
2072 1360 1954 1953 
2073 596 1971 614 
2074 471 505 466 
2075 1098 1218 1207 
2076 1209 1286 1083 
2077 635 644 634 
2078 1310 2027 1377 
2079 652 1083 622 
2080 1519 1638 1351 
2081 522 524 523 
2082 1275 2041 919 
2083 1108 1773 1772 
2084 880 1195 1015 
2085 477 480 479 
2086 1296 1428 1298 
2087 743 2003 686 
2088 527 2047 1271 
2089 1773 1776 1774 
2090 643 654 642 
2091 1008 1009 989 
2092 619 630 620 
2093 552 1989 553 
2094 1163 1405 1164 
2095 896 2097 893 
2096 575 1976 577 
2097 1237 2046 1796 
2098 1480 1481 1063 
2099 1017 1098 1097 
2100 1223 1224 1177 
2101 879 1027 1024 
2102 1459 1460 1458 
2103 964 1030 1029 
2104 2206 2470 351 
2105 789 792 791 
2106 879 1764 1027 
2107 1259 1665 1432 
2108 736 748 735 
2109 895 897 896 
2110 604 1259 1258 
2111 491 492 490 
2112 1267 1269 1268 
2113 567 570 568 
2114 707 717 716 
2115 972 989 971 
2116 1500 1501 1498 
2117 1025 1163 1026 
2118 627 634 626 
2119 2254 2538 1616 
2120 1051 1140 1052 
2121 1287 1627 1472 
2122 1509 2480 1617 
2123 601 1842 1841 
2124 886 2052 1323 
2125 774 775 756 
2126 1228 1986 1282 
2127 1842 1845 1844 
2128 1457 1458 1456 
2129 1124 1251 1110 
2130 864 2097 944 
2131 640 642 639 
2132 617 619 618 
2133 1136 1316 1315 
2134 1109 1751 983 
2135 906 964 963 
2136 814 815 813 
2137 1913 1914 1383 
2138 1515 2598 1732 
2139 1813 1823 1812 
2140 571 574 573 
2141 1101 1202 1100 
2142 1902 2071 752 
2143 520 522 521 
2144 475 477 476 
2145 624 626 623 
2146 625 2047 548 
2147 469 2019 467 
2148 524 1985 529 
2149 734 735 733 
2150 464 2056 1824 
2151 1879 2572 1875 
2152 1130 1131 1129 
2153 1631 1633 1632 
2154 781 1025 782 
2155 959 1017 1016 
2156 1816 1822 1818 
2157 1797 2302 1373 
2158 1839 2175 2134 
2159 1134 2010 1088 
2160 1570 1720 1261 
2161 1022 1267 1266 
2162 688 1763 687 
2163 1058 1395 1184 
2164 1719 1988 810 
2165 981 1069 979 
2166 1154 1353 1352 
2167 991 1051 992 
2168 615 617 616 
2169 1464 2138 1139 
2170 1273 1344 1170 
2171 1016 1795 914 
2172 617 1910 1907 
2173 965 967 882 
2174 1463 1497 1461 
2175 786 789 788 
2176 565 567 566 
2177 1455 1456 1454 
2178 866 2047 625 
2179 191 2515 270 
2180 833 906 834 
2181 1395 1678 1443 
2182 865 971 798 
2183 1034 1100 1033 
2184 1242 1983 1811 
2185 1574 1903 1456 
2186 806 1032 1031 
2187 552 553 551 
2188 1923 1927 1922 
2189 975 1018 974 
2190 1597 1631 1598 
2191 638 639 637 
2192 1111 1274 1171 
2193 489 490 488 
2194 1429 1430 1231 
2195 2209 2693 2447 
2196 1117 1220 988 
2197 732 733 731 
2198 760 914 913 
2199 970 2009 848 
2200 1141 1144 1143 
2201 1541 1542 1540 
2202 531 1880 501 
2203 2226 2306 1444 
2204 1242 1811 1178 
2205 1032 1123 1122 
2206 1037 1984 1173 
2207 783 1938 735 
2208 1748 1795 1016 
2209 868 1990 870 
2210 1037 1173 1028 
2211 956 991 957 
2212 1326 1487 1486 
2213 1205 1206 1203 
2214 492 2133 490 
2215 454 456 455 
2216 1921 1922 1920 
2217 1147 2064 1333 
2218 425 2008 504 
2219 808 2369 1927 
2220 503 532 531 
2221 1221 1231 1220 
2222 1831 1832 1830 
2223 810 811 809 
2224 941 1870 762 
2225 1438 2274 1439 
2226 996 1033 995 
2227 518 520 519 
2228 831 833 832 
2229 636 637 607 
2230 1073 1765 1213 
2231 1183 1390 1389 
2232 1165 1166 1038 
2233 1587 1588 1244 
2234 1509 1617 1185 
2235 769 781 770 
2236 1418 1802 453 
2237 1254 1913 1383 
2238 473 475 474 
2239 695 2001 2000 
2240 741 760 759 
2241 847 848 846 
2242 1217 1801 1800 
2243 1595 1597 1596 
2244 1151 1280 1279 
2245 1178 1290 793 
2246 1538 1540 1537 
2247 1351 2058 1112 
2248 553 1989 597 
2249 1048 1049 994 
2250 1248 1466 1249 
2251 563 565 564 
2252 730 731 729 
2253 1103 2319 2250 
2254 1324 1326 1325 
2255 1909 2006 1908 
2256 954 956 955 
2257 1632 2044 1635 
2258 1328 1643 1166 
2259 552 2192 1989 
2260 1108 2059 1773 
2261 596 603 602 
2262 791 1939 788 
2263 884 2032 885 
2264 611 612 599 
2265 1481 2057 1063 
2266 505 2056 466 
2267 1717 1718 1404 
2268 961 1042 960 
2269 810 1988 811 
2270 994 2057 909 
2271 923 995 922 
2272 2024 2561 310 
2273 888 974 887 
2274 1190 2036 1444 
2275 438 2051 437 
2276 960 2058 930 
2277 1562 1662 1563 
2278 829 831 830 
2279 694 741 740 
2280 845 846 843 
2281 1295 1896 1296 
2282 952 2059 954 
2283 762 763 713 
2284 1656 1701 1532 
2285 1258 2015 1050 
2286 948 2035 950 
2287 1342 1537 1341 
2288 2477 2478 341 
2289 604 2061 1259 
2290 487 488 486 
2291 744 745 698 
2292 1012 1074 1073 
2293 513 518 517 
2294 1372 1450 1371 
2295 426 2115 424 
2296 1450 2131 1371 
2297 1075 2056 505 
2298 751 934 933 
2299 632 1081 609 
2300 836 1092 600 
2301 780 802 801 
2302 840 841 838 
2303 875 878 876 
2304 1196 1324 1197 
2305 1377 2027 1380 
2306 1225 1743 1067 
2307 682 683 663 
2308 910 1979 1939 
2309 952 954 953 
2310 1039 1111 1109 
2311 419 2063 420 
2312 687 1763 1410 
2313 1897 2685 643 
2314 728 729 727 
2315 690 700 699 
2316 1873 1875 1874 
2317 439 868 445 
2318 571 2043 574 
2319 1061 2062 1283 
2320 563 2065 565 
2321 1560 1562 1561 
2322 931 960 930 
2323 921 922 920 
2324 842 843 841 
2325 790 793 787 
2326 1027 1110 1024 
2327 1741 2057 1481 
2328 934 1012 1011 
2329 674 694 693 
2330 712 713 683 
2331 1529 1530 1321 
2332 498 501 500 
2333 827 829 828 
2334 1340 1341 1339 
2335 912 2386 1935 
2336 1128 1129 1043 
2337 1370 1371 1369 
2338 751 2000 934 
2339 561 563 562 
2340 697 698 676 
2341 1246 1248 1247 
2342 1734 2058 1351 
2343 918 920 917 
2344 598 599 547 
2345 541 1277 610 
2346 1755 1756 1753 
2347 633 669 668 
2348 870 871 869 
2349 936 2021 1148 
2350 1403 1404 1126 
2351 1380 1400 1398 
2352 1274 2616 2554 
2353 837 861 839 
2354 1436 1591 1437 
2355 770 2003 743 
2356 1135 1911 1136 
2357 1191 1196 1192 
2358 470 473 472 
2359 950 952 951 
2360 2053 2355 2314 
2361 1002 1003 766 
2362 1434 1436 1435 
2363 1470 1739 1738 
2364 1773 2059 1777 
2365 1243 1246 1245 
2366 1453 1454 1451 
2367 1645 1913 1254 
2368 1210 1211 1079 
2369 648 1994 460 
2370 1557 1560 1558 
2371 656 1863 637 
2372 1320 1321 1319 
2373 1102 2036 1190 
2374 1901 1902 1900 
2375 929 930 928 
2376 449 450 448 
2377 539 540 530 
2378 678 2001 695 
2379 669 674 673 
2380 726 727 725 
2381 601 2065 1842 
2382 2485 2522 594 
2383 1722 1723 1442 
2384 778 780 779 
2385 1338 1339 1337 
2386 948 950 949 
2387 1212 1675 1630 
2388 1368 1369 1367 
2389 591 593 592 
2390 993 994 909 
2391 1502 1604 1603 
2392 825 827 826 
2393 671 688 687 
2394 675 676 667 
2395 945 2164 405 
2396 927 928 926 
2397 1259 2061 1674 
2398 1276 1337 1216 
2399 546 547 545 
2400 1986 2203 1282 
2401 485 486 484 
2402 1146 1624 1388 
2403 1285 1527 681 
2404 1078 1079 1003 
2405 1493 1582 1494 
2406 2189 2227 1006 
2407 966 1125 1036 
2408 1328 2495 1643 
2409 1622 1896 1295 
2410 495 498 497 
2411 1555 1557 1556 
2412 1318 1319 1317 
2413 881 1222 883 
2414 1059 2002 1008 
2415 1819 1820 1817 
2416 1592 1595 1594 
2417 559 561 560 
2418 665 678 677 
2419 1494 2188 1762 
2420 1366 1367 1365 
2421 942 1096 1095 
2422 724 725 723 
2423 1473 1474 1155 
2424 1215 1493 1260 
2425 823 825 824 
2426 659 671 670 
2427 1148 2021 1731 
2428 666 667 650 
2429 1255 1911 1135 
2430 529 530 525 
2431 1254 1383 1133 
2432 852 2176 858 
2433 1348 1464 1139 
2434 443 889 441 
2435 1553 1555 1554 
2436 2009 2176 850 
2437 1972 2181 1557 
2438 1190 1444 1394 
2439 1148 1731 1680 
2440 1500 1502 1501 
2441 2038 2213 2037 
2442 848 2009 850 
2443 1102 2038 2037 
2444 885 940 939 
2445 1859 2169 1862 
2446 483 484 482 
2447 1568 1569 1289 
2448 767 1066 1010 
2449 1364 1365 1363 
2450 574 575 573 
2451 1096 1177 1176 
2452 1046 1070 807 
2453 774 776 775 
2454 771 2139 1180 
2455 1068 1215 1167 
2456 645 665 664 
2457 887 2076 421 
2458 1027 1764 1253 
2459 1513 1515 1514 
2460 802 1998 1004 
2461 493 495 494 
2462 1842 2065 1846 
2463 1316 1317 1315 
2464 1132 1133 1121 
2465 1362 1363 1361 
2466 1401 2004 1205 
2467 1288 1289 1113 
2468 468 470 469 
2469 722 723 721 
2470 821 823 822 
2471 581 887 421 
2472 655 659 658 
2473 1551 1553 1552 
2474 649 650 631 
2475 1295 1296 1270 
2476 695 2000 751 
2477 1240 1751 1109 
2478 902 903 901 
2479 1233 1302 1085 
2480 1380 2027 1400 
2481 557 559 558 
2482 1882 1883 1843 
2483 1262 1726 1725 
2484 1066 1068 1067 
2485 515 1958 512 
2486 2060 2081 890 
2487 1120 1121 1070 
2488 873 875 874 
2489 524 525 523 
2490 1282 1620 1423 
2491 1600 2576 2571 
2492 1700 2649 362 
2493 806 2071 1032 
2494 425 504 427 
2495 401 1191 403 
2496 854 2118 856 
2497 1591 2040 1592 
2498 1482 2530 2517 
2499 635 645 644 
2500 1549 1551 1550 
2501 1228 1282 1229 
2502 1135 1136 1040 
2503 1407 1408 1134 
2504 749 756 755 
2505 449 451 450 
2506 1126 2082 415 
2507 1463 1498 1497 
2508 452 453 451 
2509 417 1126 415 
2510 465 468 467 
2511 819 821 820 
2512 1547 1549 1548 
2513 1837 1838 1281 
2514 720 721 719 
2515 2113 2114 429 
2516 1220 2072 988 
2517 537 538 536 
2518 643 655 654 
2519 1785 2258 1786 
2520 587 589 588 
2521 900 901 899 
2522 630 631 620 
2523 1431 1576 1302 
2524 413 1102 1045 
2525 941 2077 1870 
2526 1756 2396 2014 
2527 1726 1728 1727 
2528 491 493 492 
2529 1490 1495 1491 
2530 630 2026 649 
2531 1050 1880 531 
2532 441 2051 438 
2533 697 2098 744 
2534 423 2008 425 
2535 718 719 717 
2536 1269 1270 1268 
2537 898 899 897 
2538 1765 2074 1213 
2539 411 681 409 
2540 868 869 445 
2541 570 571 568 
2542 886 1323 936 
2543 1030 1040 1029 
2544 2116 2158 2115 
2545 856 860 859 
2546 1459 1461 1460 
2547 1638 1735 1734 
2548 1657 2204 1553 
2549 736 749 748 
2550 555 557 556 
2551 429 2115 426 
2552 450 2136 448 
2553 1908 2289 662 
2554 1818 2202 1821 
2555 817 819 818 
2556 627 635 634 
2557 1358 1359 1357 
2558 799 2019 469 
2559 475 2042 477 
2560 959 2054 1017 
2561 420 2063 423 
2562 612 1999 624 
2563 1747 2015 1258 
2564 1849 1850 1847 
2565 1739 2506 2423 
2566 1301 2007 1131 
2567 522 523 521 
2568 1861 2496 2169 
2569 1166 2077 1038 
2570 640 643 642 
2571 815 817 816 
2572 619 620 618 
2573 2136 2146 1703 
2574 1140 1141 1052 
2575 910 1939 791 
2576 612 624 623 
2577 407 945 405 
2578 1457 1459 1458 
2579 964 1029 963 
2580 535 536 534 
2581 1101 1203 1202 
2582 1022 1266 797 
2583 1035 1273 1170 
2584 1130 1301 1131 
2585 1707 1708 1468 
2586 1994 2100 463 
2587 1846 1847 1845 
2588 854 856 855 
2589 1290 1513 1291 
2590 553 555 554 
2591 1740 2326 765 
2592 734 736 735 
2593 1125 1970 1966 
2594 1356 1357 1355 
2595 804 1998 802 
2596 585 587 586 
2597 1478 1490 1489 
2598 1750 2028 547 
2599 615 616 603 
2600 1943 1945 1944 
2601 1061 1283 1201 
2602 1860 1864 1863 
2603 1633 1634 1632 
2604 1267 1268 1266 
2605 624 627 626 
2606 1354 1355 1353 
2607 567 568 566 
2608 836 2084 1092 
2609 868 1992 1990 
2610 489 491 490 
2611 648 1995 1994 
2612 1051 1052 992 
2613 1891 2049 1474 
2614 2114 2116 2115 
2615 1848 2070 1854 
2616 1455 1457 1456 
2617 1032 2071 1153 
2618 1044 2035 948 
2619 906 963 834 
2620 617 618 616 
2621 1923 1928 1927 
2622 1048 1062 1049 
2623 533 534 532 
2624 1034 1101 1100 
2625 638 640 639 
2626 1555 2204 1972 
2627 1230 1831 1830 
2628 1918 1921 1920 
2629 885 2032 947 
2630 916 2039 1053 
2631 1017 2054 1181 
2632 1631 1632 1598 
2633 1445 2069 1091 
2634 852 854 853 
2635 878 879 876 
2636 732 734 733 
2637 1873 1874 1175 
2638 452 454 453 
2639 1664 2072 1220 
2640 2065 2157 1846 
2641 549 636 607 
2642 520 521 519 
2643 534 2061 532 
2644 894 895 893 
2645 1592 2040 1595 
2646 686 2001 678 
2647 841 2084 838 
2648 1400 1517 1398 
2649 871 873 872 
2650 479 2122 476 
2651 811 813 812 
2652 1895 2277 1324 
2653 991 992 957 
2654 706 707 704 
2655 757 2041 709 
2656 1467 1468 1466 
2657 1128 1130 1129 
2658 1476 1478 1477 
2659 1767 2258 738 
2660 1945 2017 1944 
2661 943 959 914 
2662 833 834 832 
2663 547 2028 545 
2664 996 1034 1033 
2665 979 2013 977 
2666 764 2179 2106 
2667 583 585 584 
2668 1921 1923 1922 
2669 1277 2089 610 
2670 565 566 564 
2671 2214 2215 1000 
2672 1597 1598 1596 
2673 1153 1154 1123 
2674 456 648 460 
2675 1409 2382 1705 
2676 596 602 593 
2677 636 638 637 
2678 850 852 851 
2679 1294 2031 1292 
2680 1453 1455 1454 
2681 1538 1541 1540 
2682 889 2051 441 
2683 730 732 731 
2684 888 975 974 
2685 516 1086 528 
2686 611 1999 612 
2687 892 893 864 
2688 1293 1294 1292 
2689 1326 1486 1325 
2690 956 957 955 
2691 487 489 488 
2692 1965 1969 1962 
2693 1768 2240 1156 
2694 848 850 849 
2695 1168 2060 890 
2696 1422 2623 1904 
2697 703 704 702 
2698 513 517 511 
2699 961 1043 1042 
2700 923 996 995 
2701 1236 1445 1091 
2702 831 832 830 
2703 1644 2077 1166 
2704 633 2089 669 
2705 1331 2264 1412 
2706 1662 1663 1563 
2707 1412 2029 1414 
2708 548 2047 527 
2709 1416 1476 1475 
2710 518 519 517 
2711 1342 1538 1537 
2712 1309 1346 1093 
2713 747 798 772 
2714 1372 1451 1450 
2715 701 702 700 
2716 758 918 917 
2717 1003 2091 766 
2718 1324 1325 1197 
2719 863 864 804 
2720 763 809 808 
2721 728 730 729 
2722 954 955 953 
2723 1595 1596 1594 
2724 745 747 746 
2725 1434 1435 1239 
2726 1470 1738 1256 
2727 579 583 582 
2728 563 564 562 
2729 711 2012 680 
2730 803 804 802 
2731 1150 1151 1074 
2732 543 551 550 
2733 1348 1465 1464 
2734 931 961 960 
2735 1846 2157 1849 
2736 1322 2060 1168 
2737 921 923 922 
2738 502 503 501 
2739 1562 1563 1561 
2740 1226 1672 1658 
2741 1250 1722 1442 
2742 829 830 828 
2743 598 611 599 
2744 1403 1717 1404 
2745 1340 1342 1341 
2746 948 949 940 
2747 1370 1372 1371 
2748 2114 2115 429 
2749 993 1048 994 
2750 2404 2498 1681 
2751 1065 1276 1216 
2752 680 715 661 
2753 2483 2511 1426 
2754 1454 2123 1451 
2755 1054 1275 919 
2756 903 927 926 
2757 1196 1197 1192 
2758 1591 1592 1437 
2759 591 592 589 
2760 768 769 743 
2761 952 953 951 
2762 1414 1416 1415 
2763 1530 1532 1531 
2764 538 546 545 
2765 1300 1525 1329 
2766 485 487 486 
2767 581 888 887 
2768 540 543 542 
2769 1271 1958 515 
2770 1147 1333 1332 
2771 918 921 920 
2772 726 728 727 
2773 1560 1561 1558 
2774 929 931 930 
2775 423 2063 2008 
2776 1347 2426 1280 
2777 1338 1340 1339 
2778 466 2056 464 
2779 1200 1533 1426 
2780 827 828 826 
2781 1368 1370 1369 
2782 792 993 909 
2783 1285 1528 1527 
2784 1307 2084 841 
2785 1436 1437 1435 
2786 1112 2058 960 
2787 600 1976 575 
2788 577 579 578 
2789 1515 1636 1514 
2790 504 911 427 
2791 546 598 547 
2792 1876 2279 1874 
2793 950 951 949 
2794 689 690 688 
2795 1407 1543 1408 
2796 629 866 625 
2797 561 562 560 
2798 954 2059 1108 
2799 570 2043 571 
2800 1063 2057 994 
2801 447 448 446 
2802 1557 1558 1556 
2803 1322 2193 2015 
2804 1605 1606 1604 
2805 927 929 928 
2806 742 743 686 
2807 682 2179 712 
2808 1503 2025 1251 
2809 885 939 860 
2810 1276 1338 1337 
2811 910 2249 2233 
2812 1114 1292 997 
2813 875 876 874 
2814 1412 1414 1413 
2815 1799 2377 1505 
2816 1191 1192 403 
2817 724 726 725 
2818 417 1403 1126 
2819 1850 1853 1852 
2820 394 2153 300 
2821 1366 1368 1367 
2822 507 1075 505 
2823 480 483 482 
2824 767 2098 1066 
2825 532 2061 604 
2826 825 826 824 
2827 575 577 576 
2828 685 686 678 
2829 1359 1362 1361 
2830 1964 1965 1962 
2831 1913 2405 373 
2832 1298 1300 1299 
2833 1102 1190 1045 
2834 1555 1556 1554 
2835 483 485 484 
2836 777 778 776 
2837 2109 2185 932 
2838 984 1039 983 
2839 411 1285 681 
2840 1364 1366 1365 
2841 1289 2096 1113 
2842 669 2089 1005 
2843 1228 1229 1116 
2844 962 2295 897 
2845 565 2065 601 
2846 2152 2217 784 
2847 1520 1741 1481 
2848 1331 1412 1411 
2849 1547 1548 1265 
2850 722 724 723 
2851 559 560 558 
2852 1296 1298 1297 
2853 823 824 822 
2854 1553 1554 1552 
2855 1628 1712 1223 
2856 1208 1223 1177 
2857 1152 2091 1003 
2858 1362 1364 1363 
2859 1306 1322 1168 
2860 1251 1252 1110 
2861 1056 1387 986 
2862 1638 1734 1351 
2863 895 898 897 
2864 707 718 717 
2865 1181 2054 2053 
2866 1009 1193 989 
2867 1163 1406 1405 
2868 1773 1777 1776 
2869 1499 1500 1498 
2870 371 1511 370 
2871 299 397 393 
2872 381 1518 314 
2873 379 1711 282 
2874 391 1706 281 
2875 329 1586 396 
2876 296 1705 371 
2877 368 1651 369 
2878 284 1647 375 
2879 376 1512 377 
2880 383 1583 382 
2881 320 1625 383 
2882 377 1581 313 
2883 380 1510 381 
2884 1862 2219 1860 
2885 1551 1552 1550 
2886 1017 1181 1098 
2887 821 822 820 
2888 1155 2049 1011 
2889 720 722 721 
2890 1304 1331 1330 
2891 787 2146 785 
2892 1860 1863 656 
2893 1346 2054 1093 
2894 325 2182 394 
2895 374 2183 322 
2896 1839 2134 789 
2897 1283 1421 1201 
2898 549 2034 636 
2899 680 2012 715 
2900 1259 1674 1665 
2901 900 902 901 
2902 1495 1536 1491 
2903 465 2100 468 
2904 773 774 756 
2905 879 1024 1023 
2906 982 983 981 
2907 815 816 813 
2908 1136 1315 1314 
2909 2052 2078 1323 
2910 1282 1423 1229 
2911 752 2071 806 
2912 557 558 556 
2913 1086 2034 528 
2914 528 2034 549 
2915 1549 1550 1548 
2916 571 573 572 
2917 1842 1846 1845 
2918 1055 1200 1186 
2919 1966 1968 1967 
2920 988 2072 761 
2921 1513 1514 1291 
2922 1154 1354 1353 
2923 819 820 818 
2924 718 720 719 
2925 553 554 551 
2926 898 900 899 
2927 985 2165 1981 
2928 971 1001 798 
2929 1292 2088 997 
2930 1878 2314 1275 
2931 1462 1463 1461 
2932 807 2016 805 
2933 535 537 536 
2934 1504 1681 1401 
2935 447 449 448 
2936 587 588 586 
2937 1038 2077 941 
2938 1333 1661 1332 
2939 1490 1491 1489 
2940 503 533 532 
2941 2053 2314 1878 
2942 2133 2471 968 
2943 856 859 855 
2944 1290 1291 793 
2945 817 818 816 
2946 1143 1232 1194 
2947 980 981 979 
2948 1141 1143 1142 
2949 1356 1358 1357 
2950 629 2050 866 
2951 811 812 809 
2952 555 556 554 
2953 873 874 872 
2954 769 862 781 
2955 473 708 475 
2956 760 943 914 
2957 1843 2020 1840 
2958 1815 2201 1813 
2959 1213 2074 1545 
2960 1327 1610 1301 
2961 1334 1401 1205 
2962 1846 1849 1847 
2963 1222 2180 1970 
2964 1204 1205 1203 
2965 1021 1304 1169 
2966 1868 2200 710 
2967 1032 1153 1123 
2968 1151 1347 1280 
2969 1464 2227 2189 
2970 1248 1467 1466 
2971 1263 2109 1949 
2972 1231 1664 1220 
2973 1864 1866 1863 
2974 1354 1356 1355 
2975 1236 1446 1445 
2976 848 849 846 
2977 1066 2098 1402 
2978 533 535 534 
2979 854 855 853 
2980 1951 2096 1289 
2981 2006 2269 1908 
2982 1266 2122 797 
2983 838 2084 836 
2984 1039 1381 1111 
2985 449 452 451 
2986 1701 2018 1532 
2987 884 2190 2032 
2988 1478 1489 1477 
2989 708 2042 475 
2990 2015 2193 1050 
2991 1467 1707 1468 
2992 1643 1644 1166 
2993 978 979 977 
2994 585 586 584 
2995 871 872 869 
2996 938 2253 829 
2997 694 750 741 
2998 2153 2466 2451 
2999 1251 2025 1252 
3000 690 701 700 
3001 819 2222 821 
3002 763 808 713 
3003 745 746 698 
3004 1012 1150 1074 
3005 552 2231 2192 
3006 780 803 802 
3007 771 1180 998 
3008 1293 1544 1294 
3009 976 977 975 
3010 852 853 851 
3011 1942 2120 1433 
3012 943 1093 959 
3013 831 2253 1019 
3014 892 894 893 
3015 610 2089 633 
3016 1371 2131 1516 
3017 498 502 501 
3018 1484 1485 1158 
3019 843 1307 841 
3020 703 706 704 
3021 1530 1531 1321 
3022 766 2091 739 
3023 1157 1999 611 
3024 1977 2323 1946 
3025 1092 1976 600 
3026 593 2005 592 
3027 1476 1477 1475 
3028 468 2100 1082 
3029 588 2052 886 
3030 850 851 849 
3031 1088 2055 537 
3032 540 542 530 
3033 444 446 443 
3034 1127 1128 1043 
3035 904 2259 825 
3036 583 584 582 
3037 1385 1447 1105 
3038 669 1005 674 
3039 863 892 864 
3040 827 2259 938 
3041 671 689 688 
3042 1502 1605 1604 
3043 701 703 702 
3044 1452 1453 1451 
3045 764 2106 942 
3046 657 1157 611 
3047 1079 1152 1003 
3048 1611 2294 1610 
3049 747 772 746 
3050 502 2033 503 
3051 1114 1293 1292 
3052 452 915 454 
3053 1380 1398 1397 
3054 1525 1666 1329 
3055 665 685 678 
3056 803 863 804 
3057 1416 1475 1415 
3058 2106 2179 1629 
3059 2024 2156 1460 
3060 1474 2049 1155 
3061 667 692 650 
3062 589 2052 588 
3063 439 445 440 
3064 537 2055 538 
3065 575 576 573 
3066 1215 1642 1493 
3067 1569 1951 1289 
3068 503 2033 533 
3069 774 777 776 
3070 468 1082 470 
3071 744 2098 767 
3072 543 550 542 
3073 754 1235 1234 
3074 1387 2093 986 
3075 1592 1594 1593 
3076 1317 1422 1315 
3077 579 582 578 
3078 493 946 495 
3079 1532 1585 1531 
3080 860 2062 859 
3081 1378 2371 1376 
3082 1096 1208 1177 
3083 859 2062 1061 
3084 893 2097 864 
3085 856 2118 884 
3086 1296 1297 1270 
3087 1133 1278 1121 
3088 655 905 659 
3089 317 2555 1656 
3090 742 768 743 
3091 490 2133 968 
3092 1414 1415 1413 
3093 1377 1380 1379 
3094 1113 2096 891 
3095 1239 2046 1237 
3096 1190 1394 1312 
3097 689 2045 690 
3098 1463 1499 1498 
3099 1066 1402 1068 
3100 1300 1329 1299 
3101 1605 1655 1606 
3102 1070 2016 807 
3103 749 773 756 
3104 1136 1314 1040 
3105 1182 1348 1139 
3106 577 578 576 
3107 1442 2141 1441 
3108 661 2050 629 
3109 685 742 686 
3110 2042 2140 477 
3111 706 2069 707 
3112 1576 1577 1302 
3113 2000 2085 934 
3114 1883 2020 1843 
3115 1532 2018 1585 
3116 571 572 568 
3117 1445 2217 2152 
3118 1412 1413 1411 
3119 1148 1680 1149 
3120 777 890 778 
3121 1459 1462 1461 
3122 1847 2215 1845 
3123 1901 2244 1153 
3124 627 646 635 
3125 463 2100 465 
3126 523 691 521 
3127 1138 1139 990 
3128 1200 1426 1186 
3129 935 2104 672 
3130 1298 1299 1297 
3131 436 439 438 
3132 422 581 421 
3133 798 2080 772 
3134 620 621 618 
3135 1024 1147 1023 
3136 1093 2054 959 
3137 690 2045 701 
3138 551 2079 550 
3139 1141 1142 1052 
3140 1029 1119 963 
3141 613 1099 1089 
3142 442 443 441 
3143 1987 2122 1266 
3144 1130 1327 1301 
3145 432 435 434 
3146 1101 1204 1203 
3147 734 958 736 
3148 401 403 402 
3149 1208 1628 1223 
3150 404 580 406 
3151 768 2088 769 
3152 1651 1653 1652 
3153 397 399 398 
3154 1647 1650 1648 
3155 879 1023 876 
3156 1331 1411 1330 
3157 1268 1987 1266 
3158 428 431 430 
3159 982 984 983 
3160 563 2157 2065 
3161 425 427 426 
3162 420 421 418 
3163 1648 1649 375 
3164 1652 1654 369 
3165 399 401 400 
3166 416 417 415 
3167 936 1148 1013 
3168 1536 1669 1590 
3169 1265 2109 1263 
3170 1071 2101 2006 
3171 1499 1575 1500 
3172 1923 1929 1928 
3173 1013 1014 935 
3174 638 714 640 
3175 1145 1407 1134 
3176 1517 1615 1398 
3177 413 1045 414 
3178 2030 2379 1420 
3179 1632 1635 1598 
3180 797 2122 479 
3181 1981 2144 1534 
3182 984 2093 1039 
3183 1851 2271 1000 
3184 430 2113 429 
3185 414 415 412 
3186 410 411 409 
3187 989 2068 971 
3188 1423 1869 1424 
3189 1304 2220 1331 
3190 410 413 412 
3191 423 425 424 
3192 834 1007 832 
3193 996 1104 1034 
3194 1453 1584 1455 
3195 400 1303 398 
3196 1145 1601 1469 
3197 2571 2576 1267 
3198 1024 2064 1147 
3199 886 936 935 
3200 1455 2092 1457 
3201 1089 1134 1088 
3202 408 409 407 
3203 1304 1330 1169 
3204 888 976 975 
3205 613 1088 537 
3206 1641 2650 1640 
3207 588 886 672 
3208 792 2134 993 
3209 428 429 426 
3210 730 765 732 
3211 487 605 489 
3212 416 419 418 
3213 971 2068 1001 
3214 432 433 430 
3215 420 423 422 
3216 1283 2430 1421 
3217 417 2076 1403 
3218 957 1071 955 
3219 1486 1488 1325 
3220 980 982 981 
3221 436 437 434 
3222 406 407 405 
3223 961 1127 1043 
3224 440 441 438 
3225 404 405 402 
3226 1326 2277 1572 
3227 519 907 517 
3228 859 1061 990 
3229 1342 1539 1538 
3230 1596 1619 1594 
3231 1372 1452 1451 
3232 602 2005 593 
3233 1110 2064 1024 
3234 1334 1504 1401 
3235 1061 1201 1138 
3236 564 647 562 
3237 1143 1194 1142 
3238 1091 2069 706 
3239 442 2128 444 
3240 921 1137 923 
3241 993 1160 1048 
3242 598 657 611 
3243 1563 1565 1561 
3244 398 2126 393 
3245 1327 1611 1610 
3246 1204 1334 1205 
3247 2230 2238 2063 
3248 444 447 446 
3249 1197 1305 1192 
3250 2070 2214 830 
3251 1592 1593 1437 
3252 953 1172 951 
3253 978 980 979 
3254 1182 1602 1507 
3255 726 912 728 
3256 480 2140 483 
3257 2005 2078 592 
3258 1435 2046 1239 
3259 511 2135 509 
3260 1484 1506 1485 
3261 1338 1671 1340 
3262 828 1000 826 
3263 737 2284 1899 
3264 1368 1382 1370 
3265 2456 2483 1533 
3266 2053 2054 1346 
3267 715 2050 661 
3268 411 2082 1285 
3269 592 2052 589 
3270 1676 2362 1667 
3271 538 2055 546 
3272 1558 1608 1556 
3273 992 2101 957 
3274 927 969 929 
3275 1343 2162 1503 
3276 1397 1399 1379 
3277 1190 1312 1045 
3278 1746 2168 1745 
3279 976 978 977 
3280 1574 2418 1903 
3281 1653 2276 1652 
3282 1385 1448 1447 
3283 939 2062 860 
3284 470 2073 473 
3285 1308 1309 1093 
3286 483 1090 485 
3287 444 1284 447 
3288 945 2191 2164 
3289 754 1091 706 
3290 1441 2309 1872 
3291 1377 1378 1376 
3292 1127 1660 1198 
3293 1229 2145 1116 
3294 1234 1236 1091 
3295 1310 1376 1309 
3296 1451 2123 1450 
3297 1362 1375 1364 
3298 1548 2109 1265 
3299 1009 2145 1193 
3300 1127 1198 1128 
3301 381 1535 1518 
3302 1651 1652 369 
3303 1647 1648 375 
3304 397 398 393 
3305 1421 1521 1201 
3306 1552 1559 1550 
3307 1861 2169 1859 
3308 822 973 820 
3309 720 784 722 
3310 707 2069 718 
3311 778 2081 780 
3312 1193 2068 989 
3313 1252 2064 1110 
3314 785 2136 450 
3315 1536 1590 1491 
3316 1423 1424 1229 
3317 674 2083 694 
3318 558 653 556 
3319 657 1522 1157 
3320 1235 1600 1234 
3321 772 1384 1105 
3322 554 2079 551 
3323 1514 1703 1291 
3324 1001 2080 798 
3325 898 1020 900 
3326 1014 2104 935 
3327 934 2085 1012 
3328 978 1107 980 
3329 1204 1335 1334 
3330 535 613 537 
3331 1327 1612 1611 
3332 769 2088 862 
3333 588 672 586 
3334 1980 2174 1071 
3335 404 2127 580 
3336 1194 1272 1142 
3337 859 990 855 
3338 818 1041 816 
3339 1039 2093 1381 
3340 1849 2186 1850 
3341 550 1159 1158 
3342 1103 2250 1717 
3343 874 1087 872 
3344 1380 1397 1379 
3345 789 2134 792 
3346 1236 1599 1446 
3347 1523 2238 2230 
3348 773 2130 774 
3349 772 2080 1384 
3350 1489 1710 1477 
3351 477 2140 480 
3352 771 997 768 
3353 1116 2145 1009 
3354 1499 1646 1575 
3355 943 1308 1093 
3356 1293 1567 1544 
3357 495 2086 498 
3358 550 2079 1159 
3359 1594 2075 1593 
3360 1208 1629 1628 
3361 445 2143 440 
3362 890 2081 778 
3363 703 754 706 
3364 851 1006 849 
3365 982 985 984 
3366 1299 1336 1297 
3367 863 1162 892 
3368 777 1021 890 
3369 1147 1311 1023 
3370 772 1105 746 
3371 1394 1523 1312 
3372 1182 1507 1348 
3373 550 1158 542 
3374 998 1114 997 
3375 1666 1667 1329 
3376 742 771 768 
3377 1147 1332 1311 
3378 1415 1496 1413 
3379 582 651 578 
3380 774 2130 777 
3381 2471 2505 968 
3382 1138 1182 1139 
3383 439 440 438 
3384 1021 1168 890 
3385 1999 2107 624 
3386 442 444 443 
3387 473 2073 708 
3388 435 436 434 
3389 403 404 402 
3390 659 2090 671 
3391 985 986 984 
3392 754 2167 1235 
3393 431 432 430 
3394 1169 1306 1168 
3395 433 2113 430 
3396 420 422 421 
3397 427 428 426 
3398 416 418 417 
3399 1148 1149 1013 
3400 401 402 400 
3401 399 400 398 
3402 1145 1469 1407 
3403 1021 2130 1304 
3404 1186 1187 1056 
3405 1055 1056 986 
3406 414 416 415 
3407 410 412 411 
3408 741 2147 760 
3409 413 414 412 
3410 425 426 424 
3411 936 1013 935 
3412 408 410 409 
3413 1089 1145 1134 
3414 1991 2180 1222 
3415 846 2149 843 
3416 428 430 429 
3417 419 420 418 
3418 997 2088 768 
3419 423 424 422 
3420 613 1089 1088 
3421 432 434 433 
3422 886 935 672 
3423 406 408 407 
3424 592 2078 2052 
3425 985 1055 986 
3426 436 438 437 
3427 404 406 405 
3428 1332 1479 1311 
3429 698 2151 676 
3430 1055 1186 1056 
3431 1068 2094 1215 
3432 1061 1138 990 
3433 1194 1391 1272 
3434 440 442 441 
3435 1989 2192 1921 
3436 1021 1169 1168 
3437 456 2198 648 
3438 530 2148 525 
3439 2010 2129 2055 
3440 1397 1571 1399 
3441 771 998 997 
3442 1308 1310 1309 
3443 754 1234 1091 
3444 1159 1484 1158 
3445 1384 1385 1105 
3446 1377 1379 1378 
3447 1310 1377 1376 
3448 998 1199 1114 
3449 1802 2175 1839 
3450 1452 2150 1453 
3451 1337 2292 1616 
3452 793 2146 787 
3453 869 2142 445 
3454 1471 2292 1339 
3455 760 2147 943 
3456 1121 2099 1070 
3457 780 2081 803 
3458 1837 2291 1150 
3459 887 2166 2076 
3460 1270 2095 1268 
3461 710 2200 758 
3462 694 2083 750 
3463 1464 2189 2138 
3464 1303 2126 398 
3465 1352 2276 1123 
3466 965 2267 967 
3467 1403 2166 1717 
3468 1759 2621 1758 
3469 1012 2085 1150 
3470 750 2147 741 
3471 993 2134 1160 
3472 1040 2103 1029 
3473 736 2102 749 
3474 849 2149 846 
3475 942 2106 1096 
3476 492 2425 2133 
3477 1005 2083 674 
3478 1485 2148 1158 
3479 1082 2073 470 
3480 872 2142 869 
3481 498 2086 502 
3482 2116 2223 2158 
3483 945 2312 1869 
3484 444 2128 1284 
3485 843 2149 1307 
3486 1538 2170 1541 
3487 624 2107 627 
3488 1128 2108 1130 
3489 2325 2407 939 
3490 746 2151 698 
3491 986 2093 984 
3492 1052 2111 992 
3493 963 2112 834 
3494 1034 2117 1101 
3495 1619 2075 1594 
3496 421 2076 418 
3497 2340 2572 1879 
3498 1126 2172 2082 
3499 483 2140 1090 
3500 636 2119 638 
3501 1598 2121 1596 
3502 876 2105 874 
3503 1453 2150 1584 
3504 418 2076 417 
3505 1447 2151 1105 
3506 671 2090 689 
3507 946 2086 495 
3508 542 2148 530 
3509 485 2124 487 
3510 447 2110 449 
3511 415 2082 412 
3512 2032 2190 1276 
3513 613 2163 1099 
3514 1285 2172 1528 
3515 1192 2127 403 
3516 412 2082 411 
3517 905 2090 659 
3518 1714 2305 1172 
3519 546 2129 598 
3520 1424 2145 1229 
3521 1584 2092 1455 
3522 1659 2307 1396 
3523 1215 2094 1642 
3524 1340 2173 1342 
3525 1437 2132 1435 
3526 1557 2181 1560 
3527 1673 2310 1164 
3528 586 2137 584 
3529 2034 2119 636 
3530 855 2138 853 
3531 1402 2094 1068 
3532 1198 2108 1128 
3533 517 2135 511 
3534 1173 2267 1028 
3535 1297 2095 1270 
3536 1278 2099 1121 
3537 1613 2294 1611 
3538 2315 2355 1346 
3539 957 2101 1071 
3540 201 2542 23 
3541 1291 2146 793 
3542 955 2174 953 
3543 850 2176 852 
3544 749 2102 773 
3545 777 2130 1021 
3546 1314 2103 1040 
3547 1301 2246 2007 
3548 1096 2106 1208 
3549 1070 2099 2016 
3550 1848 2214 2070 
3551 1139 2138 990 
3552 712 2179 764 
3553 2104 2137 672 
3554 1268 2095 1987 
3555 1114 2125 1293 
3556 2273 2540 1649 
3557 1720 2382 1409 
3558 1029 2103 1119 
3559 449 2110 452 
3560 1533 2483 1426 
3561 918 2178 921 
3562 958 2102 736 
3563 2411 2484 1518 
3564 1857 2275 1942 
3565 2187 2239 1162 
3566 627 2107 646 
3567 440 2143 442 
3568 915 2198 454 
3569 1130 2108 1327 
3570 1979 2233 1246 
3571 403 2127 404 
3572 1142 2111 1052 
3573 2115 2158 424 
3574 1119 2112 963 
3575 2142 2143 445 
3576 1101 2117 1204 
3577 300 2153 385 
3578 1203 2273 1202 
3579 1284 2110 447 
3580 2076 2166 1403 
3581 1275 2314 2041 
3582 1921 2192 1923 
3583 442 2143 2128 
3584 1023 2105 876 
3585 943 2147 1308 
3586 834 2112 1007 
3587 1104 2117 1034 
3588 1276 2190 1338 
3589 638 2119 714 
3590 526 2321 522 
3591 1635 2121 1598 
3592 1539 2170 1538 
3593 1582 2188 1494 
3594 830 2214 828 
3595 2162 2526 1503 
3596 422 2158 581 
3597 1929 2231 1931 
3598 1596 2121 1619 
3599 718 2152 720 
3600 1006 2149 849 
3601 1050 2193 1880 
3602 369 2182 325 
3603 375 2183 374 
3604 322 2183 373 
3605 393 2184 392 
3606 324 2184 389 
3607 452 2110 915 
3608 1625 2245 383 
3609 1312 2160 1045 
3610 992 2111 2101 
3611 487 2124 605 
3612 301 2533 256 
3613 240 2534 323 
3614 416 2160 419 
3615 244 2529 291 
3616 1408 2260 2010 
3617 386 2461 216 
3618 2133 2425 1496 
3619 2480 2525 1617 
3620 2430 2457 1421 
3621 1045 2160 414 
3622 1105 2151 746 
3623 1087 2142 872 
3624 1305 2127 1192 
3625 1342 2173 1539 
3626 11 2474 340 
3627 2082 2172 1285 
3628 556 2159 554 
3629 1685 1737 1687 
3630 405 2164 402 
3631 598 2129 657 
3632 1445 2152 2069 
3633 1521 2161 1201 
3634 1199 2125 1114 
3635 1671 2173 1340 
3636 1593 2132 1437 
3637 211 2465 380 
3638 382 2464 199 
3639 236 2490 376 
3640 400 2164 1303 
3641 1071 2174 955 
3642 1686 1689 1685 
3643 1090 2124 485 
3644 1163 2226 1406 
3645 2269 2289 1908 
3646 1850 2186 1853 
3647 2105 2218 1087 
3648 533 2163 535 
3649 1158 2148 542 
3650 1201 2161 1138 
3651 1409 2316 1350 
3652 953 2174 1172 
3653 874 2105 1087 
3654 1182 2161 1602 
3655 1452 2682 2150 
3656 1550 2185 1548 
3657 489 2235 491 
3658 584 2154 582 
3659 304 2515 271 
3660 907 2135 517 
3661 205 2508 287 
3662 1604 2286 1603 
3663 921 2178 1137 
3664 1435 2132 2046 
3665 1236 2155 1599 
3666 1327 2108 1612 
3667 2055 2129 546 
3668 672 2137 586 
3669 990 2138 855 
3670 1204 2117 1335 
3671 1272 2111 1142 
3672 1234 2155 1236 
3673 1679 2353 1443 
3674 2033 2163 533 
3675 1336 2095 1297 
3676 350 2499 2423 
3677 1747 2287 1162 
3678 923 2194 996 
3679 1310 2229 2027 
3680 1975 2453 1801 
3681 1293 2125 1567 
3682 853 2189 851 
3683 1208 2106 1629 
3684 1879 2459 330 
3685 1636 2195 1514 
3686 1311 2105 1023 
3687 1822 2202 1818 
3688 287 2432 34 
3689 996 2194 1104 
3690 500 2216 1810 
3691 2060 2187 2081 
3692 1703 2146 1291 
3693 701 2167 703 
3694 720 2152 784 
3695 631 2247 620 
3696 1246 2233 1248 
3697 307 2479 72 
3698 1874 2279 1175 
3699 1137 2194 923 
3700 1809 2320 1374 
3701 1813 2201 1823 
3702 1553 2204 1555 
3703 1282 2203 1620 
3704 653 2159 556 
3705 2164 2191 1303 
3706 2045 2167 701 
3707 290 2448 84 
3708 1760 2486 616 
3709 2069 2152 718 
3710 803 2187 863 
3711 535 2163 613 
3712 1559 2185 1550 
3713 1600 2155 1234 
3714 1687 2261 1688 
3715 385 2451 1953 
3716 582 2154 651 
3717 1541 2429 2018 
3718 1416 2326 1740 
3719 1107 2165 980 
3720 2199 2594 1657 
3721 424 2158 422 
3722 2015 2239 1322 
3723 554 2159 2079 
3724 414 2160 416 
3725 408 2213 2038 
3726 1138 2161 1182 
3727 1252 2262 1996 
3728 982 2165 985 
3729 980 2165 982 
3730 851 2189 1006 
3731 402 2164 400 
3732 1064 2359 518 
3733 1514 2195 1703 
3734 1153 2244 1154 
3735 1548 2185 2109 
3736 1311 2218 2105 
3737 2246 2557 2007 
3738 1306 2193 1322 
3739 758 2200 918 
3740 2526 2577 1503 
3741 703 2167 754 
3742 667 2228 692 
3743 1845 2215 1848 
3744 524 2321 1985 
3745 2060 2239 2187 
3746 419 2230 2063 
3747 1810 2365 499 
3748 691 2221 521 
3749 863 2187 1162 
3750 794 2682 1766 
3751 1186 2205 1187 
3752 1543 2196 1408 
3753 520 2359 526 
3754 1406 2197 1405 
3755 519 2221 907 
3756 523 2225 691 
3757 454 2198 456 
3758 2137 2154 584 
3759 1919 2363 1925 
3760 314 2484 46 
3761 313 2492 106 
3762 1338 2190 1671 
3763 2081 2187 803 
3764 1426 2511 2205 
3765 888 2223 976 
3766 2138 2189 853 
3767 496 2521 1710 
3768 1923 2192 1929 
3769 303 2378 1745 
3770 1860 2219 1864 
3771 310 2416 2024 
3772 665 2237 685 
3773 2254 2440 345 
3774 1654 2182 369 
3775 1649 2183 375 
3776 560 2242 558 
3777 932 2222 819 
3778 394 2182 2153 
3779 326 2445 1982 
3780 245 2529 130 
3781 406 2213 408 
3782 580 2213 406 
3783 1426 2205 1186 
3784 241 2534 119 
3785 155 2533 255 
3786 367 2542 24 
3787 521 2221 519 
3788 2126 2184 393 
3789 738 2258 1785 
3790 1804 2362 799 
3791 1529 2318 1530 
3792 351 2470 2343 
3793 2151 2228 676 
3794 1312 2230 2160 
3795 128 351 127 
3796 146 349 145 
3797 176 1683 175 
3798 38 308 37 
3799 44 1697 43 
3800 32 2199 31 
3801 2 330 1 
3802 8 332 7 
3803 26 279 25 
3804 68 350 67 
3805 104 2087 103 
3806 80 333 79 
3807 188 1691 187 
3808 164 326 163 
3809 158 331 157 
3810 140 1690 139 
3811 2158 2223 581 
3812 2148 2225 525 
3813 2499 2633 2620 
3814 2192 2231 1929 
3815 685 2237 2139 
3816 1054 2279 1275 
3817 918 2200 2178 
3818 681 2312 409 
3819 1926 2363 1920 
3820 683 2357 1930 
3821 750 2229 2147 
3822 581 2223 888 
3823 2119 2549 1526 
3824 1025 2226 1163 
3825 1704 2322 337 
3826 773 2220 2130 
3827 902 2282 903 
3828 1478 2373 1935 
3829 1821 2232 1819 
3830 765 2364 1740 
3831 1336 2349 1804 
3832 389 2251 388 
3833 862 2398 2306 
3834 1085 2301 924 
3835 2110 2288 915 
3836 1446 2217 1445 
3837 1400 2350 1517 
3838 828 2214 1000 
3839 525 2225 523 
3840 676 2228 667 
3841 1316 2452 1318 
3842 1740 2373 1476 
3843 1358 2285 1359 
3844 1447 2228 2151 
3845 2029 2326 1414 
3846 1485 2225 2148 
3847 1591 2579 1694 
3848 309 2431 2412 
3849 2160 2230 419 
3850 1465 2227 1464 
3851 1372 2243 1452 
3852 1382 2243 1370 
3853 407 2312 945 
3854 338 2389 190 
3855 2147 2229 1308 
3856 1552 2241 1559 
3857 2228 2263 692 
3858 1156 2240 1792 
3859 1563 2248 1565 
3860 1996 2262 1997 
3861 1700 2541 1579 
3862 1503 2577 2025 
3863 1150 2291 1151 
3864 894 2297 895 
3865 1603 2463 1501 
3866 1479 2218 1311 
3867 2552 2569 1663 
3868 1893 2487 647 
3869 2130 2220 1304 
3870 1608 2255 1556 
3871 2027 2283 1400 
3872 2102 2220 773 
3873 645 2237 665 
3874 1332 2252 1479 
3875 1214 2410 1770 
3876 1510 2224 381 
3877 1953 2451 1826 
3878 1307 2290 1978 
3879 1431 2236 1576 
3880 345 2538 2254 
3881 1565 2268 1561 
3882 1558 2268 1608 
3883 1653 2453 2276 
3884 1248 2233 1467 
3885 1157 2618 2525 
3886 1523 2230 1312 
3887 2174 2274 1172 
3888 1308 2229 1310 
3889 1000 2271 826 
3890 1717 2250 1718 
3891 958 2299 2029 
3892 1732 2672 1515 
3893 1595 2402 1597 
3894 1202 2410 1100 
3895 2156 2416 149 
3896 1344 2245 1345 
3897 1668 2648 800 
3898 1383 2324 1133 
3899 1692 1693 353 
3900 862 2306 781 
3901 1982 2445 1954 
3902 605 2235 489 
3903 2223 2280 976 
3904 940 2325 939 
3905 1685 1687 1684 
3906 381 2224 1535 
3907 356 1686 1685 
3908 1737 2261 1687 
3909 2220 2264 1331 
3910 1554 2241 1552 
3911 1211 2557 2246 
3912 1597 2257 1631 
3913 978 2280 1107 
3914 1618 2474 2473 
3915 2129 2260 657 
3916 1368 2281 1382 
3917 354 2330 2040 
3918 1370 2243 1372 
3919 295 2254 387 
3920 2403 2517 653 
3921 927 2282 969 
3922 1789 2537 1790 
3923 829 2253 831 
3924 1754 2612 1757 
3925 681 2385 2312 
3926 2120 2383 1433 
3927 499 2425 494 
3928 2150 2682 794 
3929 558 2242 653 
3930 1610 2246 1301 
3931 2063 2238 2008 
3932 1378 2390 2371 
3933 2142 2234 2143 
3934 1551 2431 1657 
3935 1663 2248 1563 
3936 1577 2301 1302 
3937 765 2299 732 
3938 1362 2285 1375 
3939 2319 2678 2250 
3940 734 2299 958 
3941 1564 2431 1549 
3942 1322 2239 2060 
3943 1375 2293 1364 
3944 1897 2668 1428 
3945 825 2259 827 
3946 1154 2244 1354 
3947 1162 2287 892 
3948 1980 2274 2174 
3949 2143 2234 2128 
3950 1087 2234 2142 
3951 1971 2513 2457 
3952 1284 2298 2288 
3953 1447 2263 2228 
3954 1987 2265 478 
3955 1376 2315 1309 
3956 1407 2352 1543 
3957 646 2311 635 
3958 312 2660 1638 
3959 620 2247 621 
3960 1028 2267 965 
3961 822 2300 973 
3962 1458 2469 1574 
3963 898 2297 1020 
3964 1467 2249 1707 
3965 1019 2569 1779 
3966 1556 2255 1554 
3967 1969 2666 1567 
3968 1172 2305 951 
3969 309 2199 1657 
3970 1857 2470 2275 
3971 713 2357 683 
3972 2010 2260 2129 
3973 2012 2355 2315 
3974 1354 2256 1356 
3975 1661 2252 1332 
3976 2330 2402 2040 
3977 1169 2308 1306 
3978 783 2673 1950 
3979 931 2379 2030 
3980 2025 2262 1252 
3981 847 2501 970 
3982 1417 2528 1828 
3983 809 2369 808 
3984 1790 2450 1419 
3985 2233 2249 1467 
3986 2132 2295 962 
3987 844 2458 1904 
3988 2019 2362 1676 
3989 1618 2473 1431 
3990 1206 2273 1203 
3991 813 2372 812 
3992 362 2394 1700 
3993 2218 2234 1087 
3994 1277 2381 2089 
3995 1561 2268 1558 
3996 1442 2388 2141 
3997 1554 2255 2241 
3998 1709 2487 1468 
3999 1873 2459 1879 
4000 1593 2295 2132 
4001 2577 2629 2025 
4002 1615 2358 1398 
4003 2139 2237 1963 
4004 1123 2276 1122 
4005 2296 2688 363 
4006 1957 2511 889 
4007 1580 2296 1730 
4008 1324 2277 1326 
4009 486 2521 496 
4010 657 2260 1522 
4011 1439 2274 1980 
4012 344 2469 2156 
4013 1545 2524 1473 
4014 826 2271 824 
4015 1356 2270 1358 
4016 1825 2502 1429 
4017 2244 2256 1354 
4018 1667 2349 1329 
4019 1670 2506 1470 
4020 1705 2443 346 
4021 365 2436 1711 
4022 366 2441 1706 
4023 1647 2442 355 
4024 1651 2437 278 
4025 2350 2381 1517 
4026 968 2521 488 
4027 1448 2263 1447 
4028 2216 2308 1810 
4029 1140 2527 1737 
4030 1832 2346 315 
4031 1537 2691 1894 
4032 1794 2613 1723 
4033 2229 2283 2027 
4034 748 2673 783 
4035 2210 2309 304 
4036 514 2399 516 
4037 1299 2349 1336 
4038 1701 2446 1542 
4039 363 2688 2345 
4040 1971 2457 1047 
4041 1025 2306 2226 
4042 1497 2561 2024 
4043 1466 2487 1893 
4044 929 2379 931 
4045 1318 2510 1320 
4046 2095 2265 1987 
4047 481 2564 999 
4048 1784 2535 348 
4049 2116 2280 2223 
4050 750 2283 2229 
4051 958 2264 2102 
4052 1195 2519 1015 
4053 328 2606 2467 
4054 1306 2308 2216 
4055 1662 2278 1663 
4056 1697 2419 2354 
4057 1397 2358 1571 
4058 496 2551 484 
4059 912 2364 728 
4060 1983 2610 1811 
4061 2302 2512 1982 
4062 1175 2279 1054 
4063 800 2648 508 
4064 915 2288 2252 
4065 730 2364 765 
4066 2102 2264 2220 
4067 647 2476 1893 
4068 1197 2370 1305 
4069 2256 2270 1356 
4070 1140 2468 1141 
4071 2111 2269 2101 
4072 1488 2370 1325 
4073 1805 2284 737 
4074 1627 2509 1472 
4075 341 2478 220 
4076 2062 2407 1283 
4077 1704 2286 1604 
4078 1715 2407 2325 
4079 973 2368 820 
4080 1757 2612 2247 
4081 348 2680 1784 
4082 1269 2576 1386 
4083 818 2368 1041 
4084 590 2532 591 
4085 1527 2385 681 
4086 2365 2400 499 
4087 2280 2313 1107 
4088 2078 2616 2022 
4089 583 2522 585 
4090 1622 2628 1896 
4091 784 2563 2392 
4092 1546 2536 1547 
4093 2534 2602 323 
4094 2288 2298 1479 
4095 1513 2659 1515 
4096 1710 2539 496 
4097 1041 2372 816 
4098 1336 2265 2095 
4099 1401 2498 2004 
4100 645 2311 2237 
4101 1277 2421 2381 
4102 2303 2658 2348 
4103 1339 2292 1337 
4104 903 2282 927 
4105 585 2617 587 
4106 1366 2281 1368 
4107 2128 2298 1284 
4108 1272 2269 2111 
4109 2308 2365 1810 
4110 1663 2569 2248 
4111 2170 2429 1541 
4112 2101 2269 2006 
4113 1006 2290 2149 
4114 640 2420 643 
4115 1353 2601 1352 
4116 726 2386 912 
4117 2156 2469 1460 
4118 1462 2408 1950 
4119 2306 2398 1444 
4120 1272 2289 2269 
4121 1914 2472 1383 
4122 1359 2285 1362 
4123 2181 2447 1560 
4124 976 2280 978 
4125 1287 2519 1627 
4126 1573 2304 1546 
4127 784 2392 722 
4128 396 2418 395 
4129 1062 2675 1049 
4130 576 2417 573 
4131 2283 2350 1400 
4132 892 2287 894 
4133 2512 2547 1982 
4134 510 2648 514 
4135 2314 2355 711 
4136 1151 2291 1347 
4137 1364 2293 1366 
4138 2092 2408 1457 
4139 1346 2355 2053 
4140 1373 2302 1982 
4141 616 2486 603 
4142 1496 2400 1413 
4143 2083 2283 750 
4144 631 2575 2247 
4145 2227 2290 1006 
4146 1459 2408 1462 
4147 1434 2518 1436 
4148 2271 2300 824 
4149 1662 2693 308 
4150 2168 2636 303 
4151 1302 2301 1085 
4152 1506 2422 1485 
4153 1396 2307 1871 
4154 1391 2289 1272 
4155 2041 2314 711 
4156 2535 2552 2278 
4157 895 2297 898 
4158 732 2299 734 
4159 1164 2310 1699 
4160 346 2317 2316 
4161 2149 2290 1307 
4162 824 2300 822 
4163 397 2467 399 
4164 1578 2649 1700 
4165 1284 2288 2110 
4166 1366 2293 2281 
4167 1985 2421 1277 
4168 2234 2298 2128 
4169 1570 2382 1720 
4170 434 2456 433 
4171 1946 2323 594 
4172 1379 2449 1378 
4173 2205 2511 1957 
4174 696 2686 1952 
4175 2012 2371 715 
4176 2248 2569 1019 
4177 2237 2311 1963 
4178 2075 2295 1593 
4179 1732 2598 1680 
4180 327 2377 2335 
4181 1679 2637 302 
4182 781 2306 1025 
4183 131 2384 334 
4184 1348 2485 1465 
4185 2153 2451 385 
4186 1670 2462 311 
4187 1319 2516 1317 
4188 2278 2552 1663 
4189 951 2305 949 
4190 2218 2298 2234 
4191 2304 2670 279 
4192 1350 2316 1519 
4193 1018 2319 1103 
4194 1530 2318 1656 
4195 378 2494 379 
4196 560 2507 2242 
4197 522 2321 524 
4198 1374 2320 1670 
4199 1107 2313 2144 
4200 572 2455 568 
4201 2252 2288 1479 
4202 635 2311 645 
4203 2629 2667 2262 
4204 2025 2629 2262 
4205 1978 2401 1977 
4206 1493 2550 1582 
4207 2114 2313 2116 
4208 2451 2466 1427 
4209 2236 2473 1695 
4210 2127 2393 580 
4211 564 2476 647 
4212 1330 2308 1169 
4213 2312 2385 1869 
4214 409 2312 407 
4215 2050 2390 2048 
4216 304 2309 2141 
4217 1952 2559 1335 
4218 1145 2520 1601 
4219 2045 2351 2167 
4220 1347 2652 2426 
4221 1211 2622 1079 
4222 1309 2315 1346 
4223 92 2439 91 
4224 182 2442 181 
4225 170 2437 169 
4226 122 2443 121 
4227 152 2435 151 
4228 110 2438 109 
4229 62 2440 61 
4230 56 2441 55 
4231 116 2436 115 
4232 1443 2353 1835 
4233 1606 2367 1704 
4234 2161 2366 1602 
4235 2033 2650 1641 
4236 2565 2653 1001 
4237 1414 2326 1416 
4238 1157 2525 1999 
4239 1415 2471 1496 
4240 2116 2313 2280 
4241 1496 2471 2133 
4242 2420 2668 1897 
4243 274 2444 2188 
4244 373 2405 372 
4245 2232 2488 1819 
4246 1051 2527 1140 
4247 1725 2602 1511 
4248 1726 2557 1728 
4249 2317 2562 1519 
4250 1655 2406 1606 
4251 1390 2354 1389 
4252 1133 2324 1278 
4253 714 2676 2668 
4254 647 2507 562 
4255 1710 2505 1477 
4256 2145 2427 1193 
4257 2351 2375 1235 
4258 1716 2510 1510 
4259 949 2325 940 
4260 372 2405 298 
4261 2290 2401 1978 
4262 2204 2594 339 
4263 1099 2520 1089 
4264 2141 2309 1441 
4265 2276 2453 1122 
4266 1735 2660 2470 
4267 2305 2325 949 
4268 1526 2676 2119 
4269 518 2359 520 
4270 578 2544 576 
4271 1531 2567 1321 
4272 1520 2517 2403 
4273 1422 2669 1315 
4274 580 2393 2197 
4275 2188 2444 1762 
4276 1905 2623 1906 
4277 692 2575 650 
4278 2595 2655 367 
4279 1590 2539 1491 
4280 1329 2349 1299 
4281 1479 2298 2218 
4282 1963 2415 1626 
4283 711 2355 2012 
4284 900 2600 902 
4285 2247 2575 1757 
4286 1711 2454 1449 
4287 1489 2539 1710 
4288 2167 2351 1235 
4289 1920 2363 1919 
4290 1875 2572 1877 
4291 2083 2350 2283 
4292 1610 2622 2246 
4293 1775 2478 2477 
4294 1526 2687 1525 
4295 1159 2558 1484 
4296 2286 2582 286 
4297 1469 2352 1407 
4298 2331 2657 2481 
4299 799 2362 2019 
4300 1335 2559 1334 
4301 2090 2656 2654 
4302 2668 2676 1934 
4303 1527 2427 2385 
4304 808 2357 713 
4305 1398 2358 1397 
4306 2313 2395 2144 
4307 2034 2549 2119 
4308 1484 2568 1506 
4309 187 353 186 
4310 139 352 138 
4311 135 354 134 
4312 183 355 182 
4313 77 274 76 
4314 171 278 170 
4315 55 366 54 
4316 161 292 160 
4317 175 327 174 
4318 91 360 90 
4319 148 310 147 
4320 151 344 150 
4321 75 356 74 
4322 63 345 62 
4323 87 361 86 
4324 111 357 110 
4325 137 273 136 
4326 185 316 184 
4327 101 364 100 
4328 28 347 27 
4329 99 328 98 
4330 113 318 112 
4331 115 365 114 
4332 43 276 42 
4333 123 346 122 
4334 15 362 14 
4335 19 363 18 
4336 66 311 65 
4337 17 319 16 
4338 89 315 88 
4339 5 275 4 
4340 53 317 52 
4341 40 348 39 
4342 126 312 125 
4343 103 277 102 
4344 51 359 50 
4345 173 358 172 
4346 31 309 30 
4347 1005 2350 2083 
4348 2242 2403 653 
4349 1681 2694 795 
4350 2356 2468 1689 
4351 2114 2395 2313 
4352 1602 2360 1507 
4353 502 2650 2033 
4354 1330 2365 2308 
4355 1686 2356 1689 
4356 2246 2622 1211 
4357 2004 2498 2324 
4358 20 2504 19 
4359 2242 2507 1709 
4360 341 2479 2477 
4361 1800 2377 1799 
4362 2558 2568 1484 
4363 728 2364 730 
4364 2354 2419 1389 
4365 2120 2529 2383 
4366 2367 2374 2322 
4367 2090 2654 689 
4368 2525 2618 1617 
4369 1090 2526 2162 
4370 1476 2373 1478 
4371 1675 2409 1630 
4372 2045 2654 2351 
4373 1325 2370 1197 
4374 1997 2667 1082 
4375 2159 2530 2079 
4376 820 2368 818 
4377 1278 2404 2099 
4378 2360 2617 585 
4379 1386 2576 2375 
4380 1572 2593 2491 
4381 812 2369 809 
4382 1206 2540 2273 
4383 1515 2659 2598 
4384 1633 2374 1634 
4385 1411 2365 1330 
4386 1433 2383 1434 
4387 2169 2496 1104 
4388 1693 2334 353 
4389 2227 2401 2290 
4390 1534 2428 1533 
4391 2238 2624 2008 
4392 2204 2432 1972 
4393 1687 2589 1684 
4394 1700 2394 319 
4395 390 2545 391 
4396 1487 2380 1486 
4397 2473 2474 288 
4398 816 2372 813 
4399 2014 2396 1018 
4400 1521 2366 2161 
4401 2140 2526 1090 
4402 7 2303 6 
4403 2427 2500 1193 
4404 1376 2371 2315 
4405 1104 2496 2117 
4406 1959 2599 1064 
4407 1005 2381 2350 
4408 1235 2375 1600 
4409 2099 2404 1410 
4410 585 2522 2360 
4411 1727 2602 1725 
4412 595 2513 1971 
4413 2392 2563 1524 
4414 1193 2500 2068 
4415 1729 2653 2565 
4416 2366 2532 590 
4417 2353 2689 1835 
4418 2322 2374 305 
4419 1723 2388 1442 
4420 1018 2396 2319 
4421 1465 2485 2323 
4422 2089 2381 1005 
4423 969 2379 929 
4424 1705 2382 371 
4425 1828 2528 2417 
4426 1472 2509 1641 
4427 1210 2523 1211 
4428 2048 2546 1960 
4429 2144 2395 1534 
4430 2315 2371 2012 
4431 1444 2398 1394 
4432 1801 2493 1800 
4433 2225 2422 691 
4434 2332 2506 311 
4435 50 2604 49 
4436 387 2391 386 
4437 2031 2398 862 
4438 1869 2385 1424 
4439 2104 2605 2137 
4440 2381 2421 1517 
4441 724 2386 726 
4442 1573 2670 2304 
4443 2380 2607 1508 
4444 1960 2546 1959 
4445 319 2541 1700 
4446 2208 2637 1679 
4447 1014 2619 2104 
4448 2457 2513 1421 
4449 1888 2458 844 
4450 1535 2452 1911 
4451 722 2392 724 
4452 2407 2430 1283 
4453 246 2684 2384 
4454 2388 2515 2141 
4455 2423 2499 1776 
4456 2154 2596 651 
4457 1411 2400 2365 
4458 1724 2673 755 
4459 2113 2395 2114 
4460 114 2336 113 
4461 147 2333 146 
4462 112 2327 111 
4463 52 2341 51 
4464 102 2338 101 
4465 90 2344 89 
4466 4 2340 3 
4467 54 2342 53 
4468 100 2337 99 
4469 172 2328 171 
4470 174 2335 173 
4471 186 2334 185 
4472 18 2345 17 
4473 88 2346 87 
4474 76 2339 75 
4475 184 2331 183 
4476 127 2343 126 
4477 67 2332 66 
4478 136 2330 135 
4479 39 2347 38 
4480 6 2348 5 
4481 2104 2619 2605 
4482 715 2390 2050 
4483 2351 2654 1623 
4484 1100 2410 1214 
4485 2163 2661 1099 
4486 1634 2406 2044 
4487 905 2656 2090 
4488 1581 2607 2491 
4489 724 2392 2386 
4490 1389 2411 1255 
4491 1645 2405 1913 
4492 691 2422 2232 
4493 1524 2563 1495 
4494 902 2600 2307 
4495 1827 2573 1587 
4496 339 2432 2204 
4497 2438 2489 293 
4498 516 2399 1086 
4499 1696 2467 397 
4500 2247 2612 621 
4501 1952 2686 2559 
4502 2395 2428 1534 
4503 160 2361 159 
4504 1775 2477 1778 
4505 2181 2508 2447 
4506 646 2480 2415 
4507 1482 2517 1520 
4508 2040 2402 1595 
4509 1826 2451 1427 
4510 1511 2603 1725 
4511 1305 2393 2127 
4512 2251 2376 283 
4513 1413 2400 1411 
4514 2245 2495 383 
4515 2380 2426 1486 
4516 1691 1692 353 
4517 2361 2450 1790 
4518 2398 2475 1394 
4519 646 2415 2311 
4520 2024 2416 2156 
4521 1950 2673 1724 
4522 1457 2408 1459 
4523 1666 2548 1668 
4524 2574 2608 1469 
4525 2320 2387 1670 
4526 2331 2481 355 
4527 1429 2424 1430 
4528 2467 2606 1892 
4529 1606 2406 2367 
4530 494 2425 492 
4531 399 2467 1892 
4532 2094 2651 1642 
4533 2439 2609 360 
4534 145 2207 252 
4535 1 2210 272 
4536 37 2209 207 
4537 157 2211 257 
4538 1911 2452 1316 
4539 2131 2531 1516 
4540 939 2407 2062 
4541 1894 2460 1471 
4542 379 2454 1711 
4543 1314 2669 1888 
4544 573 2417 572 
4545 2500 2565 2068 
4546 1483 2433 1328 
4547 2377 2560 1505 
4548 2385 2427 1424 
4549 1536 2627 1669 
4550 2031 2475 2398 
4551 1688 2479 307 
4552 1549 2431 1551 
4553 356 1685 1684 
4554 2328 2329 278 
4555 1508 2607 2543 
4556 2348 2658 275 
4557 714 2420 640 
4558 1495 2614 1536 
4559 1570 2603 2382 
4560 2307 2600 1871 
4561 2333 2561 2011 
4562 1517 2421 1615 
4563 1697 2354 276 
4564 1954 2445 1953 
4565 1440 2430 1715 
4566 1022 2571 1267 
4567 1769 2514 1693 
4568 1144 2626 1143 
4569 2236 2649 1578 
4570 1634 2374 2367 
4571 1560 2447 1562 
4572 2113 2428 2395 
4573 2659 2665 1149 
4574 1654 2466 2182 
4575 1510 2510 2224 
4576 1449 2523 1210 
4577 1798 2694 1504 
4578 1872 2459 1873 
4579 2568 2664 1506 
4580 2068 2565 1001 
4581 1486 2426 1488 
4582 1512 2489 2074 
4583 1419 2450 1797 
4584 1729 2565 1528 
4585 1122 2453 1975 
4586 2371 2390 715 
4587 1757 2556 1755 
4588 2563 2614 1495 
4589 2433 2464 1583 
4590 1944 2608 2574 
4591 1465 2401 2227 
4592 2367 2406 1634 
4593 64 2387 63 
4594 1504 2686 1798 
4595 1704 2367 2322 
4596 2458 2669 1422 
4597 1501 2463 2011 
4598 1758 2612 1754 
4599 2004 2472 1206 
4600 1440 2457 2430 
4601 16 2394 15 
4602 2469 2695 1574 
4603 1424 2427 2145 
4604 330 2662 1879 
4605 1460 2469 1458 
4606 1141 2468 1144 
4607 1829 2609 1425 
4608 2546 2599 1959 
4609 1294 2475 2031 
4610 1782 2535 1784 
4611 433 2428 2113 
4612 1399 2449 1379 
4613 1047 2457 1440 
4614 437 2456 434 
4615 29 2397 28 
4616 1828 2573 1827 
4617 2376 2609 2439 
4618 999 2553 1022 
4619 2389 2674 269 
4620 643 2685 655 
4621 1725 2603 1570 
4622 2051 2483 437 
4623 568 2455 566 
4624 2316 2317 1519 
4625 1522 2671 2618 
4626 2360 2522 1507 
4627 1516 2537 1789 
4628 2614 2627 1536 
4629 1906 2503 857 
4630 2503 2567 1531 
4631 2324 2498 1278 
4632 2323 2485 594 
4633 2478 2679 70 
4634 389 2683 2203 
4635 1483 2434 2433 
4636 2211 2531 301 
4637 125 2562 124 
4638 1572 2491 1487 
4639 2549 2687 1526 
4640 2183 2615 373 
4641 2051 2511 2483 
4642 857 2503 2501 
4643 2383 2529 334 
4644 1819 2488 1820 
4645 1468 2487 1466 
4646 437 2483 2456 
4647 356 2339 1686 
4648 2518 2587 2579 
4649 2184 2683 389 
4650 857 2501 847 
4651 1972 2432 287 
4652 1776 2499 1774 
4653 1485 2422 2225 
4654 1149 2665 1013 
4655 603 2486 602 
4656 1755 2497 1756 
4657 2328 2493 2329 
4658 359 2341 2318 
4659 2447 2693 1562 
4660 2455 2476 566 
4661 566 2476 564 
4662 1681 2498 1401 
4663 1544 2570 1294 
4664 1161 2527 1051 
4665 1475 2471 1415 
4666 1693 2514 2334 
4667 1602 2617 2360 
4668 30 2412 29 
4669 1470 2506 1739 
4670 1521 2532 2366 
4671 1394 2475 1523 
4672 795 2694 1798 
4673 2329 2493 1801 
4674 273 2402 2330 
4675 1528 2500 1527 
4676 2074 2489 1545 
4677 149 2416 148 
4678 305 2630 2322 
4679 1906 2623 2516 
4680 1809 2538 2320 
4681 1695 2649 2236 
4682 1320 2510 1716 
4683 2382 2603 371 
4684 1507 2485 1348 
4685 1527 2500 2427 
4686 383 2495 1583 
4687 488 2521 486 
4688 1937 2651 2094 
4689 2311 2415 1963 
4690 1522 2618 1157 
4691 1811 2610 1609 
4692 1015 2519 1287 
4693 594 2522 583 
4694 1656 2555 1701 
4695 2107 2480 646 
4696 2473 2588 1695 
4697 1473 2524 1607 
4698 1835 2689 1618 
4699 2182 2466 2153 
4700 376 2490 1512 
4701 1583 2464 382 
4702 380 2465 1510 
4703 1436 2579 1591 
4704 2399 2687 1086 
4705 1480 2558 1482 
4706 2499 2620 1774 
4707 291 2529 2120 
4708 1475 2505 2471 
4709 1566 2528 1417 
4710 1515 2672 1636 
4711 889 2511 2051 
4712 1143 2626 1232 
4713 2141 2515 304 
4714 1944 2574 1195 
4715 2609 2681 360 
4716 306 2587 2518 
4717 2212 2499 350 
4718 562 2507 560 
4719 2224 2452 1535 
4720 333 2414 2168 
4721 1477 2505 1475 
4722 591 2532 595 
4723 1760 2621 1759 
4724 1581 2492 313 
4725 1518 2484 314 
4726 1904 2623 1905 
4727 1547 2536 1564 
4728 1317 2516 1422 
4729 1982 2547 326 
4730 1187 2672 1732 
4731 2007 2557 1726 
4732 2117 2496 1335 
4733 287 2508 2181 
4734 2387 2462 1670 
4735 1780 2552 1782 
4736 361 2424 1682 
4737 1428 2668 1934 
4738 2486 2554 602 
4739 484 2551 482 
4740 1421 2513 1521 
4741 2011 2561 1497 
4742 1779 2569 1780 
4743 2551 2564 482 
4744 78 2444 77 
4745 482 2564 481 
4746 1431 2473 2236 
4747 1089 2520 1145 
4748 1077 2568 1480 
4749 2618 2671 1984 
4750 1715 2430 2407 
4751 2345 2688 319 
4752 1641 2661 2033 
4753 338 2515 2388 
4754 2042 2577 2526 
4755 2327 2524 357 
4756 1588 2619 1983 
4757 1617 2618 1984 
4758 2042 2526 2140 
4759 1267 2576 1269 
4760 326 2583 2445 
4761 335 2448 1973 
4762 1780 2569 2552 
4763 1934 2676 1526 
4764 1896 2628 1897 
4765 1086 2549 2034 
4766 653 2517 2159 
4767 1525 2548 1666 
4768 1427 2601 1353 
4769 1587 2596 1588 
4770 2278 2347 348 
4771 1892 2606 1589 
4772 2262 2667 1997 
4773 65 2462 64 
4774 1642 2550 1493 
4775 2491 2607 1487 
4776 2375 2576 1600 
4777 2553 2571 1022 
4778 651 2544 578 
4779 1609 2665 2659 
4780 2087 2593 1572 
4781 1491 2539 1489 
4782 1774 2620 1775 
4783 377 2543 1581 
4784 124 2562 2317 
4785 1941 2670 1573 
4786 2620 2633 289 
4787 279 2625 2304 
4788 2079 2530 1159 
4789 1013 2665 1014 
4790 587 2617 590 
4791 2653 2690 2080 
4792 319 2688 2541 
4793 1384 2690 2678 
4794 1999 2525 2107 
4795 602 2554 2005 
4796 1321 2567 1319 
4797 1623 2656 1622 
4798 1798 2686 696 
4799 2491 2492 1581 
4800 361 1682 86 
4801 356 1684 74 
4802 113 2336 318 
4803 365 2336 114 
4804 310 2333 147 
4805 111 2327 357 
4806 328 1696 98 
4807 183 2331 355 
4808 17 2345 319 
4809 135 2330 354 
4810 318 2327 112 
4811 274 2339 76 
4812 362 1695 14 
4813 277 2338 102 
4814 173 2335 358 
4815 353 2334 186 
4816 366 2342 54 
4817 51 2341 359 
4818 99 2337 328 
4819 358 2328 172 
4820 354 1694 134 
4821 89 2344 315 
4822 101 2338 364 
4823 364 2337 100 
4824 360 2344 90 
4825 315 2346 88 
4826 275 2340 4 
4827 317 2341 52 
4828 171 2328 278 
4829 53 2342 317 
4830 185 2334 316 
4831 126 2343 312 
4832 87 2346 361 
4833 327 2335 174 
4834 75 2339 356 
4835 316 2331 184 
4836 363 2345 18 
4837 348 2347 39 
4838 66 2332 311 
4839 273 2330 136 
4840 508 2648 510 
4841 1718 2653 1729 
4842 5 2348 275 
4843 2481 2657 1770 
4844 1830 2681 1829 
4845 2017 2608 1944 
4846 2008 2624 504 
4847 1766 2682 1767 
4848 320 2542 1625 
4849 42 2482 41 
4850 755 2673 748 
4851 2107 2525 2480 
4852 2449 2546 2048 
4853 288 2474 12 
4854 292 2361 160 
4855 1540 2691 1537 
4856 1562 2693 1662 
4857 1099 2661 2509 
4858 1334 2559 1504 
4859 1448 2497 2263 
4860 1511 2534 370 
4861 329 2533 1586 
4862 2548 2687 2399 
4863 1528 2565 2500 
4864 1609 2659 1513 
4865 2678 2690 2250 
4866 1638 2660 1735 
4867 650 2575 631 
4868 2378 2590 335 
4869 2205 2663 1187 
4870 2303 2348 6 
4871 2585 2613 2578 
4872 2155 2553 1599 
4873 655 2685 905 
4874 1737 2527 2261 
4875 1504 2694 1681 
4876 2217 2614 2563 
4877 1711 2436 282 
4878 1706 2441 281 
4879 296 2443 1705 
4880 368 2437 1651 
4881 284 2442 1647 
4882 1718 2690 2653 
4883 1049 2675 1077 
4884 1001 2653 2080 
4885 708 2577 2042 
4886 1601 2574 1469 
4887 323 2602 2494 
4888 2554 2616 2005 
4889 63 2387 345 
4890 1399 2599 2546 
4891 2337 2606 328 
4892 1680 2598 1149 
4893 15 2394 362 
4894 319 2394 16 
4895 388 2638 389 
4896 395 2634 396 
4897 313 2647 377 
4898 282 2642 379 
4899 314 2644 381 
4900 392 2631 393 
4901 281 2632 391 
4902 371 2603 1511 
4903 2044 2611 1004 
4904 1984 2671 1173 
4905 1020 2600 900 
4906 2188 2580 274 
4907 389 2638 324 
4908 396 2634 329 
4909 379 2642 378 
4910 377 2647 376 
4911 381 2644 380 
4912 393 2631 299 
4913 391 2632 390 
4914 1686 2580 2356 
4915 1079 2622 1152 
4916 28 2397 347 
4917 299 2591 397 
4918 2261 2527 1161 
4919 1571 2599 1399 
4920 2654 2656 1623 
4921 1389 2419 2411 
4922 1480 2568 2558 
4923 2217 2563 784 
4924 2005 2616 2078 
4925 162 2512 161 
4926 33 2432 339 
4927 1586 2692 2131 
4928 309 2412 30 
4929 1294 2570 2475 
4930 708 2629 2577 
4931 148 2416 310 
4932 1600 2571 2155 
4933 2322 2630 337 
4934 1957 2663 2205 
4935 71 2479 341 
4936 1599 2627 1446 
4937 2073 2629 708 
4938 689 2654 2045 
4939 1315 2669 1314 
4940 2155 2571 2553 
4941 2605 2619 1588 
4942 1446 2627 2614 
4943 83 2448 335 
4944 77 2444 274 
4945 2137 2605 2154 
4946 2196 2671 1522 
4947 348 2535 2278 
4948 2086 2650 502 
4949 2336 2409 318 
4950 273 2566 2257 
4951 1511 2602 2534 
4952 2257 2566 352 
4953 1523 2570 2238 
4954 1696 2591 97 
4955 1695 2588 13 
4956 1694 2587 133 
4957 1684 2589 73 
4958 358 2493 2328 
4959 2447 2508 343 
4960 1471 2460 2391 
4961 311 2462 65 
4962 330 2459 2210 
4963 1173 2671 2196 
4964 2475 2570 1523 
4965 345 2387 2320 
4966 285 2613 2585 
4967 2080 2690 1384 
4968 1384 2678 1385 
4969 1082 2667 2073 
4970 276 2482 42 
4971 2263 2556 692 
4972 1655 2611 2406 
4973 324 2646 2184 
4974 350 2423 2332 
4975 2184 2646 392 
4976 2339 2580 1686 
4977 2073 2667 2629 
4978 161 2512 292 
4979 163 2547 162 
4980 303 2645 2378 
4981 1649 2615 2183 
4982 43 1697 276 
4983 103 2087 277 
4984 139 1690 352 
4985 175 1683 327 
4986 187 1691 353 
4987 31 2199 309 
4988 2497 2556 2263 
4989 2119 2676 714 
4990 1782 2552 2535 
4991 2033 2661 2163 
4992 2477 2479 1688 
4993 1446 2614 2217 
4994 2454 2523 1449 
4995 1691 2578 1692 
4996 292 2512 2302 
4997 138 2566 137 
4998 352 2566 138 
4999 137 2566 273 
5000 332 2303 7 
5001 1755 2556 2497 
5002 215 2461 321 
5003 360 2681 2344 
5004 2320 2538 345 
5005 1469 2608 2352 
5006 362 2649 1695 
5007 1425 2609 2376 
5008 2417 2528 572 
5009 29 2412 2397 
5010 2391 2461 386 
5011 274 2580 2339 
5012 2334 2514 316 
5013 2374 2584 305 
5014 347 2625 27 
5015 115 2436 365 
5016 151 2435 344 
5017 55 2441 366 
5018 91 2439 360 
5019 346 2443 122 
5020 355 2442 182 
5021 345 2440 62 
5022 357 2438 110 
5023 278 2437 170 
5024 359 2604 50 
5025 2550 2626 1144 
5026 295 2440 2254 
5027 19 2504 363 
5028 40 2680 348 
5029 2304 2625 347 
5030 2126 2683 2184 
5031 105 2492 342 
5032 45 2484 336 
5033 146 2333 349 
5034 350 2332 67 
5035 38 2347 308 
5036 351 2343 127 
5037 2388 2389 338 
5038 366 2446 2342 
5039 159 2597 158 
5040 223 2414 80 
5041 1914 2615 2540 
5042 1668 2548 2399 
5043 2488 2664 1820 
5044 2250 2690 1718 
5045 198 2464 297 
5046 294 2465 212 
5047 293 2490 237 
5048 292 2450 2361 
5049 64 2462 2387 
5050 331 2537 2211 
5051 2491 2593 342 
5052 363 2504 2434 
5053 283 2643 2251 
5054 2474 2689 340 
5055 2251 2643 388 
5056 27 2625 26 
5057 334 2384 2383 
5058 2664 2675 1820 
5059 2361 2597 159 
5060 2340 2662 3 
5061 328 2467 1696 
5062 2460 2545 321 
5063 1488 2652 2310 
5064 327 2560 2377 
5065 306 2518 2384 
5066 1914 2540 2472 
5067 1654 2601 2466 
5068 3 2662 2 
5069 2384 2684 306 
5070 1077 2664 2568 
5071 2206 2635 2275 
5072 79 2677 78 
5073 2275 2635 291 
5074 397 2591 1696 
5075 41 2680 40 
5076 1829 2681 2609 
5077 312 2562 125 
5078 367 2655 2542 
5079 2544 2573 1828 
5080 2540 2615 1649 
5081 714 2668 2420 
5082 2446 2555 2342 
5083 1580 2688 2296 
5084 1701 2555 2446 
5085 343 2508 206 
5086 349 2207 145 
5087 330 2210 1 
5088 308 2209 37 
5089 331 2211 157 
5090 1385 2678 2319 
5091 1728 2523 2454 
5092 342 2492 2491 
5093 1487 2607 2380 
5094 2343 2660 312 
5095 2397 2536 347 
5096 270 2515 338 
5097 2212 2633 2499 
5098 2406 2611 2044 
5099 2342 2555 317 
5100 310 2561 2333 
5101 2413 2604 359 
5102 2434 2504 297 
5103 301 2692 2533 
5104 1399 2546 2449 
5105 1894 2545 2460 
5106 1879 2662 2340 
5107 1512 2490 2489 
5108 78 2677 2444 
5109 162 2547 2512 
5110 2472 2540 1206 
5111 2376 2439 283 
5112 326 2547 163 
5113 302 2586 2353 
5114 279 2670 2595 
5115 1683 2560 327 
5116 2663 2672 1187 
5117 23 2542 320 
5118 1564 2536 2397 
5119 2397 2412 1564 
5120 2482 2680 41 
5121 158 2597 331 
5122 1906 2567 2503 
5123 1636 2672 2663 
5124 80 2414 333 
5125 1482 2558 2530 
5126 2598 2659 1149 
5127 334 2529 245 
5128 370 2534 241 
5129 255 2533 329 
5130 26 2625 279 
5131 1888 2669 2458 
5132 1697 2581 2419 
5133 2 2662 330 
5134 333 2677 79 
5135 2466 2601 1427 
5136 2426 2652 1488 
5137 349 2463 2207 
5138 275 2572 2340 
5139 1790 2597 2361 
5140 2579 2587 1694 
5141 2489 2490 293 
5142 2530 2558 1159 
5143 32 2594 2199 
5144 279 2595 25 
5145 176 2592 1683 
5146 8 2208 332 
5147 104 2593 2087 
5148 128 2206 351 
5149 44 2581 1697 
5150 188 2585 1691 
5151 140 2584 1690 
5152 68 2212 350 
5153 164 2583 326 
5154 1618 2689 2474 
5155 1014 2665 2610 
5156 2494 2602 1727 
5157 321 2461 2460 
5158 2514 2657 316 
5159 2518 2579 1436 
5160 308 2693 2209 
5161 651 2573 2544 
5162 2578 2613 1794 
5163 2543 2607 1581 
5164 2435 2695 344 
5165 1506 2664 2488 
5166 316 2657 2331 
5167 2154 2605 2596 
5168 2516 2623 1422 
5169 2509 2661 1641 
5170 2460 2461 2391 
5171 1775 2620 2478 
5172 905 2685 2628 
5173 208 2581 44 
5174 263 2592 176 
5175 181 284 267 
5176 165 384 258 
5177 225 2590 82 
5178 202 367 24 
5179 238 282 116 
5180 255 329 154 
5181 49 294 212 
5182 247 306 132 
5183 250 337 142 
5184 270 338 190 
5185 213 281 56 
5186 61 295 217 
5187 131 334 245 
5188 179 322 265 
5189 193 2208 8 
5190 231 392 95 
5191 23 320 200 
5192 218 2212 68 
5193 11 340 195 
5194 198 297 20 
5195 227 290 84 
5196 36 343 206 
5197 121 296 242 
5198 10 2586 194 
5199 109 293 237 
5200 33 339 203 
5201 214 390 57 
5202 83 335 225 
5203 13 2588 197 
5204 222 307 72 
5205 194 302 9 
5206 197 288 12 
5207 228 283 92 
5208 166 300 259 
5209 229 388 93 
5210 141 305 248 
5211 189 285 268 
5212 168 325 261 
5213 73 2589 222 
5214 105 342 233 
5215 211 380 47 
5216 205 287 34 
5217 235 313 106 
5218 258 2583 164 
5219 248 2584 140 
5220 236 376 107 
5221 215 321 58 
5222 210 314 46 
5223 230 324 94 
5224 45 336 208 
5225 192 304 271 
5226 219 289 69 
5227 22 382 199 
5228 60 386 216 
5229 254 395 153 
5230 240 323 118 
5231 133 2587 247 
5232 244 291 129 
5233 167 394 260 
5234 232 299 96 
5235 169 368 262 
5236 71 341 220 
5237 177 298 263 
5238 156 301 256 
5239 253 280 152 
5240 180 374 266 
5241 144 286 251 
5242 120 370 241 
5243 224 303 81 
5244 178 372 264 
5245 243 2206 128 
5246 239 378 117 
5247 143 2582 250 
5248 268 2585 188 
5249 97 2591 232 
5250 233 2593 104 
5251 25 2595 202 
5252 203 2594 32 
5253 344 2695 2469 
5254 2596 2605 1588 
5255 2444 2677 1762 
5256 288 2588 2473 
5257 2419 2581 336 
5258 1642 2626 2550 
5259 294 2604 2413 
5260 1077 2675 2664 
5261 1784 2680 2482 
5262 280 2641 2418 
5263 2418 2641 395 
5264 285 2674 2613 
5265 181 2442 284 
5266 283 2439 92 
5267 169 2437 368 
5268 109 2438 293 
5269 121 2443 296 
5270 61 2440 295 
5271 280 2435 152 
5272 281 2441 56 
5273 282 2436 116 
5274 2613 2674 2389 
5275 153 2641 253 
5276 57 2632 213 
5277 69 2633 218 
5278 9 2637 193 
5279 96 2631 231 
5280 129 2635 243 
5281 81 2636 223 
5282 47 2644 210 
5283 117 2642 238 
5284 95 2646 230 
5285 82 2645 224 
5286 142 2630 249 
5287 94 2638 229 
5288 107 2647 235 
5289 93 2643 228 
5290 58 2639 214 
5291 154 2634 254 
5292 118 2640 239 
5293 1691 2585 2578 
5294 289 2679 2620 
5295 2620 2679 2478 
5296 1525 2687 2548 
5297 2531 2692 301 
5298 297 2504 20 
5299 2131 2692 2531 
5300 1086 2687 2549 
5301 2559 2686 1504 
5302 2541 2688 1580 
5303 269 2674 189 
5304 2610 2665 1609 
5305 70 2679 219 
5306 2542 2655 1625 
5307 2628 2685 1897 
5308 49 2604 294 
5309 2545 2639 321 
5310 378 2640 2494 
5311 2494 2640 323 
5312 132 2684 246 
5313 2533 2692 1586 
5314 390 2639 2545 
5315 223 2636 2414 
5316 2414 2636 2168 
5317 306 2684 132 
5318 336 2581 208 
5319 222 2589 307 
5320 194 2586 302 
5321 197 2588 288 
5322 384 2583 258 
5323 298 2592 263 
5324 335 2590 225 
5325 305 2584 248 
5326 285 2585 268 
5327 250 2582 337 
5328 247 2587 306 
5329 232 2591 299 
5330 342 2593 233 
5331 202 2595 367 
5332 339 2594 203 
5333 231 2631 392 
5334 229 2638 388 
5335 239 2640 378 
5336 224 2645 303 
5337 243 2635 2206 
5338 214 2639 390 
5339 218 2633 2212 
5340 254 2634 395 
5341 213 2632 281 
5342 253 2641 280 
5343 228 2643 283 
5344 238 2642 282 
5345 210 2644 314 
5346 230 2646 324 
5347 235 2647 313 
5348 193 2637 2208 
5349 219 2679 289 
5350 390 2632 57 
5351 302 2637 9 
5352 395 2641 153 
5353 289 2633 69 
5354 291 2635 129 
5355 299 2631 96 
5356 303 2636 81 
5357 380 2644 47 
5358 392 2646 95 
5359 378 2642 117 
5360 2590 2645 82 
5361 376 2647 107 
5362 337 2630 142 
5363 324 2638 94 
5364 388 2643 93 
5365 329 2634 154 
5366 321 2639 58 
5367 323 2640 118 
5368 189 2674 285 
5369 2378 2645 2590 
5370 195 2586 10 
5371 200 382 22 
5372 207 343 36 
5373 217 386 60 
5374 85 290 227 
5375 242 370 120 
5376 249 305 141 
5377 251 2582 143 
5378 252 286 144 
5379 257 301 156 
5380 259 384 165 
5381 260 300 166 
5382 261 394 167 
5383 262 325 168 
5384 264 298 177 
5385 265 372 178 
5386 266 322 179 
5387 267 374 180 
5388 272 304 192 
$EndElements
