$MeshFormat
4.1 0 8
$EndMeshFormat
$PhysicalNames
18
1 1 "Electrode1"
1 2 "Electrode2"
1 3 "Electrode3"
1 4 "Electrode4"
1 5 "Electrode5"
1 6 "Electrode6"
1 7 "Electrode7"
1 8 "Electrode8"
1 9 "Electrode9"
1 10 "Electrode10"
1 11 "Electrode11"
1 12 "Electrode12"
1 13 "Electrode13"
1 14 "Electrode14"
1 15 "Electrode15"
1 16 "Electrode16"
1 17 "No-Electrode"
2 1 "domain"
$EndPhysicalNames
$Entities
192 192 1 0
1 0.9945218953682733 -0.1045284632676535 0 0 
2 0.9972037971811801 -0.07473009358642424 0 0 
3 0.9989930665413147 -0.04486483035051493 0 0 
4 0.9998881018102734 -0.01495940701526363 0 0 
5 0.9998881018102734 0.01495940701526361 0 0 
6 0.9989930665413147 0.04486483035051492 0 0 
7 0.9972037971811801 0.07473009358642423 0 0 
8 0.9945218953682733 0.1045284632676535 0 0 
9 0.9900236577165575 0.1409012319375827 0 0 
10 0.9841956079692419 0.1770847403195833 0 0 
11 0.9770455744352636 0.2130303862749766 0 0 
12 0.9685831611286311 0.2486898871648548 0 0 
13 0.9588197348681931 0.2840153447039226 0 0 
14 0.949894146672846 0.3125717679456445 0 0 
15 0.940118274569219 0.3408483971225249 0 0 
16 0.9295008692868207 0.3688199208218619 0 0 
17 0.9180514348413259 0.3964613007416775 0 0 
18 0.905780220027194 0.4237477941033887 0 0 
19 0.8926982092436115 0.4506549757999452 0 0 
20 0.8788171126619654 0.4771587602596084 0 0 
21 0.8607420270039436 0.5090414157503713 0 0 
22 0.8415107819453062 0.540240320477655 0 0 
23 0.821149209133704 0.5707135676844316 0 0 
24 0.7996846584870906 0.600420225325884 0 0 
25 0.7771459614569708 0.6293203910498375 0 0 
26 0.7579717231454529 0.6522874112781212 0 0 
27 0.7381189974873407 0.6746705459320743 0 0 
28 0.7176055553608119 0.6964497590747668 0 0 
29 0.6964497590747669 0.7176055553608117 0 0 
30 0.6746705459320743 0.7381189974873406 0 0 
31 0.6522874112781212 0.7579717231454529 0 0 
32 0.6293203910498375 0.7771459614569708 0 0 
33 0.6004202253258841 0.7996846584870905 0 0 
34 0.5707135676844318 0.8211492091337039 0 0 
35 0.5402403204776551 0.8415107819453062 0 0 
36 0.5090414157503712 0.8607420270039436 0 0 
37 0.4771587602596084 0.8788171126619654 0 0 
38 0.4506549757999451 0.8926982092436115 0 0 
39 0.4237477941033888 0.905780220027194 0 0 
40 0.3964613007416776 0.9180514348413258 0 0 
41 0.368819920821862 0.9295008692868207 0 0 
42 0.340848397122525 0.940118274569219 0 0 
43 0.3125717679456447 0.9498941466728459 0 0 
44 0.2840153447039228 0.9588197348681931 0 0 
45 0.248689887164855 0.9685831611286311 0 0 
46 0.2130303862749766 0.9770455744352636 0 0 
47 0.1770847403195834 0.9841956079692419 0 0 
48 0.1409012319375826 0.9900236577165575 0 0 
49 0.1045284632676535 0.9945218953682733 0 0 
50 0.07473009358642417 0.9972037971811801 0 0 
51 0.04486483035051499 0.9989930665413146 0 0 
52 0.01495940701526361 0.9998881018102734 0 0 
53 -0.01495940701526348 0.9998881018102734 0 0 
54 -0.04486483035051464 0.9989930665413147 0 0 
55 -0.07473009358642427 0.9972037971811801 0 0 
56 -0.1045284632676533 0.9945218953682734 0 0 
57 -0.1409012319375827 0.9900236577165575 0 0 
58 -0.1770847403195833 0.9841956079692419 0 0 
59 -0.2130303862749765 0.9770455744352636 0 0 
60 -0.2486898871648546 0.9685831611286312 0 0 
61 -0.2840153447039226 0.9588197348681931 0 0 
62 -0.3125717679456443 0.949894146672846 0 0 
63 -0.340848397122525 0.940118274569219 0 0 
64 -0.3688199208218619 0.9295008692868207 0 0 
65 -0.3964613007416775 0.9180514348413259 0 0 
66 -0.4237477941033886 0.905780220027194 0 0 
67 -0.4506549757999454 0.8926982092436114 0 0 
68 -0.4771587602596085 0.8788171126619654 0 0 
69 -0.5090414157503713 0.8607420270039436 0 0 
70 -0.540240320477655 0.8415107819453062 0 0 
71 -0.5707135676844316 0.8211492091337041 0 0 
72 -0.6004202253258839 0.7996846584870906 0 0 
73 -0.6293203910498373 0.777145961456971 0 0 
74 -0.6522874112781208 0.7579717231454532 0 0 
75 -0.6746705459320743 0.7381189974873407 0 0 
76 -0.6964497590747667 0.7176055553608121 0 0 
77 -0.7176055553608119 0.6964497590747668 0 0 
78 -0.7381189974873406 0.6746705459320744 0 0 
79 -0.7579717231454531 0.652287411278121 0 0 
80 -0.7771459614569709 0.6293203910498374 0 0 
81 -0.7996846584870906 0.600420225325884 0 0 
82 -0.821149209133704 0.5707135676844317 0 0 
83 -0.841510781945306 0.5402403204776551 0 0 
84 -0.8607420270039435 0.5090414157503714 0 0 
85 -0.8788171126619653 0.4771587602596086 0 0 
86 -0.8926982092436113 0.4506549757999456 0 0 
87 -0.905780220027194 0.4237477941033888 0 0 
88 -0.9180514348413257 0.3964613007416778 0 0 
89 -0.9295008692868207 0.3688199208218619 0 0 
90 -0.940118274569219 0.340848397122525 0 0 
91 -0.949894146672846 0.3125717679456443 0 0 
92 -0.9588197348681931 0.2840153447039226 0 0 
93 -0.9685831611286311 0.2486898871648548 0 0 
94 -0.9770455744352636 0.2130303862749767 0 0 
95 -0.9841956079692419 0.1770847403195834 0 0 
96 -0.9900236577165575 0.1409012319375829 0 0 
97 -0.9945218953682733 0.1045284632676537 0 0 
98 -0.9972037971811801 0.07473009358642467 0 0 
99 -0.9989930665413146 0.04486483035051505 0 0 
100 -0.9998881018102734 0.01495940701526389 0 0 
101 -0.9998881018102734 -0.01495940701526364 0 0 
102 -0.9989930665413146 -0.04486483035051524 0 0 
103 -0.9972037971811801 -0.07473009358642442 0 0 
104 -0.9945218953682733 -0.1045284632676535 0 0 
105 -0.9900236577165575 -0.1409012319375831 0 0 
106 -0.984195607969242 -0.1770847403195832 0 0 
107 -0.9770455744352636 -0.2130303862749764 0 0 
108 -0.9685831611286313 -0.2486898871648542 0 0 
109 -0.9588197348681932 -0.2840153447039224 0 0 
110 -0.9498941466728461 -0.3125717679456441 0 0 
111 -0.9401182745692191 -0.3408483971225247 0 0 
112 -0.9295008692868209 -0.3688199208218617 0 0 
113 -0.9180514348413258 -0.3964613007416776 0 0 
114 -0.9057802200271942 -0.4237477941033886 0 0 
115 -0.8926982092436114 -0.4506549757999453 0 0 
116 -0.8788171126619654 -0.4771587602596084 0 0 
117 -0.8607420270039434 -0.5090414157503717 0 0 
118 -0.8415107819453062 -0.5402403204776549 0 0 
119 -0.8211492091337041 -0.5707135676844315 0 0 
120 -0.7996846584870909 -0.6004202253258835 0 0 
121 -0.7771459614569711 -0.6293203910498373 0 0 
122 -0.7579717231454532 -0.6522874112781208 0 0 
123 -0.7381189974873408 -0.6746705459320742 0 0 
124 -0.7176055553608121 -0.6964497590747666 0 0 
125 -0.6964497590747668 -0.7176055553608118 0 0 
126 -0.6746705459320744 -0.7381189974873406 0 0 
127 -0.6522874112781211 -0.757971723145453 0 0 
128 -0.6293203910498371 -0.7771459614569711 0 0 
129 -0.6004202253258841 -0.7996846584870905 0 0 
130 -0.5707135676844322 -0.8211492091337037 0 0 
131 -0.5402403204776551 -0.841510781945306 0 0 
132 -0.5090414157503719 -0.8607420270039433 0 0 
133 -0.4771587602596087 -0.8788171126619653 0 0 
134 -0.450654975799946 -0.8926982092436111 0 0 
135 -0.4237477941033885 -0.9057802200271942 0 0 
136 -0.3964613007416778 -0.9180514348413257 0 0 
137 -0.368819920821862 -0.9295008692868207 0 0 
138 -0.3408483971225255 -0.9401182745692188 0 0 
139 -0.312571767945644 -0.9498941466728461 0 0 
140 -0.2840153447039226 -0.9588197348681931 0 0 
141 -0.2486898871648544 -0.9685831611286312 0 0 
142 -0.2130303862749767 -0.9770455744352636 0 0 
143 -0.1770847403195831 -0.984195607969242 0 0 
144 -0.1409012319375829 -0.9900236577165575 0 0 
145 -0.1045284632676542 -0.9945218953682733 0 0 
146 -0.07473009358642473 -0.9972037971811801 0 0 
147 -0.0448648303505151 -0.9989930665413146 0 0 
148 -0.0149594070152635 -0.9998881018102734 0 0 
149 0.01495940701526314 -0.9998881018102734 0 0 
150 0.04486483035051474 -0.9989930665413147 0 0 
151 0.07473009358642436 -0.9972037971811801 0 0 
152 0.1045284632676539 -0.9945218953682733 0 0 
153 0.1409012319375826 -0.9900236577165575 0 0 
154 0.1770847403195827 -0.984195607969242 0 0 
155 0.2130303862749764 -0.9770455744352636 0 0 
156 0.2486898871648541 -0.9685831611286313 0 0 
157 0.2840153447039223 -0.9588197348681932 0 0 
158 0.3125717679456436 -0.9498941466728462 0 0 
159 0.3408483971225251 -0.9401182745692189 0 0 
160 0.3688199208218616 -0.9295008692868209 0 0 
161 0.3964613007416775 -0.9180514348413258 0 0 
162 0.4237477941033881 -0.9057802200271944 0 0 
163 0.4506549757999457 -0.8926982092436113 0 0 
164 0.4771587602596083 -0.8788171126619654 0 0 
165 0.5090414157503715 -0.8607420270039434 0 0 
166 0.5402403204776549 -0.8415107819453063 0 0 
167 0.5707135676844318 -0.8211492091337039 0 0 
168 0.6004202253258838 -0.7996846584870907 0 0 
169 0.6293203910498368 -0.7771459614569713 0 0 
170 0.6522874112781207 -0.7579717231454534 0 0 
171 0.6746705459320742 -0.7381189974873408 0 0 
172 0.6964497590747669 -0.7176055553608118 0 0 
173 0.7176055553608115 -0.6964497590747672 0 0 
174 0.7381189974873404 -0.6746705459320745 0 0 
175 0.757971723145453 -0.6522874112781211 0 0 
176 0.7771459614569711 -0.6293203910498372 0 0 
177 0.7996846584870905 -0.6004202253258841 0 0 
178 0.8211492091337037 -0.5707135676844323 0 0 
179 0.841510781945306 -0.5402403204776552 0 0 
180 0.8607420270039432 -0.509041415750372 0 0 
181 0.8788171126619652 -0.4771587602596087 0 0 
182 0.8926982092436111 -0.4506549757999461 0 0 
183 0.9057802200271942 -0.4237477941033885 0 0 
184 0.9180514348413257 -0.3964613007416779 0 0 
185 0.9295008692868207 -0.368819920821862 0 0 
186 0.9401182745692188 -0.3408483971225255 0 0 
187 0.9498941466728461 -0.312571767945644 0 0 
188 0.9588197348681931 -0.2840153447039227 0 0 
189 0.9685831611286312 -0.2486898871648545 0 0 
190 0.9770455744352636 -0.2130303862749768 0 0 
191 0.984195607969242 -0.1770847403195831 0 0 
192 0.9900236577165575 -0.140901231937583 0 0 
1 0.9945217953682733 -0.1045285632676535 -1e-07 0.9972038971811801 -0.07472999358642424 1e-07 1 1 2 1 -2 
2 0.9972036971811802 -0.07473019358642424 -1e-07 0.9989931665413146 -0.04486473035051493 1e-07 1 1 2 2 -3 
3 0.9989929665413148 -0.04486493035051493 -1e-07 0.9998882018102734 -0.01495930701526363 1e-07 1 1 2 3 -4 
4 0.9998880018102735 -0.01495950701526363 -1e-07 0.9998882018102734 0.01495950701526361 1e-07 1 1 2 4 -5 
5 0.9989929665413148 0.01495930701526361 -1e-07 0.9998882018102734 0.04486493035051492 1e-07 1 1 2 5 -6 
6 0.9972036971811802 0.04486473035051491 -1e-07 0.9989931665413146 0.07473019358642423 1e-07 1 1 2 6 -7 
7 0.9945217953682733 0.07472999358642422 -1e-07 0.9972038971811801 0.1045285632676535 1e-07 1 1 2 7 -8 
8 0.9900235577165576 0.1045283632676535 -1e-07 0.9945219953682732 0.1409013319375827 1e-07 1 0 2 8 -9 
9 0.9841955079692419 0.1409011319375827 -1e-07 0.9900237577165575 0.1770848403195833 1e-07 1 0 2 9 -10 
10 0.9770454744352637 0.1770846403195833 -1e-07 0.9841957079692418 0.2130304862749766 1e-07 1 0 2 10 -11 
11 0.9685830611286311 0.2130302862749766 -1e-07 0.9770456744352636 0.2486899871648548 1e-07 1 0 2 11 -12 
12 0.9588196348681931 0.2486897871648548 -1e-07 0.968583261128631 0.2840154447039226 1e-07 1 0 2 12 -13 
13 0.949894046672846 0.2840152447039226 -1e-07 0.958819834868193 0.3125718679456445 1e-07 1 2 2 13 -14 
14 0.9401181745692191 0.3125716679456444 -1e-07 0.9498942466728459 0.3408484971225249 1e-07 1 2 2 14 -15 
15 0.9295007692868208 0.3408482971225249 -1e-07 0.940118374569219 0.3688200208218619 1e-07 1 2 2 15 -16 
16 0.918051334841326 0.3688198208218619 -1e-07 0.9295009692868207 0.3964614007416775 1e-07 1 2 2 16 -17 
17 0.9057801200271941 0.3964612007416775 -1e-07 0.9180515348413258 0.4237478941033887 1e-07 1 2 2 17 -18 
18 0.8926981092436116 0.4237476941033887 -1e-07 0.905780320027194 0.4506550757999452 1e-07 1 2 2 18 -19 
19 0.8788170126619654 0.4506548757999452 -1e-07 0.8926983092436115 0.4771588602596084 1e-07 1 2 2 19 -20 
20 0.8607419270039437 0.4771586602596084 -1e-07 0.8788172126619653 0.5090415157503713 1e-07 1 0 2 20 -21 
21 0.8415106819453062 0.5090413157503714 -1e-07 0.8607421270039436 0.540240420477655 1e-07 1 0 2 21 -22 
22 0.8211491091337041 0.5402402204776551 -1e-07 0.8415108819453061 0.5707136676844315 1e-07 1 0 2 22 -23 
23 0.7996845584870906 0.5707134676844317 -1e-07 0.821149309133704 0.600420325325884 1e-07 1 0 2 23 -24 
24 0.7771458614569708 0.6004201253258841 -1e-07 0.7996847584870905 0.6293204910498374 1e-07 1 0 2 24 -25 
25 0.757971623145453 0.6293202910498376 -1e-07 0.7771460614569707 0.6522875112781211 1e-07 1 3 2 25 -26 
26 0.7381188974873407 0.6522873112781212 -1e-07 0.7579718231454529 0.6746706459320743 1e-07 1 3 2 26 -27 
27 0.717605455360812 0.6746704459320744 -1e-07 0.7381190974873406 0.6964498590747668 1e-07 1 3 2 27 -28 
28 0.696449659074767 0.6964496590747669 -1e-07 0.7176056553608119 0.7176056553608117 1e-07 1 3 2 28 -29 
29 0.6746704459320744 0.7176054553608118 -1e-07 0.6964498590747669 0.7381190974873405 1e-07 1 3 2 29 -30 
30 0.6522873112781212 0.7381188974873406 -1e-07 0.6746706459320743 0.7579718231454529 1e-07 1 3 2 30 -31 
31 0.6293202910498376 0.757971623145453 -1e-07 0.6522875112781211 0.7771460614569707 1e-07 1 3 2 31 -32 
32 0.6004201253258842 0.7771458614569708 -1e-07 0.6293204910498374 0.7996847584870904 1e-07 1 0 2 32 -33 
33 0.5707134676844319 0.7996845584870905 -1e-07 0.6004203253258841 0.8211493091337039 1e-07 1 0 2 33 -34 
34 0.5402402204776552 0.821149109133704 -1e-07 0.5707136676844318 0.8415108819453061 1e-07 1 0 2 34 -35 
35 0.5090413157503713 0.8415106819453062 -1e-07 0.5402404204776551 0.8607421270039436 1e-07 1 0 2 35 -36 
36 0.4771586602596084 0.8607419270039437 -1e-07 0.5090415157503712 0.8788172126619653 1e-07 1 0 2 36 -37 
37 0.4506548757999451 0.8788170126619654 -1e-07 0.4771588602596084 0.8926983092436115 1e-07 1 4 2 37 -38 
38 0.4237476941033888 0.8926981092436116 -1e-07 0.4506550757999451 0.905780320027194 1e-07 1 4 2 38 -39 
39 0.3964612007416776 0.9057801200271941 -1e-07 0.4237478941033888 0.9180515348413257 1e-07 1 4 2 39 -40 
40 0.368819820821862 0.9180513348413258 -1e-07 0.3964614007416776 0.9295009692868207 1e-07 1 4 2 40 -41 
41 0.340848297122525 0.9295007692868208 -1e-07 0.368820020821862 0.940118374569219 1e-07 1 4 2 41 -42 
42 0.3125716679456447 0.9401181745692191 -1e-07 0.340848497122525 0.9498942466728458 1e-07 1 4 2 42 -43 
43 0.2840152447039228 0.9498940466728459 -1e-07 0.3125718679456447 0.958819834868193 1e-07 1 4 2 43 -44 
44 0.248689787164855 0.9588196348681931 -1e-07 0.2840154447039228 0.968583261128631 1e-07 1 0 2 44 -45 
45 0.2130302862749766 0.9685830611286311 -1e-07 0.248689987164855 0.9770456744352636 1e-07 1 0 2 45 -46 
46 0.1770846403195834 0.9770454744352637 -1e-07 0.2130304862749766 0.9841957079692418 1e-07 1 0 2 46 -47 
47 0.1409011319375826 0.9841955079692419 -1e-07 0.1770848403195834 0.9900237577165575 1e-07 1 0 2 47 -48 
48 0.1045283632676535 0.9900235577165576 -1e-07 0.1409013319375826 0.9945219953682732 1e-07 1 0 2 48 -49 
49 0.07472999358642417 0.9945217953682733 -1e-07 0.1045285632676535 0.9972038971811801 1e-07 1 5 2 49 -50 
50 0.04486473035051498 0.9972036971811802 -1e-07 0.07473019358642417 0.9989931665413145 1e-07 1 5 2 50 -51 
51 0.0149593070152636 0.9989929665413146 -1e-07 0.04486493035051499 0.9998882018102734 1e-07 1 5 2 51 -52 
52 -0.01495950701526348 0.9998880018102735 -1e-07 0.0149595070152636 0.9998882018102734 1e-07 1 5 2 52 -53 
53 -0.04486493035051464 0.9989929665413148 -1e-07 -0.01495930701526348 0.9998882018102734 1e-07 1 5 2 53 -54 
54 -0.07473019358642427 0.9972036971811802 -1e-07 -0.04486473035051464 0.9989931665413146 1e-07 1 5 2 54 -55 
55 -0.1045285632676533 0.9945217953682735 -1e-07 -0.07472999358642426 0.9972038971811801 1e-07 1 5 2 55 -56 
56 -0.1409013319375827 0.9900235577165576 -1e-07 -0.1045283632676533 0.9945219953682733 1e-07 1 0 2 56 -57 
57 -0.1770848403195833 0.9841955079692419 -1e-07 -0.1409011319375827 0.9900237577165575 1e-07 1 0 2 57 -58 
58 -0.2130304862749765 0.9770454744352637 -1e-07 -0.1770846403195833 0.9841957079692418 1e-07 1 0 2 58 -59 
59 -0.2486899871648546 0.9685830611286312 -1e-07 -0.2130302862749765 0.9770456744352636 1e-07 1 0 2 59 -60 
60 -0.2840154447039226 0.9588196348681931 -1e-07 -0.2486897871648546 0.9685832611286311 1e-07 1 0 2 60 -61 
61 -0.3125718679456443 0.949894046672846 -1e-07 -0.2840152447039226 0.958819834868193 1e-07 1 6 2 61 -62 
62 -0.340848497122525 0.9401181745692191 -1e-07 -0.3125716679456443 0.9498942466728459 1e-07 1 6 2 62 -63 
63 -0.3688200208218619 0.9295007692868208 -1e-07 -0.340848297122525 0.940118374569219 1e-07 1 6 2 63 -64 
64 -0.3964614007416775 0.918051334841326 -1e-07 -0.3688198208218619 0.9295009692868207 1e-07 1 6 2 64 -65 
65 -0.4237478941033886 0.9057801200271941 -1e-07 -0.3964612007416775 0.9180515348413258 1e-07 1 6 2 65 -66 
66 -0.4506550757999454 0.8926981092436115 -1e-07 -0.4237476941033886 0.905780320027194 1e-07 1 6 2 66 -67 
67 -0.4771588602596085 0.8788170126619654 -1e-07 -0.4506548757999454 0.8926983092436114 1e-07 1 6 2 67 -68 
68 -0.5090415157503713 0.8607419270039437 -1e-07 -0.4771586602596085 0.8788172126619653 1e-07 1 0 2 68 -69 
69 -0.540240420477655 0.8415106819453062 -1e-07 -0.5090413157503714 0.8607421270039436 1e-07 1 0 2 69 -70 
70 -0.5707136676844315 0.8211491091337042 -1e-07 -0.5402402204776551 0.8415108819453061 1e-07 1 0 2 70 -71 
71 -0.6004203253258839 0.7996845584870906 -1e-07 -0.5707134676844317 0.8211493091337041 1e-07 1 0 2 71 -72 
72 -0.6293204910498372 0.7771458614569711 -1e-07 -0.600420125325884 0.7996847584870905 1e-07 1 0 2 72 -73 
73 -0.6522875112781208 0.7579716231454533 -1e-07 -0.6293202910498373 0.777146061456971 1e-07 1 7 2 73 -74 
74 -0.6746706459320743 0.7381188974873407 -1e-07 -0.6522873112781209 0.7579718231454532 1e-07 1 7 2 74 -75 
75 -0.6964498590747666 0.7176054553608121 -1e-07 -0.6746704459320744 0.7381190974873406 1e-07 1 7 2 75 -76 
76 -0.7176056553608119 0.6964496590747669 -1e-07 -0.6964496590747667 0.717605655360812 1e-07 1 7 2 76 -77 
77 -0.7381190974873405 0.6746704459320745 -1e-07 -0.717605455360812 0.6964498590747668 1e-07 1 7 2 77 -78 
78 -0.7579718231454531 0.652287311278121 -1e-07 -0.7381188974873406 0.6746706459320744 1e-07 1 7 2 78 -79 
79 -0.7771460614569708 0.6293202910498374 -1e-07 -0.7579716231454532 0.6522875112781209 1e-07 1 7 2 79 -80 
80 -0.7996847584870905 0.6004201253258841 -1e-07 -0.777145861456971 0.6293204910498373 1e-07 1 0 2 80 -81 
81 -0.821149309133704 0.5707134676844318 -1e-07 -0.7996845584870906 0.600420325325884 1e-07 1 0 2 81 -82 
82 -0.841510881945306 0.5402402204776552 -1e-07 -0.8211491091337041 0.5707136676844317 1e-07 1 0 2 82 -83 
83 -0.8607421270039435 0.5090413157503715 -1e-07 -0.8415106819453061 0.5402404204776551 1e-07 1 0 2 83 -84 
84 -0.8788172126619652 0.4771586602596086 -1e-07 -0.8607419270039436 0.5090415157503714 1e-07 1 0 2 84 -85 
85 -0.8926983092436113 0.4506548757999456 -1e-07 -0.8788170126619653 0.4771588602596086 1e-07 1 8 2 85 -86 
86 -0.905780320027194 0.4237476941033888 -1e-07 -0.8926981092436114 0.4506550757999456 1e-07 1 8 2 86 -87 
87 -0.9180515348413256 0.3964612007416778 -1e-07 -0.9057801200271941 0.4237478941033888 1e-07 1 8 2 87 -88 
88 -0.9295009692868207 0.3688198208218619 -1e-07 -0.9180513348413257 0.3964614007416778 1e-07 1 8 2 88 -89 
89 -0.940118374569219 0.340848297122525 -1e-07 -0.9295007692868208 0.3688200208218619 1e-07 1 8 2 89 -90 
90 -0.9498942466728459 0.3125716679456443 -1e-07 -0.9401181745692191 0.340848497122525 1e-07 1 8 2 90 -91 
91 -0.958819834868193 0.2840152447039226 -1e-07 -0.949894046672846 0.3125718679456443 1e-07 1 8 2 91 -92 
92 -0.968583261128631 0.2486897871648548 -1e-07 -0.9588196348681931 0.2840154447039226 1e-07 1 0 2 92 -93 
93 -0.9770456744352636 0.2130302862749767 -1e-07 -0.9685830611286311 0.2486899871648548 1e-07 1 0 2 93 -94 
94 -0.9841957079692418 0.1770846403195834 -1e-07 -0.9770454744352637 0.2130304862749767 1e-07 1 0 2 94 -95 
95 -0.9900237577165575 0.1409011319375829 -1e-07 -0.9841955079692419 0.1770848403195834 1e-07 1 0 2 95 -96 
96 -0.9945219953682732 0.1045283632676537 -1e-07 -0.9900235577165576 0.1409013319375829 1e-07 1 0 2 96 -97 
97 -0.9972038971811801 0.07472999358642467 -1e-07 -0.9945217953682733 0.1045285632676537 1e-07 1 9 2 97 -98 
98 -0.9989931665413145 0.04486473035051505 -1e-07 -0.9972036971811802 0.07473019358642467 1e-07 1 9 2 98 -99 
99 -0.9998882018102734 0.01495930701526389 -1e-07 -0.9989929665413146 0.04486493035051505 1e-07 1 9 2 99 -100 
100 -0.9998882018102734 -0.01495950701526364 -1e-07 -0.9998880018102735 0.01495950701526389 1e-07 1 9 2 100 -101 
101 -0.9998882018102734 -0.04486493035051525 -1e-07 -0.9989929665413146 -0.01495930701526364 1e-07 1 9 2 101 -102 
102 -0.9989931665413145 -0.07473019358642442 -1e-07 -0.9972036971811802 -0.04486473035051524 1e-07 1 9 2 102 -103 
103 -0.9972038971811801 -0.1045285632676535 -1e-07 -0.9945217953682733 -0.07472999358642442 1e-07 1 9 2 103 -104 
104 -0.9945219953682732 -0.1409013319375831 -1e-07 -0.9900235577165576 -0.1045283632676535 1e-07 1 0 2 104 -105 
105 -0.9900237577165575 -0.1770848403195832 -1e-07 -0.984195507969242 -0.1409011319375831 1e-07 1 0 2 105 -106 
106 -0.9841957079692419 -0.2130304862749764 -1e-07 -0.9770454744352637 -0.1770846403195832 1e-07 1 0 2 106 -107 
107 -0.9770456744352636 -0.2486899871648542 -1e-07 -0.9685830611286314 -0.2130302862749764 1e-07 1 0 2 107 -108 
108 -0.9685832611286312 -0.2840154447039224 -1e-07 -0.9588196348681932 -0.2486897871648542 1e-07 1 0 2 108 -109 
109 -0.9588198348681931 -0.3125718679456441 -1e-07 -0.9498940466728462 -0.2840152447039224 1e-07 1 10 2 109 -110 
110 -0.9498942466728461 -0.3408484971225247 -1e-07 -0.9401181745692192 -0.3125716679456441 1e-07 1 10 2 110 -111 
111 -0.9401183745692191 -0.3688200208218617 -1e-07 -0.9295007692868209 -0.3408482971225247 1e-07 1 10 2 111 -112 
112 -0.9295009692868208 -0.3964614007416776 -1e-07 -0.9180513348413258 -0.3688198208218617 1e-07 1 10 2 112 -113 
113 -0.9180515348413257 -0.4237478941033886 -1e-07 -0.9057801200271942 -0.3964612007416776 1e-07 1 10 2 113 -114 
114 -0.9057803200271941 -0.4506550757999453 -1e-07 -0.8926981092436115 -0.4237476941033886 1e-07 1 10 2 114 -115 
115 -0.8926983092436114 -0.4771588602596084 -1e-07 -0.8788170126619654 -0.4506548757999453 1e-07 1 10 2 115 -116 
116 -0.8788172126619653 -0.5090415157503716 -1e-07 -0.8607419270039435 -0.4771586602596084 1e-07 1 0 2 116 -117 
117 -0.8607421270039434 -0.5402404204776549 -1e-07 -0.8415106819453062 -0.5090413157503717 1e-07 1 0 2 117 -118 
118 -0.8415108819453061 -0.5707136676844314 -1e-07 -0.8211491091337042 -0.540240220477655 1e-07 1 0 2 118 -119 
119 -0.8211493091337041 -0.6004203253258834 -1e-07 -0.799684558487091 -0.5707134676844315 1e-07 1 0 2 119 -120 
120 -0.7996847584870909 -0.6293204910498372 -1e-07 -0.7771458614569712 -0.6004201253258835 1e-07 1 0 2 120 -121 
121 -0.7771460614569711 -0.6522875112781208 -1e-07 -0.7579716231454533 -0.6293202910498373 1e-07 1 11 2 121 -122 
122 -0.7579718231454532 -0.6746706459320742 -1e-07 -0.7381188974873408 -0.6522873112781209 1e-07 1 11 2 122 -123 
123 -0.7381190974873407 -0.6964498590747665 -1e-07 -0.7176054553608121 -0.6746704459320743 1e-07 1 11 2 123 -124 
124 -0.717605655360812 -0.7176056553608118 -1e-07 -0.6964496590747669 -0.6964496590747666 1e-07 1 11 2 124 -125 
125 -0.6964498590747668 -0.7381190974873405 -1e-07 -0.6746704459320745 -0.7176054553608119 1e-07 1 11 2 125 -126 
126 -0.6746706459320744 -0.757971823145453 -1e-07 -0.6522873112781211 -0.7381188974873406 1e-07 1 11 2 126 -127 
127 -0.652287511278121 -0.7771460614569711 -1e-07 -0.6293202910498371 -0.7579716231454531 1e-07 1 11 2 127 -128 
128 -0.629320491049837 -0.7996847584870904 -1e-07 -0.6004201253258842 -0.7771458614569712 1e-07 1 0 2 128 -129 
129 -0.6004203253258841 -0.8211493091337037 -1e-07 -0.5707134676844322 -0.7996845584870905 1e-07 1 0 2 129 -130 
130 -0.5707136676844321 -0.841510881945306 -1e-07 -0.5402402204776552 -0.8211491091337038 1e-07 1 0 2 130 -131 
131 -0.5402404204776551 -0.8607421270039433 -1e-07 -0.5090413157503719 -0.8415106819453061 1e-07 1 0 2 131 -132 
132 -0.5090415157503718 -0.8788172126619652 -1e-07 -0.4771586602596087 -0.8607419270039434 1e-07 1 0 2 132 -133 
133 -0.4771588602596087 -0.892698309243611 -1e-07 -0.450654875799946 -0.8788170126619653 1e-07 1 12 2 133 -134 
134 -0.450655075799946 -0.9057803200271941 -1e-07 -0.4237476941033885 -0.8926981092436111 1e-07 1 12 2 134 -135 
135 -0.4237478941033885 -0.9180515348413256 -1e-07 -0.3964612007416778 -0.9057801200271942 1e-07 1 12 2 135 -136 
136 -0.3964614007416778 -0.9295009692868207 -1e-07 -0.368819820821862 -0.9180513348413257 1e-07 1 12 2 136 -137 
137 -0.368820020821862 -0.9401183745692188 -1e-07 -0.3408482971225255 -0.9295007692868208 1e-07 1 12 2 137 -138 
138 -0.3408484971225255 -0.9498942466728461 -1e-07 -0.3125716679456439 -0.9401181745692189 1e-07 1 12 2 138 -139 
139 -0.312571867945644 -0.958819834868193 -1e-07 -0.2840152447039226 -0.9498940466728462 1e-07 1 12 2 139 -140 
140 -0.2840154447039226 -0.9685832611286311 -1e-07 -0.2486897871648544 -0.9588196348681931 1e-07 1 0 2 140 -141 
141 -0.2486899871648544 -0.9770456744352636 -1e-07 -0.2130302862749767 -0.9685830611286312 1e-07 1 0 2 141 -142 
142 -0.2130304862749767 -0.9841957079692419 -1e-07 -0.1770846403195831 -0.9770454744352637 1e-07 1 0 2 142 -143 
143 -0.1770848403195831 -0.9900237577165575 -1e-07 -0.1409011319375829 -0.984195507969242 1e-07 1 0 2 143 -144 
144 -0.1409013319375829 -0.9945219953682732 -1e-07 -0.1045283632676542 -0.9900235577165576 1e-07 1 0 2 144 -145 
145 -0.1045285632676542 -0.9972038971811801 -1e-07 -0.07472999358642472 -0.9945217953682733 1e-07 1 13 2 145 -146 
146 -0.07473019358642473 -0.9989931665413145 -1e-07 -0.0448647303505151 -0.9972036971811802 1e-07 1 13 2 146 -147 
147 -0.04486493035051511 -0.9998882018102734 -1e-07 -0.01495930701526351 -0.9989929665413146 1e-07 1 13 2 147 -148 
148 -0.0149595070152635 -0.9998882018102734 -1e-07 0.01495950701526314 -0.9998880018102735 1e-07 1 13 2 148 -149 
149 0.01495930701526314 -0.9998882018102734 -1e-07 0.04486493035051475 -0.9989929665413148 1e-07 1 13 2 149 -150 
150 0.04486473035051474 -0.9989931665413146 -1e-07 0.07473019358642437 -0.9972036971811802 1e-07 1 13 2 150 -151 
151 0.07472999358642436 -0.9972038971811801 -1e-07 0.1045285632676539 -0.9945217953682733 1e-07 1 13 2 151 -152 
152 0.1045283632676539 -0.9945219953682732 -1e-07 0.1409013319375826 -0.9900235577165576 1e-07 1 0 2 152 -153 
153 0.1409011319375826 -0.9900237577165575 -1e-07 0.1770848403195827 -0.984195507969242 1e-07 1 0 2 153 -154 
154 0.1770846403195827 -0.9841957079692419 -1e-07 0.2130304862749764 -0.9770454744352637 1e-07 1 0 2 154 -155 
155 0.2130302862749764 -0.9770456744352636 -1e-07 0.2486899871648541 -0.9685830611286314 1e-07 1 0 2 155 -156 
156 0.2486897871648541 -0.9685832611286312 -1e-07 0.2840154447039223 -0.9588196348681932 1e-07 1 0 2 156 -157 
157 0.2840152447039223 -0.9588198348681931 -1e-07 0.3125718679456436 -0.9498940466728463 1e-07 1 14 2 157 -158 
158 0.3125716679456436 -0.9498942466728462 -1e-07 0.3408484971225251 -0.940118174569219 1e-07 1 14 2 158 -159 
159 0.3408482971225251 -0.9401183745692189 -1e-07 0.3688200208218616 -0.9295007692868209 1e-07 1 14 2 159 -160 
160 0.3688198208218616 -0.9295009692868208 -1e-07 0.3964614007416775 -0.9180513348413258 1e-07 1 14 2 160 -161 
161 0.3964612007416775 -0.9180515348413257 -1e-07 0.4237478941033881 -0.9057801200271944 1e-07 1 14 2 161 -162 
162 0.4237476941033881 -0.9057803200271943 -1e-07 0.4506550757999457 -0.8926981092436114 1e-07 1 14 2 162 -163 
163 0.4506548757999457 -0.8926983092436113 -1e-07 0.4771588602596084 -0.8788170126619654 1e-07 1 14 2 163 -164 
164 0.4771586602596083 -0.8788172126619653 -1e-07 0.5090415157503715 -0.8607419270039435 1e-07 1 0 2 164 -165 
165 0.5090413157503716 -0.8607421270039434 -1e-07 0.5402404204776549 -0.8415106819453063 1e-07 1 0 2 165 -166 
166 0.540240220477655 -0.8415108819453062 -1e-07 0.5707136676844318 -0.821149109133704 1e-07 1 0 2 166 -167 
167 0.5707134676844319 -0.8211493091337039 -1e-07 0.6004203253258837 -0.7996845584870907 1e-07 1 0 2 167 -168 
168 0.6004201253258838 -0.7996847584870906 -1e-07 0.6293204910498368 -0.7771458614569714 1e-07 1 0 2 168 -169 
169 0.6293202910498369 -0.7771460614569713 -1e-07 0.6522875112781207 -0.7579716231454534 1e-07 1 15 2 169 -170 
170 0.6522873112781208 -0.7579718231454533 -1e-07 0.6746706459320742 -0.7381188974873408 1e-07 1 15 2 170 -171 
171 0.6746704459320743 -0.7381190974873407 -1e-07 0.6964498590747669 -0.7176054553608119 1e-07 1 15 2 171 -172 
172 0.696449659074767 -0.7176056553608118 -1e-07 0.7176056553608114 -0.6964496590747673 1e-07 1 15 2 172 -173 
173 0.7176054553608116 -0.6964498590747672 -1e-07 0.7381190974873404 -0.6746704459320746 1e-07 1 15 2 173 -174 
174 0.7381188974873405 -0.6746706459320745 -1e-07 0.757971823145453 -0.6522873112781211 1e-07 1 15 2 174 -175 
175 0.7579716231454531 -0.652287511278121 -1e-07 0.7771460614569711 -0.6293202910498372 1e-07 1 15 2 175 -176 
176 0.7771458614569712 -0.6293204910498371 -1e-07 0.7996847584870904 -0.6004201253258842 1e-07 1 0 2 176 -177 
177 0.7996845584870905 -0.6004203253258841 -1e-07 0.8211493091337037 -0.5707134676844323 1e-07 1 0 2 177 -178 
178 0.8211491091337038 -0.5707136676844322 -1e-07 0.841510881945306 -0.5402402204776553 1e-07 1 0 2 178 -179 
179 0.8415106819453061 -0.5402404204776552 -1e-07 0.8607421270039431 -0.509041315750372 1e-07 1 0 2 179 -180 
180 0.8607419270039433 -0.5090415157503719 -1e-07 0.8788172126619651 -0.4771586602596087 1e-07 1 0 2 180 -181 
181 0.8788170126619652 -0.4771588602596087 -1e-07 0.892698309243611 -0.4506548757999461 1e-07 1 16 2 181 -182 
182 0.8926981092436111 -0.4506550757999461 -1e-07 0.9057803200271941 -0.4237476941033885 1e-07 1 16 2 182 -183 
183 0.9057801200271942 -0.4237478941033885 -1e-07 0.9180515348413256 -0.3964612007416779 1e-07 1 16 2 183 -184 
184 0.9180513348413257 -0.3964614007416779 -1e-07 0.9295009692868207 -0.368819820821862 1e-07 1 16 2 184 -185 
185 0.9295007692868208 -0.368820020821862 -1e-07 0.9401183745692188 -0.3408482971225255 1e-07 1 16 2 185 -186 
186 0.9401181745692189 -0.3408484971225255 -1e-07 0.9498942466728461 -0.312571667945644 1e-07 1 16 2 186 -187 
187 0.9498940466728462 -0.312571867945644 -1e-07 0.958819834868193 -0.2840152447039227 1e-07 1 16 2 187 -188 
188 0.9588196348681931 -0.2840154447039227 -1e-07 0.9685832611286311 -0.2486897871648545 1e-07 1 0 2 188 -189 
189 0.9685830611286312 -0.2486899871648545 -1e-07 0.9770456744352636 -0.2130302862749768 1e-07 1 0 2 189 -190 
190 0.9770454744352637 -0.2130304862749768 -1e-07 0.9841957079692419 -0.1770846403195831 1e-07 1 0 2 190 -191 
191 0.984195507969242 -0.1770848403195831 -1e-07 0.9900237577165575 -0.140901131937583 1e-07 1 0 2 191 -192 
192 0.9900235577165576 -0.140901331937583 -1e-07 0.9945219953682732 -0.1045283632676535 1e-07 1 0 2 192 -1 
1 -0.9998882018102734 -0.9998882018102734 -1e-07 0.9998882018102734 0.9998882018102734 1e-07 1 1 192 1 2 3 4 5 6 7 8 9 10 11 12 13 14 15 16 17 18 19 20 21 22 23 24 25 26 27 28 29 30 31 32 33 34 35 36 37 38 39 40 41 42 43 44 45 46 47 48 49 50 51 52 53 54 55 56 57 58 59 60 61 62 63 64 65 66 67 68 69 70 71 72 73 74 75 76 77 78 79 80 81 82 83 84 85 86 87 88 89 90 91 92 93 94 95 96 97 98 99 100 101 102 103 104 105 106 107 108 109 110 111 112 113 114 115 116 117 118 119 120 121 122 123 124 125 126 127 128 129 130 131 132 133 134 135 136 137 138 139 140 141 142 143 144 145 146 147 148 149 150 151 152 153 154 155 156 157 158 159 160 161 162 163 164 165 166 167 168 169 170 171 172 173 174 175 176 177 178 179 180 181 182 183 184 185 186 187 188 189 190 191 192 
$EndEntities
$Nodes
385 829 1 829
0 1 0 1
1
0.9945218953682733 -0.1045284632676535 0
0 2 0 1
2
0.9972037971811801 -0.07473009358642424 0
0 3 0 1
3
0.9989930665413147 -0.04486483035051493 0
0 4 0 1
4
0.9998881018102734 -0.01495940701526363 0
0 5 0 1
5
0.9998881018102734 0.01495940701526361 0
0 6 0 1
6
0.9989930665413147 0.04486483035051492 0
0 7 0 1
7
0.9972037971811801 0.07473009358642423 0
0 8 0 1
8
0.9945218953682733 0.1045284632676535 0
0 9 0 1
9
0.9900236577165575 0.1409012319375827 0
0 10 0 1
10
0.9841956079692419 0.1770847403195833 0
0 11 0 1
11
0.9770455744352636 0.2130303862749766 0
0 12 0 1
12
0.9685831611286311 0.2486898871648548 0
0 13 0 1
13
0.9588197348681931 0.2840153447039226 0
0 14 0 1
14
0.949894146672846 0.3125717679456445 0
0 15 0 1
15
0.940118274569219 0.3408483971225249 0
0 16 0 1
16
0.9295008692868207 0.3688199208218619 0
0 17 0 1
17
0.9180514348413259 0.3964613007416775 0
0 18 0 1
18
0.905780220027194 0.4237477941033887 0
0 19 0 1
19
0.8926982092436115 0.4506549757999452 0
0 20 0 1
20
0.8788171126619654 0.4771587602596084 0
0 21 0 1
21
0.8607420270039436 0.5090414157503713 0
0 22 0 1
22
0.8415107819453062 0.540240320477655 0
0 23 0 1
23
0.821149209133704 0.5707135676844316 0
0 24 0 1
24
0.7996846584870906 0.600420225325884 0
0 25 0 1
25
0.7771459614569708 0.6293203910498375 0
0 26 0 1
26
0.7579717231454529 0.6522874112781212 0
0 27 0 1
27
0.7381189974873407 0.6746705459320743 0
0 28 0 1
28
0.7176055553608119 0.6964497590747668 0
0 29 0 1
29
0.6964497590747669 0.7176055553608117 0
0 30 0 1
30
0.6746705459320743 0.7381189974873406 0
0 31 0 1
31
0.6522874112781212 0.7579717231454529 0
0 32 0 1
32
0.6293203910498375 0.7771459614569708 0
0 33 0 1
33
0.6004202253258841 0.7996846584870905 0
0 34 0 1
34
0.5707135676844318 0.8211492091337039 0
0 35 0 1
35
0.5402403204776551 0.8415107819453062 0
0 36 0 1
36
0.5090414157503712 0.8607420270039436 0
0 37 0 1
37
0.4771587602596084 0.8788171126619654 0
0 38 0 1
38
0.4506549757999451 0.8926982092436115 0
0 39 0 1
39
0.4237477941033888 0.905780220027194 0
0 40 0 1
40
0.3964613007416776 0.9180514348413258 0
0 41 0 1
41
0.368819920821862 0.9295008692868207 0
0 42 0 1
42
0.340848397122525 0.940118274569219 0
0 43 0 1
43
0.3125717679456447 0.9498941466728459 0
0 44 0 1
44
0.2840153447039228 0.9588197348681931 0
0 45 0 1
45
0.248689887164855 0.9685831611286311 0
0 46 0 1
46
0.2130303862749766 0.9770455744352636 0
0 47 0 1
47
0.1770847403195834 0.9841956079692419 0
0 48 0 1
48
0.1409012319375826 0.9900236577165575 0
0 49 0 1
49
0.1045284632676535 0.9945218953682733 0
0 50 0 1
50
0.07473009358642417 0.9972037971811801 0
0 51 0 1
51
0.04486483035051499 0.9989930665413146 0
0 52 0 1
52
0.01495940701526361 0.9998881018102734 0
0 53 0 1
53
-0.01495940701526348 0.9998881018102734 0
0 54 0 1
54
-0.04486483035051464 0.9989930665413147 0
0 55 0 1
55
-0.07473009358642427 0.9972037971811801 0
0 56 0 1
56
-0.1045284632676533 0.9945218953682734 0
0 57 0 1
57
-0.1409012319375827 0.9900236577165575 0
0 58 0 1
58
-0.1770847403195833 0.9841956079692419 0
0 59 0 1
59
-0.2130303862749765 0.9770455744352636 0
0 60 0 1
60
-0.2486898871648546 0.9685831611286312 0
0 61 0 1
61
-0.2840153447039226 0.9588197348681931 0
0 62 0 1
62
-0.3125717679456443 0.949894146672846 0
0 63 0 1
63
-0.340848397122525 0.940118274569219 0
0 64 0 1
64
-0.3688199208218619 0.9295008692868207 0
0 65 0 1
65
-0.3964613007416775 0.9180514348413259 0
0 66 0 1
66
-0.4237477941033886 0.905780220027194 0
0 67 0 1
67
-0.4506549757999454 0.8926982092436114 0
0 68 0 1
68
-0.4771587602596085 0.8788171126619654 0
0 69 0 1
69
-0.5090414157503713 0.8607420270039436 0
0 70 0 1
70
-0.540240320477655 0.8415107819453062 0
0 71 0 1
71
-0.5707135676844316 0.8211492091337041 0
0 72 0 1
72
-0.6004202253258839 0.7996846584870906 0
0 73 0 1
73
-0.6293203910498373 0.777145961456971 0
0 74 0 1
74
-0.6522874112781208 0.7579717231454532 0
0 75 0 1
75
-0.6746705459320743 0.7381189974873407 0
0 76 0 1
76
-0.6964497590747667 0.7176055553608121 0
0 77 0 1
77
-0.7176055553608119 0.6964497590747668 0
0 78 0 1
78
-0.7381189974873406 0.6746705459320744 0
0 79 0 1
79
-0.7579717231454531 0.652287411278121 0
0 80 0 1
80
-0.7771459614569709 0.6293203910498374 0
0 81 0 1
81
-0.7996846584870906 0.600420225325884 0
0 82 0 1
82
-0.821149209133704 0.5707135676844317 0
0 83 0 1
83
-0.841510781945306 0.5402403204776551 0
0 84 0 1
84
-0.8607420270039435 0.5090414157503714 0
0 85 0 1
85
-0.8788171126619653 0.4771587602596086 0
0 86 0 1
86
-0.8926982092436113 0.4506549757999456 0
0 87 0 1
87
-0.905780220027194 0.4237477941033888 0
0 88 0 1
88
-0.9180514348413257 0.3964613007416778 0
0 89 0 1
89
-0.9295008692868207 0.3688199208218619 0
0 90 0 1
90
-0.940118274569219 0.340848397122525 0
0 91 0 1
91
-0.949894146672846 0.3125717679456443 0
0 92 0 1
92
-0.9588197348681931 0.2840153447039226 0
0 93 0 1
93
-0.9685831611286311 0.2486898871648548 0
0 94 0 1
94
-0.9770455744352636 0.2130303862749767 0
0 95 0 1
95
-0.9841956079692419 0.1770847403195834 0
0 96 0 1
96
-0.9900236577165575 0.1409012319375829 0
0 97 0 1
97
-0.9945218953682733 0.1045284632676537 0
0 98 0 1
98
-0.9972037971811801 0.07473009358642467 0
0 99 0 1
99
-0.9989930665413146 0.04486483035051505 0
0 100 0 1
100
-0.9998881018102734 0.01495940701526389 0
0 101 0 1
101
-0.9998881018102734 -0.01495940701526364 0
0 102 0 1
102
-0.9989930665413146 -0.04486483035051524 0
0 103 0 1
103
-0.9972037971811801 -0.07473009358642442 0
0 104 0 1
104
-0.9945218953682733 -0.1045284632676535 0
0 105 0 1
105
-0.9900236577165575 -0.1409012319375831 0
0 106 0 1
106
-0.984195607969242 -0.1770847403195832 0
0 107 0 1
107
-0.9770455744352636 -0.2130303862749764 0
0 108 0 1
108
-0.9685831611286313 -0.2486898871648542 0
0 109 0 1
109
-0.9588197348681932 -0.2840153447039224 0
0 110 0 1
110
-0.9498941466728461 -0.3125717679456441 0
0 111 0 1
111
-0.9401182745692191 -0.3408483971225247 0
0 112 0 1
112
-0.9295008692868209 -0.3688199208218617 0
0 113 0 1
113
-0.9180514348413258 -0.3964613007416776 0
0 114 0 1
114
-0.9057802200271942 -0.4237477941033886 0
0 115 0 1
115
-0.8926982092436114 -0.4506549757999453 0
0 116 0 1
116
-0.8788171126619654 -0.4771587602596084 0
0 117 0 1
117
-0.8607420270039434 -0.5090414157503717 0
0 118 0 1
118
-0.8415107819453062 -0.5402403204776549 0
0 119 0 1
119
-0.8211492091337041 -0.5707135676844315 0
0 120 0 1
120
-0.7996846584870909 -0.6004202253258835 0
0 121 0 1
121
-0.7771459614569711 -0.6293203910498373 0
0 122 0 1
122
-0.7579717231454532 -0.6522874112781208 0
0 123 0 1
123
-0.7381189974873408 -0.6746705459320742 0
0 124 0 1
124
-0.7176055553608121 -0.6964497590747666 0
0 125 0 1
125
-0.6964497590747668 -0.7176055553608118 0
0 126 0 1
126
-0.6746705459320744 -0.7381189974873406 0
0 127 0 1
127
-0.6522874112781211 -0.757971723145453 0
0 128 0 1
128
-0.6293203910498371 -0.7771459614569711 0
0 129 0 1
129
-0.6004202253258841 -0.7996846584870905 0
0 130 0 1
130
-0.5707135676844322 -0.8211492091337037 0
0 131 0 1
131
-0.5402403204776551 -0.841510781945306 0
0 132 0 1
132
-0.5090414157503719 -0.8607420270039433 0
0 133 0 1
133
-0.4771587602596087 -0.8788171126619653 0
0 134 0 1
134
-0.450654975799946 -0.8926982092436111 0
0 135 0 1
135
-0.4237477941033885 -0.9057802200271942 0
0 136 0 1
136
-0.3964613007416778 -0.9180514348413257 0
0 137 0 1
137
-0.368819920821862 -0.9295008692868207 0
0 138 0 1
138
-0.3408483971225255 -0.9401182745692188 0
0 139 0 1
139
-0.312571767945644 -0.9498941466728461 0
0 140 0 1
140
-0.2840153447039226 -0.9588197348681931 0
0 141 0 1
141
-0.2486898871648544 -0.9685831611286312 0
0 142 0 1
142
-0.2130303862749767 -0.9770455744352636 0
0 143 0 1
143
-0.1770847403195831 -0.984195607969242 0
0 144 0 1
144
-0.1409012319375829 -0.9900236577165575 0
0 145 0 1
145
-0.1045284632676542 -0.9945218953682733 0
0 146 0 1
146
-0.07473009358642473 -0.9972037971811801 0
0 147 0 1
147
-0.0448648303505151 -0.9989930665413146 0
0 148 0 1
148
-0.0149594070152635 -0.9998881018102734 0
0 149 0 1
149
0.01495940701526314 -0.9998881018102734 0
0 150 0 1
150
0.04486483035051474 -0.9989930665413147 0
0 151 0 1
151
0.07473009358642436 -0.9972037971811801 0
0 152 0 1
152
0.1045284632676539 -0.9945218953682733 0
0 153 0 1
153
0.1409012319375826 -0.9900236577165575 0
0 154 0 1
154
0.1770847403195827 -0.984195607969242 0
0 155 0 1
155
0.2130303862749764 -0.9770455744352636 0
0 156 0 1
156
0.2486898871648541 -0.9685831611286313 0
0 157 0 1
157
0.2840153447039223 -0.9588197348681932 0
0 158 0 1
158
0.3125717679456436 -0.9498941466728462 0
0 159 0 1
159
0.3408483971225251 -0.9401182745692189 0
0 160 0 1
160
0.3688199208218616 -0.9295008692868209 0
0 161 0 1
161
0.3964613007416775 -0.9180514348413258 0
0 162 0 1
162
0.4237477941033881 -0.9057802200271944 0
0 163 0 1
163
0.4506549757999457 -0.8926982092436113 0
0 164 0 1
164
0.4771587602596083 -0.8788171126619654 0
0 165 0 1
165
0.5090414157503715 -0.8607420270039434 0
0 166 0 1
166
0.5402403204776549 -0.8415107819453063 0
0 167 0 1
167
0.5707135676844318 -0.8211492091337039 0
0 168 0 1
168
0.6004202253258838 -0.7996846584870907 0
0 169 0 1
169
0.6293203910498368 -0.7771459614569713 0
0 170 0 1
170
0.6522874112781207 -0.7579717231454534 0
0 171 0 1
171
0.6746705459320742 -0.7381189974873408 0
0 172 0 1
172
0.6964497590747669 -0.7176055553608118 0
0 173 0 1
173
0.7176055553608115 -0.6964497590747672 0
0 174 0 1
174
0.7381189974873404 -0.6746705459320745 0
0 175 0 1
175
0.757971723145453 -0.6522874112781211 0
0 176 0 1
176
0.7771459614569711 -0.6293203910498372 0
0 177 0 1
177
0.7996846584870905 -0.6004202253258841 0
0 178 0 1
178
0.8211492091337037 -0.5707135676844323 0
0 179 0 1
179
0.841510781945306 -0.5402403204776552 0
0 180 0 1
180
0.8607420270039432 -0.509041415750372 0
0 181 0 1
181
0.8788171126619652 -0.4771587602596087 0
0 182 0 1
182
0.8926982092436111 -0.4506549757999461 0
0 183 0 1
183
0.9057802200271942 -0.4237477941033885 0
0 184 0 1
184
0.9180514348413257 -0.3964613007416779 0
0 185 0 1
185
0.9295008692868207 -0.368819920821862 0
0 186 0 1
186
0.9401182745692188 -0.3408483971225255 0
0 187 0 1
187
0.9498941466728461 -0.312571767945644 0
0 188 0 1
188
0.9588197348681931 -0.2840153447039227 0
0 189 0 1
189
0.9685831611286312 -0.2486898871648545 0
0 190 0 1
190
0.9770455744352636 -0.2130303862749768 0
0 191 0 1
191
0.984195607969242 -0.1770847403195831 0
0 192 0 1
192
0.9900236577165575 -0.140901231937583 0
1 1 0 0
1 2 0 0
1 3 0 0
1 4 0 0
1 5 0 0
1 6 0 0
1 7 0 0
1 8 0 0
1 9 0 0
1 10 0 0
1 11 0 0
1 12 0 0
1 13 0 0
1 14 0 0
1 15 0 0
1 16 0 0
1 17 0 0
1 18 0 0
1 19 0 0
1 20 0 0
1 21 0 0
1 22 0 0
1 23 0 0
1 24 0 0
1 25 0 0
1 26 0 0
1 27 0 0
1 28 0 0
1 29 0 0
1 30 0 0
1 31 0 0
1 32 0 0
1 33 0 0
1 34 0 0
1 35 0 0
1 36 0 0
1 37 0 0
1 38 0 0
1 39 0 0
1 40 0 0
1 41 0 0
1 42 0 0
1 43 0 0
1 44 0 0
1 45 0 0
1 46 0 0
1 47 0 0
1 48 0 0
1 49 0 0
1 50 0 0
1 51 0 0
1 52 0 0
1 53 0 0
1 54 0 0
1 55 0 0
1 56 0 0
1 57 0 0
1 58 0 0
1 59 0 0
1 60 0 0
1 61 0 0
1 62 0 0
1 63 0 0
1 64 0 0
1 65 0 0
1 66 0 0
1 67 0 0
1 68 0 0
1 69 0 0
1 70 0 0
1 71 0 0
1 72 0 0
1 73 0 0
1 74 0 0
1 75 0 0
1 76 0 0
1 77 0 0
1 78 0 0
1 79 0 0
1 80 0 0
1 81 0 0
1 82 0 0
1 83 0 0
1 84 0 0
1 85 0 0
1 86 0 0
1 87 0 0
1 88 0 0
1 89 0 0
1 90 0 0
1 91 0 0
1 92 0 0
1 93 0 0
1 94 0 0
1 95 0 0
1 96 0 0
1 97 0 0
1 98 0 0
1 99 0 0
1 100 0 0
1 101 0 0
1 102 0 0
1 103 0 0
1 104 0 0
1 105 0 0
1 106 0 0
1 107 0 0
1 108 0 0
1 109 0 0
1 110 0 0
1 111 0 0
1 112 0 0
1 113 0 0
1 114 0 0
1 115 0 0
1 116 0 0
1 117 0 0
1 118 0 0
1 119 0 0
1 120 0 0
1 121 0 0
1 122 0 0
1 123 0 0
1 124 0 0
1 125 0 0
1 126 0 0
1 127 0 0
1 128 0 0
1 129 0 0
1 130 0 0
1 131 0 0
1 132 0 0
1 133 0 0
1 134 0 0
1 135 0 0
1 136 0 0
1 137 0 0
1 138 0 0
1 139 0 0
1 140 0 0
1 141 0 0
1 142 0 0
1 143 0 0
1 144 0 0
1 145 0 0
1 146 0 0
1 147 0 0
1 148 0 0
1 149 0 0
1 150 0 0
1 151 0 0
1 152 0 0
1 153 0 0
1 154 0 0
1 155 0 0
1 156 0 0
1 157 0 0
1 158 0 0
1 159 0 0
1 160 0 0
1 161 0 0
1 162 0 0
1 163 0 0
1 164 0 0
1 165 0 0
1 166 0 0
1 167 0 0
1 168 0 0
1 169 0 0
1 170 0 0
1 171 0 0
1 172 0 0
1 173 0 0
1 174 0 0
1 175 0 0
1 176 0 0
1 177 0 0
1 178 0 0
1 179 0 0
1 180 0 0
1 181 0 0
1 182 0 0
1 183 0 0
1 184 0 0
1 185 0 0
1 186 0 0
1 187 0 0
1 188 0 0
1 189 0 0
1 190 0 0
1 191 0 0
1 192 0 0
2 1 0 637
193
194
195
196
197
198
199
200
201
202
203
204
205
206
207
208
209
210
211
212
213
214
215
216
217
218
219
220
221
222
223
224
225
226
227
228
229
230
231
232
233
234
235
236
237
238
239
240
241
242
243
244
245
246
247
248
249
250
251
252
253
254
255
256
257
258
259
260
261
262
263
264
265
266
267
268
269
270
271
272
273
274
275
276
277
278
279
280
281
282
283
284
285
286
287
288
289
290
291
292
293
294
295
296
297
298
299
300
301
302
303
304
305
306
307
308
309
310
311
312
313
314
315
316
317
318
319
320
321
322
323
324
325
326
327
328
329
330
331
332
333
334
335
336
337
338
339
340
341
342
343
344
345
346
347
348
349
350
351
352
353
354
355
356
357
358
359
360
361
362
363
364
365
366
367
368
369
370
371
372
373
374
375
376
377
378
379
380
381
382
383
384
385
386
387
388
389
390
391
392
393
394
395
396
397
398
399
400
401
402
403
404
405
406
407
408
409
410
411
412
413
414
415
416
417
418
419
420
421
422
423
424
425
426
427
428
429
430
431
432
433
434
435
436
437
438
439
440
441
442
443
444
445
446
447
448
449
450
451
452
453
454
455
456
457
458
459
460
461
462
463
464
465
466
467
468
469
470
471
472
473
474
475
476
477
478
479
480
481
482
483
484
485
486
487
488
489
490
491
492
493
494
495
496
497
498
499
500
501
502
503
504
505
506
507
508
509
510
511
512
513
514
515
516
517
518
519
520
521
522
523
524
525
526
527
528
529
530
531
532
533
534
535
536
537
538
539
540
541
542
543
544
545
546
547
548
549
550
551
552
553
554
555
556
557
558
559
560
561
562
563
564
565
566
567
568
569
570
571
572
573
574
575
576
577
578
579
580
581
582
583
584
585
586
587
588
589
590
591
592
593
594
595
596
597
598
599
600
601
602
603
604
605
606
607
608
609
610
611
612
613
614
615
616
617
618
619
620
621
622
623
624
625
626
627
628
629
630
631
632
633
634
635
636
637
638
639
640
641
642
643
644
645
646
647
648
649
650
651
652
653
654
655
656
657
658
659
660
661
662
663
664
665
666
667
668
669
670
671
672
673
674
675
676
677
678
679
680
681
682
683
684
685
686
687
688
689
690
691
692
693
694
695
696
697
698
699
700
701
702
703
704
705
706
707
708
709
710
711
712
713
714
715
716
717
718
719
720
721
722
723
724
725
726
727
728
729
730
731
732
733
734
735
736
737
738
739
740
741
742
743
744
745
746
747
748
749
750
751
752
753
754
755
756
757
758
759
760
761
762
763
764
765
766
767
768
769
770
771
772
773
774
775
776
777
778
779
780
781
782
783
784
785
786
787
788
789
790
791
792
793
794
795
796
797
798
799
800
801
802
803
804
805
806
807
808
809
810
811
812
813
814
815
816
817
818
819
820
821
822
823
824
825
826
827
828
829
-0.425872031280503 -0.8759369117419415 0
0.4307096231124392 0.8684570213350168 0
0.872243520166648 -0.4271131176653348 0
-0.8676247155393236 0.43028349416483 0
0.3085188031088504 -0.9165731829636972 0
-0.91787480254673 -0.3092840953805432 0
-0.3094432415856879 0.918367876228214 0
0.9190446595939856 0.3077118752754858 0
-0.7295725863608858 -0.6369327026095253 0
-0.6451188950390433 0.7276696606038353 0
0.6408031310980582 -0.7270432630173431 0
0.05952053763165303 0.9685907631288423 0
0.729643780638488 0.6368678569910113 0
-0.9665007449021004 0.06552529389956951 0
-0.06053847316622637 -0.9681088398081948 0
0.9722343552082404 -0.05824790924837993 0
0.927367810972302 -0.2546539500637588 0
0.4805258417414552 -0.8364078612036456 0
-0.257245179542527 -0.9286571357001038 0
-0.9608290770043493 -0.1185584309112342 0
-0.7601310378272071 0.5879531382847937 0
-0.5967420691771601 -0.7612985424939271 0
-0.8338877810078374 -0.4793680274531673 0
0.5838210519141689 0.7551298524978141 0
-0.9231396212553543 0.2550060976836587 0
-0.478876756169671 0.8314451009683435 0
0.8351727135091909 0.4748365656978753 0
0.9522045721164674 0.1249715594389733 0
0.1204387780510985 -0.9502366516816538 0
0.7549641697933811 -0.5889875039562839 0
0.2540947222534056 0.9170966343823406 0
-0.124086140171673 0.9483822383477278 0
0.8220749696665783 -0.5023684979878399 0
0.2265938430739159 -0.9326019485565367 0
-0.5063487269685188 -0.8099290243217356 0
-0.7808644730150065 -0.559971918736811 0
-0.5623683710317996 0.7789830139609885 0
0.5026308078342732 0.8211874950675518 0
-0.9303369034524824 -0.2142106872458761 0
0.9486176983190117 -0.1566615243033209 0
-0.8120293624053734 0.5061525800616539 0
-0.2112364927974684 0.9309099019348902 0
0.9356996827309796 0.2211024904321903 0
0.1560948990051984 0.9475100815044013 0
-0.9424339362836985 0.1633781796982388 0
0.7791109228702322 0.5617900370516675 0
-0.1556491355434056 -0.9439401731739372 0
0.5608179991835591 -0.7774226266099781 0
-0.345639216275362 -0.9105855218218359 0
0.9090829114093838 -0.336953173438333 0
0.3963654437173054 -0.878523882951218 0
0.7005434121364829 -0.6603662318450794 0
-0.9562039391588628 -0.03027014752610997 0
-0.4044754981943955 0.8809071361912225 0
-0.8822246525150443 -0.4000389062755311 0
-0.7071342983607345 0.6654944030514307 0
0.8844704308061228 0.3985498210786151 0
0.02329816112721664 -0.9640229292352687 0
0.6637976712178036 0.6971327492828292 0
-0.03642284630838157 0.9690772074071754 0
-0.6586645090306016 -0.7103551800179608 0
0.3293370768149146 0.9148887034367947 0
-0.9001853763221942 0.3425685579836112 0
0.968871279102115 0.03336158088713181 0
0.8313820020259473 -0.4644902286716966 0
0.7724433638026565 -0.4787402400037981 0
0.8009278233010946 -0.406430073521832 0
0.7183571876759701 -0.4221634452879617 0
0.7361454647243768 -0.3485934896774849 0
0.6621375030307692 -0.3672762222378043 0
0.6817075962362953 -0.293106254539173 0
0.6065658404610857 -0.3131420148513441 0
0.626764117277141 -0.2368893090009185 0
0.5501744137208262 -0.2577480149525301 0
0.5705662643355194 -0.1792872854016427 0
0.4930162875651181 -0.1996220142375427 0
0.5129449325540036 -0.1202683386495897 0
0.4325471160449761 -0.1410991881388464 0
0.4535768116186014 -0.06006693482619578 0
0.3704405236681657 -0.08233076199681134 0
0.3482334387429228 -0.1665602175709719 0
0.2837228876041665 -0.1008484423334268 0
0.3079154261806193 -0.01501319950263942 0
0.2200373145685904 -0.03868861060055017 0
0.1958297730820117 -0.1361868489597785 0
0.1299110902309898 -0.0660041414965048 0
0.1543193748421258 0.02706984572955796 0
0.06228099636811095 0.001796890208891011 0
0.03789840456065292 -0.09156088543160176 0
-0.03081640163658693 -0.02378011527087832 0
0.08772824734144395 0.09445100373112787 0
-0.0558069872245697 -0.1174505948821531 0
-0.1235962812446711 -0.04973346702950738 0
-0.1482413319156627 -0.1426654179724401 0
-0.08104150894794963 -0.2093897424920416 0
-0.2157729379255235 -0.07621101294719829 0
-0.1935732872470713 0.01545260820697394 0
-0.2828127196945497 -0.01062850041988938 0
-0.2610687423892454 0.07882850929866728 0
-0.1733723375442328 -0.2326218899100405 0
-0.1065715192141642 -0.2985318032168158 0
0.5267075673414748 -0.3372150383032251 0
-0.3493705984334663 0.05385912575378345 0
-0.3273213315742942 0.1413748631257646 0
-0.3707125833330164 -0.03570109436041474 0
-0.1960425636947759 -0.3212248396883419 0
-0.1310807848529895 -0.3851894251612459 0
-0.412650511322348 0.1161325698064724 0
-0.3912524637781493 0.2032906778778782 0
-0.3069844075114332 0.2275609708411282 0
-0.3701960603820264 0.2890517548057728 0
-0.2875281941185332 0.3129666805060983 0
-0.2166876380766917 -0.4078427781870026 0
-0.15520133594386 -0.469242403464773 0
-0.07035648789740591 -0.4479990023660225 0
0.5332369101682614 -0.03820473698611532 0
-0.3497346974765145 0.3725905767261835 0
-0.2680553482600092 0.3969916047628858 0
-0.474629091729191 0.178403686849427 0
-0.0943311302532804 -0.5302927352078446 0
-0.01176911637287211 -0.5098380509634113 0
-0.2812001983729036 -0.3460836430051963 0
-0.3002319383578775 -0.4305007469967112 0
-0.3616061361631223 -0.3715521845179048 0
-0.3306895068376309 0.4542393708469339 0
-0.2498400536153991 0.4787954843593602 0
-0.1871255871736687 0.4219451564335658 0
-0.1678229652520662 0.5032239976782256 0
-0.1060173210645946 0.4474401791549672 0
-0.08642988038178125 0.5282131554610972 0
-0.02485243973052083 0.4726694031432475 0
-0.005391087292672976 0.553303180961662 0
0.05613985037760457 0.4970372722556456 0
0.07521100773085919 0.5777049438888597 0
0.1363671872171637 0.5221704898956221 0
-0.4100664656484637 0.4313192796738957 0
-0.034405416443537 -0.5909714310083298 0
0.04690501002037175 -0.5702122993653114 0
-0.3816685265690002 -0.4527110498146122 0
-0.4412887990626387 -0.3944523518296828 0
-0.1156002154782037 -0.6111212616490078 0
-0.2361291736099467 0.557535073946116 0
0.06991485121445591 -0.4903428570506865 0
0.1277093347555888 -0.5509271214938123 0
0.1566394228527133 0.6042962109829485 0
0.2182700213431299 0.5504153326670741 0
0.1978221464379627 0.4661671629022482 0
0.280003444026227 0.4946730590070221 0
0.2596039631134758 0.4094412334349213 0
0.339326985707451 0.4355398486214346 0
-0.06750785669046677 0.6115306973493722 0
-0.4966577871308031 0.09451260943643108 0
-0.5569044754495692 0.1539538904596994 0
-0.5777916567049985 0.07337200628187865 0
0.3586108479424435 0.5115024856921242 0
0.4174140783484306 0.4557967985579705 0
0.4005307111980503 0.3788716917882307 0
0.4792658890576267 0.4055089854411358 0
0.4625196074343718 0.3249032698658701 0
0.5399244427663943 0.3507005090756714 0
0.6492372248164706 -0.1654454419747185 0
0.1001689231194094 -0.6309199620875594 0
0.1809958103572673 -0.6114092052306175 0
0.2074365161687036 -0.5321329686612247 0
0.2630426308714961 -0.5916285818111973 0
-0.3912993896337936 0.5118021629567782 0
0.6484423974702395 -0.4428910267921067 0
-0.6359858303099939 0.1315385784012831 0
-0.6162272244898642 0.2101114226338576 0
-0.6563469332968779 0.05237273586427315 0
-0.5991576039517748 -0.005561347947570444 0
-0.6772074507767831 -0.02632989519904115 0
-0.6204739493635731 -0.08379895785938182 0
0.0942842993882253 0.6592574701870499 0
-0.4689088200170814 0.4885167802757912 0
0.2386224013457998 0.6362448871993579 0
0.3850306003928217 0.2997566427617628 0
-0.4607773726246917 -0.4743867709114435 0
-0.5184297787369485 -0.4178038146638366 0
-0.4033782570282459 -0.5315111479391879 0
-0.05715508911742351 -0.6694999077432345 0
-0.1220017083999666 0.3594825875903678 0
0.5237000104749648 0.2706245497985109 0
0.6005513780799377 0.2962759212755264 0
-0.1356310278981133 -0.6899924715998805 0
0.287993345862273 -0.5136122046254857 0
0.3426298733115392 -0.5741722097976185 0
0.2314368708994341 -0.4526938564994492 0
0.4895783230757307 0.4775274883891231 0
-0.6977425726031085 -0.1042404249344707 0
0.03232782946854044 0.4119144621146451 0
-0.6415969923176672 -0.1609541613734457 0
-0.4216564776747135 -0.3135450469757355 0
0.2336168958568222 -0.6701558479295866 0
0.5844434794651389 0.2167947563034469 0
0.6604999454929421 0.2422793606527047 0
0.6446515948950862 0.1639525061716623 0
0.6138879588716486 0.3729615824658579 0
0.5102028683178538 0.189997087655288 0
-0.6936691058534481 0.1881561098700546 0
-0.672203073649755 0.2679171739342112 0
-0.4510144834944411 0.566089184116255 0
-0.7185936942882115 -0.1817096725450514 0
-0.01976202487324012 -0.2795382858660234 0
-0.4803271394598622 -0.5523772023104712 0
-0.4251507434506415 -0.6080973458630301 0
-0.7336857532211989 0.03181850351990011 0
-0.1661843178348672 0.1092420018589415 0
0.7197483777193293 0.1886923164721561 0
0.7042208810185182 0.1116527019928274 0
-0.5262923579882758 0.5434303253861965 0
-0.5449304146893685 0.4672578713169523 0
-0.6625895673321658 -0.2374964758101446 0
-0.07934305439832913 -0.7462630570404906 0
-0.5636524693778383 -0.1409932431403985 0
0.1791597710444761 0.1187512562288421 0
-0.2095516096379896 -0.638616488056943 0
-0.2100331701046679 -0.716390294795336 0
0.313029617376192 -0.4341955876306056 0
0.2555012271033714 -0.3719715714644155 0
0.7556787771046567 -0.2759910703435244 0
0.7361095270571008 0.2648024376542989 0
-0.738291522715922 -0.2568686567161328 0
-0.6834328304212172 -0.3122391987466271 0
0.115010955666742 0.187884503586538 0
-0.7739337294284302 -0.1242069302325415 0
0.3381690425457596 -0.3531965928618383 0
-0.7505044435875698 0.2431487528628098 0
-0.7252277955293043 0.3143382225850261 0
0.7778792074244274 0.1368137224670703 0
0.7625959833618636 0.06061655527009104 0
-0.5905968424408166 0.2986680912051246 0
-0.6009646471191361 0.5213300101824733 0
-0.5076613253062663 0.6190624528729549 0
-0.4342082714213679 0.6418734671629489 0
0.2042997356386316 0.2086558093335925 0
0.02191080003663971 0.1628997381990437 0
-0.5003237617817763 -0.6277838614637511 0
-0.5549196129535663 -0.5739236166494227 0
-0.4457552012751099 -0.6821524382041317 0
0.2687505344407128 0.1432476159246017 0
-0.7688563758057209 0.1680069304466704 0
-0.002473054870692896 -0.727218381065014 0
-0.02454411213433418 -0.8021119618519862 0
0.05015998443841437 -0.7836321535353229 0
-0.6203431842703216 0.4445234020963824 0
0.6872204371584695 0.03116274458623298 0
0.7474821135867012 -0.01629013982363101 0
-0.3714423253588175 -0.6627974269311605 0
0.3937912008023676 -0.4169231827313871 0
0.8202899227324976 0.009440730320245089 0
0.8059850021362882 -0.06555916285317584 0
0.4764662434085674 0.02355233969960841 0
-0.6124958832054024 -0.2946027793461156 0
-0.2231529302594303 0.2532336945914548 0
-0.3920395777372221 -0.7357582448435985 0
-0.09619413780454571 -0.821361242291559 0
-0.7576169376584314 -0.3319907090869155 0
-0.7039105411367111 -0.385977176097428 0
0.1731365034950037 -0.3910739912653406 0
0.1970316173404079 -0.3080944732502292 0
0.1738380372692597 0.377811533809798 0
-0.6743317010402921 0.497983495378951 0
0.04727207578990401 0.2531543196469734 0
-0.04318845534113117 0.2278019879487379 0
0.5541213518193013 0.0469967298739854 0
-0.8086770166252819 -0.2771812550666238 0
-0.4883498925954812 0.6914742354425507 0
-0.4169400136273619 0.7157698862934488 0
-0.3612007289952482 0.6646355356714801 0
-0.3443601478534135 0.7390587219128235 0
-0.2885193004281238 0.6877653354805396 0
-0.2714810858249608 0.7622467137688999 0
-0.2153517496394192 0.7107608386591481 0
-0.1989139277330807 0.7851676915928474 0
-0.1423639133168108 0.7339219481015671 0
-0.1259451631410476 0.808119453644062 0
-0.06927365002442522 0.7568833662921318 0
-0.05342841135450696 0.8305901683761451 0
0.00309801854087854 0.7798245833749586 0
0.01661373678433469 0.8517547363717496 0
0.07462012845575784 0.8025968942330755 0
-0.8215768021132528 0.2216136655297713 0
-0.8391576363823794 0.1497184031261707 0
0.0276872108227188 -0.853398674651433 0
0.1020812870956924 -0.8370092988795387 0
0.1238353785984223 -0.7656901114524587 0
0.1757520351510229 -0.8196416792456425 0
0.6736056680892394 -0.04156695587956941 0
0.1128519260122885 -0.328726849231168 0
-0.6918109282219651 0.4260340568401377 0
-0.566394236229 -0.6478567832166383 0
-0.6206316272351363 -0.5932394508123321 0
-0.6150260844951846 -0.5117981122656886 0
-0.6566367245475759 0.5714108487219174 0
-0.6808496794592847 -0.5496912345647924 0
0.143547501162407 -0.2398719782241637 0
-0.01578694346999983 0.7033530993792052 0
-0.255139594952272 0.83653619193808 0
-0.5658957797134569 0.386932622864129 0
0.2460496592079039 0.3084164593260628 0
-0.5622984485594089 0.6720564481654825 0
0.08770554933304829 0.8721089705801137 0
0.1466494446110037 0.8235882231317199 0
-0.3219101359232456 -0.7162493971590586 0
-0.3407139806621958 -0.7870519914216582 0
-0.297249865275078 -0.643980844011419 0
0.4205655969854448 -0.3351211192091539 0
-0.7747064596131614 -0.4038693539118369 0
-0.3941805604130883 0.7867610608252549 0
-0.155980777819645 0.6585023516319781 0
0.1308664981412612 0.7522888164840464 0
0.2024559199711178 0.7736989277879658 0
0.8927155757242762 -0.04445172320557833 0
0.8632637194611902 -0.1146391468319453 0
0.7927431980298296 -0.1397215954565474 0
0.8528078215268944 -0.1890949567586107 0
0.2180678260839482 0.8574892500167047 0
0.2740592234853926 0.7997309843025686 0
0.2579567943486324 0.7210623862306018 0
0.3310303662560824 0.7485125277602883 0
0.3166868217719089 0.6704236889017177 0
0.3884998180357991 0.6987357417646473 0
0.4053526216048626 0.7749578867068782 0
0.459359874937013 0.7207636895697855 0
0.4455558508827897 0.6494322536349433 0
0.5162844686043198 0.6743410587505332 0
0.5015202664906341 0.603496208364197 0
0.5735061046378682 0.6255416297507456 0
0.2959694558934232 0.2244635246078249 0
0.3559165888038668 0.1593285459710599 0
0.5606609951244041 0.5573710918052979 0
0.6269536785111449 0.5773011063383449 0
0.6188752749327097 0.5054961878329459 0
0.6892262362874387 0.5333841814298425 0
0.6792103761767803 0.4577452764468865 0
0.7384141903358346 0.4814171350845644 0
0.7415446674177877 0.41683670118266 0
-0.7231938434672744 -0.4502918327381809 0
-0.6511437078041705 -0.4400458810269896 0
-0.02145058115638907 0.322499580010862 0
0.3638428401943082 -0.2724807907132678 0
0.1503419227297778 0.2899216899259395 0
0.4338999666411621 0.5821937024688995 0
0.3088955768474724 0.5797738247198668 0
0.2041477232099121 -0.7462705553229563 0
0.2497422539905678 -0.8032942867623487 0
0.9018391561048094 0.03658244369519108 0
-0.07051322406528297 0.1378094847975548 0
-0.3049137220386309 0.6123438959000348 0
0.3318782020278626 0.07438311781103582 0
0.4159856156128698 0.08801833148620661 0
-0.1089687726470453 0.8878439978904926 0
-0.7544331614809767 0.4831243471543317 0
-0.763781050555823 0.4134188924947658 0
-0.4661940258316787 -0.7614044462590203 0
-0.7880786560562507 0.09021659228704083 0
-0.8570262252071862 0.07326297031900503 0
0.1468711523840867 -0.8864760566179941 0
-0.1455616553482833 0.2092749317953486 0
0.1854028342895858 0.6924357208578567 0
0.2260907924309481 -0.2244090778749939 0
-0.265006980856728 -0.7691111302892655 0
-0.2875464466786072 -0.8358168439975031 0
-0.21344947368579 -0.8251215101575479 0
0.5492861375574096 0.4234322413424224 0
-0.7539089201264337 -0.04812807180278323 0
-0.8289601183498193 -0.07029184682911252 0
-0.854787000739288 -0.1412647002658729 0
-0.8086004771081253 0.01325374365190467 0
-0.8889302015183769 -0.000976428386384547 0
-0.7955686628094948 -0.1984359567797622 0
-0.9046907119273769 -0.07164885390658453 0
-0.1904593314127755 0.86836762061266 0
0.6738833155142011 0.3157188473169912 0
-0.8666123372440402 -0.2247935180584179 0
-0.3274552092370302 0.8160946097349715 0
-0.5123031495839779 -0.7011036800465145 0
0.7933123775157851 0.2124749584705589 0
0.8104678441382701 0.2824376628882515 0
0.8507060506300147 0.1609950782849105 0
0.8699139048162725 0.2288041614408573 0
0.8350822510611821 0.08625254400692518 0
-0.04803578172339375 -0.894003817363773 0
-0.2410212093362431 -0.1657755129279051 0
-0.306269607155285 -0.0996545074129669 0
-0.3939493203073213 -0.1221082689064916 0
-0.456802504256191 -0.05775015693364289 0
-0.3288909137510685 -0.1899078338802036 0
-0.4203036841671668 -0.2238760313883264 0
-0.260550322693842 -0.2578287056829804 0
-0.4353465102609049 0.02609609943341745 0
-0.8013465200684174 0.2905814290640552 0
0.3173035382006427 -0.65029757613834 0
0.3959869660449707 -0.633049398145261 0
0.3727816440406868 -0.7070503348343168 0
0.4208813144882453 -0.5584097837384271 0
0.472893167516175 -0.6165953457272739 0
0.4977268353161287 -0.5432400725869005 0
0.5482179615778063 -0.6011931118478628 0
0.5191006601472057 -0.6722979790078825 0
0.5722527124216045 -0.5294175473308997 0
0.5184151922568334 -0.4719387906550416 0
0.619568073793028 -0.586455658621107 0
0.4476666240917104 -0.6895578635409534 0
0.4232801775458639 -0.756979567198103 0
0.3583184693039573 -0.774559884848428 0
0.2913691389917858 -0.7363469856946613 0
0.5995348673758665 -0.669515334439864 0
-0.2386388919352544 -0.490435477025792 0
-0.3222732620558376 -0.5106890775191453 0
-0.1569407746769467 -0.7715278665662527 0
-0.8312222889893899 -0.3559291159285413 0
-0.4311845776339187 0.3499951070566253 0
-0.4525075277572867 0.2638159409628196 0
0.4992801084927196 -0.7460223968934856 0
-0.5814120815157052 0.5963788195088731 0
-0.6346189855735689 0.6509828317242138 0
0.02079979830788157 -0.6498734139564226 0
0.3460206913470787 0.8154033878171308 0
0.367495901832575 -0.4970366858395376 0
0.008418491036989953 -0.1867782420306793 0
-0.1796744050107723 -0.5507072260370441 0
-0.5111366281750264 0.3260140568454532 0
-0.6424669478887316 0.3597360218016193 0
-0.4644543403798552 0.7726510280815587 0
-0.478242303254845 -0.1425131106185343 0
-0.5075560769936387 -0.2188599779865636 0
-0.04662291115910756 -0.3655538047208482 0
-0.4977345359776125 -0.3384863938502681 0
-0.2642944985438393 -0.5705933097505 0
0.2436767705173978 0.05162500426514131 0
0.8082550675916144 -0.3315029917968858 0
-0.09750849283817502 0.04455034234997123 0
0.6026718804766986 -0.09460705726958196 0
-0.5352731781873179 0.2357284286335239 0
-0.7127704424239149 0.1103515750648704 0
-0.1219051982576645 -0.890926329094051 0
-0.5198805301157312 0.01475326167120208 0
-0.5363869333276187 -0.4973091703435465 0
0.7035938192652831 -0.2227885145050525 0
0.7343923681119133 -0.0910739446618016 0
0.09949441000528061 -0.161974181224986 0
0.6988696044922598 -0.4929720628144332 0
0.07175841713916174 -0.7104185024690874 0
0.8342151053215103 -0.2663393126217211 0
0.01162137179133283 -0.4296055829718147 0
0.3927104704194476 0.00475714877853405 0
-0.6326994199197157 -0.373976032838793 0
0.570697439322384 0.1335121024391887 0
0.4744662721022562 -0.3996714250226933 0
-0.8912052999789748 0.2035326958629885 0
0.6276981118561569 0.07885949397090128 0
-0.5880815761277711 -0.2188548985667704 0
-0.4878363538360868 0.4110217732710457 0
0.4454627861330677 -0.4812033234289979 0
-0.03161597078957866 0.9090138319215105 0
-0.5426004690621816 -0.06314396169132655 0
0.05685085131490789 0.727351114658078 0
0.4480641223616398 0.2465724792089972 0
0.320813018905192 0.3530570590385596 0
-0.2416874370574214 0.1663335651928391 0
-0.004486345798975056 0.06962122400261839 0
0.5256211146246859 0.7360095373291849 0
0.2797005101881267 -0.2915681456799292 0
-0.3504621045813109 -0.5878484391133622 0
-0.4080157391670088 -0.8068346760051829 0
-0.3149979783793486 0.5340031909097418 0
0.2869460285167172 0.8696137957696898 0
0.1503082004717172 -0.4712858832470789 0
0.5938028370062746 -0.3897303834534425 0
-0.2094672505653953 0.3385645719312445 0
0.1120820912001175 0.4350967882100061 0
-0.376272428993805 0.5884579061195399 0
0.7562263197737609 0.3423681659266787 0
0.7981576957342253 0.3962420074272764 0
0.015153589363939 0.6310087518670314 0
0.2196431992850112 -0.8777880100209289 0
0.07833146124553872 0.3401882341825731 0
0.5771222941036096 0.6930228277291446 0
0.1504172933641919 -0.6904628865957861 0
0.3751651769630198 0.625757375295762 0
0.07843415899067491 -0.898866540019447 0
-0.2268796976008056 0.635268633035931 0
0.09232094342424871 -0.4106782443824706 0
-0.3457012888038027 -0.2837989075750578 0
-0.1470283498334715 0.5803878476000539 0
-0.09018262826426951 0.6928382925508509 0
0.4685188723453412 -0.2747695339988683 0
0.6329380559970554 0.6547224924722796 0
0.2931930162788184 -0.8610697847534322 0
0.9423225608508651 -0.1030860175171142 0
-0.7414660846779287 -0.5887739946202309 0
-0.5958186800367553 0.7341526379124726 0
-0.9176571290401914 -0.2633076461156707 0
0.4569474008193303 0.8300372954693748 0
-0.2686165396294481 0.9106133530817455 0
0.1021155600549544 0.9426600005901223 0
-0.8338414537139698 0.4539603002922745 0
-0.9490899213064166 0.1080460818006054 0
0.7414983001194336 0.588851895142126 0
0.5962148112456791 -0.7454562307527752 0
0.4941707686193617 0.1092711202590763 0
-0.8658964249955996 0.2661362165626127 0
0.7791157241868674 -0.2085099647513177 0
0.2649206891340532 -0.9167747463913822 0
-0.7257345870784653 0.5458361141177265 0
-0.04839884417658614 0.402801242402818 0
0.9191235128774476 0.2635289100658075 0
0.1512472549959498 0.8954418860279336 0
0.8997127810763998 0.1102905384712604 0
0.7525392511867797 -0.5413714931692323 0
0.6960343457152195 -0.5779301362892301 0
-0.1052597139826545 -0.9469207854207977 0
-0.1863591131007082 -0.8896497729794214 0
0.03560252861534488 -0.3487575210149538 0
0.6081251543642074 -0.01002852229978716 0
0.4212317109785333 -0.2109063489318995 0
0.4049626392229254 -0.8149140938087891 0
-0.1002284270853068 0.2811653590096821 0
-0.3571934766481896 -0.8623938365450468 0
0.04070494239119989 0.9170708497818457 0
-0.4631209298069773 -0.8320845543344354 0
-0.5838182995022225 -0.4418392207561883 0
-0.1643948289890668 0.9193827542065027 0
0.9028052155978938 -0.2904897829176163 0
-0.2983237664389246 -0.9040071769015851 0
-0.7204676007078759 0.6189298668890238 0
-0.8475276504254344 -0.4287710642771608 0
-0.08005871446179266 0.9510071613527266 0
-0.6219030274148321 -0.7326274553839207 0
-0.430437822055889 0.845589615920332 0
0.9523922468248741 0.08074411322443904 0
0.9235719678820351 0.1663956860088623 0
0.8475276504254343 0.4287710642771606 0
0.8359531984642461 0.3555125605499082 0
0.6387285915374994 -0.5220833161336138 0
0.02240525235327314 -0.919364370097195 0
-0.5264087465470424 -0.7646089484352965 0
0.06335880532651179 -0.2576078429319956 0
0.5179229375159496 -0.8112560012909611 0
-0.9025875889989166 -0.1749931432809324 0
0.350794796092524 -0.8965956006710087 0
0.8753936396710356 -0.3771638305448551 0
-0.8975297368213717 -0.3528905829158701 0
-0.6929525669724121 -0.6725439115788516 0
-0.8849627596311114 0.3838354511605624 0
-0.9605088559688099 0.01909086875242814 0
-0.3529660580721681 0.8883765386830262 0
0.6703907757526433 -0.6907513458805766 0
0.9620613766144717 -0.01108863403173576 0
0.3749838411613806 0.8771849110507339 0
0.7241262229987168 -0.1556178563709497 0
-0.5657509004927394 -0.3558814087575258 0
0.4366342673889078 0.1727914044304682 0
-0.7846584038401188 -0.4665798637283421 0
-0.7440222469058583 -0.5169037886421648 0
-0.5186953918864556 0.8048490298610809 0
0.2026156737282738 0.9353374564949308 0
-0.5333083558709937 0.739556729975843 0
-0.8095478461216821 -0.5204027003532775 0
-0.7878103997654461 0.5477771847294965 0
0.2951914849509236 -0.2241391254100596 0
0.7268438241464701 -0.6299603571842081 0
0.6943301222439429 0.668986782958278 0
0.5851088109749644 -0.4648223591864035 0
0.06695710538955088 -0.960458464303476 0
-0.1545441492661538 -0.841377010958825 0
0.6305653459275243 0.7247492291531186 0
-0.8986784758665205 0.1254051439560692 0
-0.9559137839137173 -0.07556392649179115 0
0.1777947616180363 -0.942623929571168 0
0.8818616001104553 -0.2368883107002092 0
0.9300201599104474 -0.2041934372962206 0
0.6838019303369036 0.607785323104959 0
0.7931437968901719 0.4510274765447214 0
0.8014441195495161 0.5152456463548521 0
0.4812883487964037 0.7788512154121789 0
-0.9128909162417799 0.3038607712164635 0
0.3754372794515903 0.2315929135546305 0
-0.6792663398901665 0.6993868678837332 0
0.615973812843004 0.4388171927115777 0
-0.7774073910980257 0.3519154665138814 0
-0.2433707913233648 -0.8838791594636459 0
0.6759576796276379 -0.1078606996672171 0
0.9016927261857693 -0.156426269272631 0
-0.8214138663918686 0.3990880737952963 0
0.5528044120065626 0.4911474522286177 0
-0.5410027348398994 -0.2845817523851968 0
-0.6828771579982543 -0.6092527234643527 0
-0.01611039248914271 -0.9593957934377773 0
0.6688192164866182 -0.6358298440433441 0
0.67906684187818 0.3881189311390188 0
0.4948907856737965 0.5381463622551496 0
-0.8705346803892353 -0.2976942665955538 0
-0.6301031915480142 -0.6699034799062922 0
-0.7201388226587699 0.3730885320470861 0
-0.920122404128235 0.06505898839021546 0
-0.8521828350090538 0.3258790165132708 0
0.4426081091608691 -0.8575254980204413 0
-0.2116327476099171 -0.9394215121214635 0
0.5349734616605094 -0.411391453053232 0
0.5435336338082146 0.7933603928389756 0
0.744295320310813 0.5337418237431476 0
-0.4767211974482138 -0.2772799020277094 0
-0.2998072213712771 0.8666742770899747 0
0.2910746233181242 0.9252055529430506 0
-0.9509393546808208 -0.1660372504853061 0
-0.9477672001751938 0.2101203311673835 0
0.3204562085470603 0.2889681463772725 0
-0.3778455581798018 0.8389242269692807 0
-0.5404665547829137 -0.8052907583657594 0
-0.5670083965788826 -0.779246828630961 0
0.7992438687804554 -0.5335291276646917 0
0.785745636947708 -0.5677406466651927 0
-0.1839798510684739 0.9537186335863119 0
-0.1561612516224998 0.9581211911099505 0
0.264071390220701 -0.1681015519553754 0
-0.2624817965357861 -0.6956082739651943 0
-0.6813053950563223 -0.4922438129807059 0
0.428978348560908 0.5209176350355603 0
0.4022356577503735 0.8298772926506195 0
0.8985455430983349 0.3512505109953724 0
0.3073323523002262 -0.8018862207776465 0
0.8626966162411851 -0.3233269385931775 0
0.8755081104980926 0.2982076135359471 0
0.01100735618220111 0.9660745603430335 0
-0.9216245862107446 -0.1246777175569535 0
0.5463922534408706 -0.7219255405054048 0
0.955799280597134 0.186399102265488 0
-0.2113575998310331 -0.7705377004521006 0
-0.5672992159558634 -0.7234488548699896 0
0.3518277861526262 -0.8379249113017537 0
0.3765241466064231 0.568001844621291 0
-0.1644206837271478 0.2875720552951991 0
0.4624046376137234 -0.8014755325485026 0
0.9611590172562871 0.1591504639940979 0
$EndNodes
$Elements
193 1656 1 1656
1 1 1 1
1 1 2 
1 2 1 1
2 2 3 
1 3 1 1
3 3 4 
1 4 1 1
4 4 5 
1 5 1 1
5 5 6 
1 6 1 1
6 6 7 
1 7 1 1
7 7 8 
1 8 1 1
8 8 9 
1 9 1 1
9 9 10 
1 10 1 1
10 10 11 
1 11 1 1
11 11 12 
1 12 1 1
12 12 13 
1 13 1 1
13 13 14 
1 14 1 1
14 14 15 
1 15 1 1
15 15 16 
1 16 1 1
16 16 17 
1 17 1 1
17 17 18 
1 18 1 1
18 18 19 
1 19 1 1
19 19 20 
1 20 1 1
20 20 21 
1 21 1 1
21 21 22 
1 22 1 1
22 22 23 
1 23 1 1
23 23 24 
1 24 1 1
24 24 25 
1 25 1 1
25 25 26 
1 26 1 1
26 26 27 
1 27 1 1
27 27 28 
1 28 1 1
28 28 29 
1 29 1 1
29 29 30 
1 30 1 1
30 30 31 
1 31 1 1
31 31 32 
1 32 1 1
32 32 33 
1 33 1 1
33 33 34 
1 34 1 1
34 34 35 
1 35 1 1
35 35 36 
1 36 1 1
36 36 37 
1 37 1 1
37 37 38 
1 38 1 1
38 38 39 
1 39 1 1
39 39 40 
1 40 1 1
40 40 41 
1 41 1 1
41 41 42 
1 42 1 1
42 42 43 
1 43 1 1
43 43 44 
1 44 1 1
44 44 45 
1 45 1 1
45 45 46 
1 46 1 1
46 46 47 
1 47 1 1
47 47 48 
1 48 1 1
48 48 49 
1 49 1 1
49 49 50 
1 50 1 1
50 50 51 
1 51 1 1
51 51 52 
1 52 1 1
52 52 53 
1 53 1 1
53 53 54 
1 54 1 1
54 54 55 
1 55 1 1
55 55 56 
1 56 1 1
56 56 57 
1 57 1 1
57 57 58 
1 58 1 1
58 58 59 
1 59 1 1
59 59 60 
1 60 1 1
60 60 61 
1 61 1 1
61 61 62 
1 62 1 1
62 62 63 
1 63 1 1
63 63 64 
1 64 1 1
64 64 65 
1 65 1 1
65 65 66 
1 66 1 1
66 66 67 
1 67 1 1
67 67 68 
1 68 1 1
68 68 69 
1 69 1 1
69 69 70 
1 70 1 1
70 70 71 
1 71 1 1
71 71 72 
1 72 1 1
72 72 73 
1 73 1 1
73 73 74 
1 74 1 1
74 74 75 
1 75 1 1
75 75 76 
1 76 1 1
76 76 77 
1 77 1 1
77 77 78 
1 78 1 1
78 78 79 
1 79 1 1
79 79 80 
1 80 1 1
80 80 81 
1 81 1 1
81 81 82 
1 82 1 1
82 82 83 
1 83 1 1
83 83 84 
1 84 1 1
84 84 85 
1 85 1 1
85 85 86 
1 86 1 1
86 86 87 
1 87 1 1
87 87 88 
1 88 1 1
88 88 89 
1 89 1 1
89 89 90 
1 90 1 1
90 90 91 
1 91 1 1
91 91 92 
1 92 1 1
92 92 93 
1 93 1 1
93 93 94 
1 94 1 1
94 94 95 
1 95 1 1
95 95 96 
1 96 1 1
96 96 97 
1 97 1 1
97 97 98 
1 98 1 1
98 98 99 
1 99 1 1
99 99 100 
1 100 1 1
100 100 101 
1 101 1 1
101 101 102 
1 102 1 1
102 102 103 
1 103 1 1
103 103 104 
1 104 1 1
104 104 105 
1 105 1 1
105 105 106 
1 106 1 1
106 106 107 
1 107 1 1
107 107 108 
1 108 1 1
108 108 109 
1 109 1 1
109 109 110 
1 110 1 1
110 110 111 
1 111 1 1
111 111 112 
1 112 1 1
112 112 113 
1 113 1 1
113 113 114 
1 114 1 1
114 114 115 
1 115 1 1
115 115 116 
1 116 1 1
116 116 117 
1 117 1 1
117 117 118 
1 118 1 1
118 118 119 
1 119 1 1
119 119 120 
1 120 1 1
120 120 121 
1 121 1 1
121 121 122 
1 122 1 1
122 122 123 
1 123 1 1
123 123 124 
1 124 1 1
124 124 125 
1 125 1 1
125 125 126 
1 126 1 1
126 126 127 
1 127 1 1
127 127 128 
1 128 1 1
128 128 129 
1 129 1 1
129 129 130 
1 130 1 1
130 130 131 
1 131 1 1
131 131 132 
1 132 1 1
132 132 133 
1 133 1 1
133 133 134 
1 134 1 1
134 134 135 
1 135 1 1
135 135 136 
1 136 1 1
136 136 137 
1 137 1 1
137 137 138 
1 138 1 1
138 138 139 
1 139 1 1
139 139 140 
1 140 1 1
140 140 141 
1 141 1 1
141 141 142 
1 142 1 1
142 142 143 
1 143 1 1
143 143 144 
1 144 1 1
144 144 145 
1 145 1 1
145 145 146 
1 146 1 1
146 146 147 
1 147 1 1
147 147 148 
1 148 1 1
148 148 149 
1 149 1 1
149 149 150 
1 150 1 1
150 150 151 
1 151 1 1
151 151 152 
1 152 1 1
152 152 153 
1 153 1 1
153 153 154 
1 154 1 1
154 154 155 
1 155 1 1
155 155 156 
1 156 1 1
156 156 157 
1 157 1 1
157 157 158 
1 158 1 1
158 158 159 
1 159 1 1
159 159 160 
1 160 1 1
160 160 161 
1 161 1 1
161 161 162 
1 162 1 1
162 162 163 
1 163 1 1
163 163 164 
1 164 1 1
164 164 165 
1 165 1 1
165 165 166 
1 166 1 1
166 166 167 
1 167 1 1
167 167 168 
1 168 1 1
168 168 169 
1 169 1 1
169 169 170 
1 170 1 1
170 170 171 
1 171 1 1
171 171 172 
1 172 1 1
172 172 173 
1 173 1 1
173 173 174 
1 174 1 1
174 174 175 
1 175 1 1
175 175 176 
1 176 1 1
176 176 177 
1 177 1 1
177 177 178 
1 178 1 1
178 178 179 
1 179 1 1
179 179 180 
1 180 1 1
180 180 181 
1 181 1 1
181 181 182 
1 182 1 1
182 182 183 
1 183 1 1
183 183 184 
1 184 1 1
184 184 185 
1 185 1 1
185 185 186 
1 186 1 1
186 186 187 
1 187 1 1
187 187 188 
1 188 1 1
188 188 189 
1 189 1 1
189 189 190 
1 190 1 1
190 190 191 
1 191 1 1
191 191 192 
1 192 1 1
192 192 1 
2 1 2 1464
193 428 522 493 
194 424 616 492 
195 23 769 22 
196 492 617 424 
197 489 554 277 
198 234 689 566 
199 617 789 421 
200 340 537 338 
201 493 535 428 
202 393 617 421 
203 385 678 582 
204 539 600 538 
205 665 671 454 
206 22 769 21 
207 191 766 190 
208 277 635 489 
209 582 678 581 
210 366 553 504 
211 566 689 491 
212 71 750 70 
213 538 600 386 
214 368 514 512 
215 83 754 82 
216 409 623 499 
217 166 733 165 
218 651 669 366 
219 490 669 651 
220 576 706 207 
221 343 669 490 
222 207 783 576 
223 645 709 439 
224 490 680 343 
225 143 793 142 
226 46 751 45 
227 506 684 208 
228 347 537 340 
229 223 751 510 
230 154 764 153 
231 499 811 409 
232 208 743 506 
233 187 242 186 
234 139 241 138 
235 134 193 133 
236 136 193 135 
237 158 197 157 
238 182 195 181 
239 79 248 78 
240 122 201 121 
241 86 196 85 
242 74 202 73 
243 62 199 61 
244 170 203 169 
245 55 252 54 
246 110 198 109 
247 43 254 42 
248 98 206 97 
249 67 246 66 
250 146 207 145 
251 137 241 136 
252 115 247 114 
253 26 205 25 
254 14 200 13 
255 50 204 49 
256 7 256 6 
257 2 208 1 
258 38 194 37 
259 127 253 126 
260 19 249 18 
261 494 686 610 
262 34 795 33 
263 500 643 294 
264 610 720 487 
265 181 257 180 
266 61 689 60 
267 157 698 156 
268 85 691 84 
269 1 684 192 
270 121 685 120 
271 169 694 168 
272 37 688 36 
273 25 693 24 
274 73 686 72 
275 13 701 12 
276 109 687 108 
277 49 690 48 
278 97 692 96 
279 145 706 144 
280 610 686 202 
281 510 661 223 
282 136 713 193 
283 614 732 635 
284 512 553 368 
285 241 713 136 
286 355 673 386 
287 195 736 259 
288 417 535 456 
289 337 553 366 
290 500 681 534 
291 552 654 400 
292 245 763 565 
293 550 562 549 
294 573 726 574 
295 386 673 538 
296 245 565 563 
297 563 565 560 
298 294 681 500 
299 546 691 547 
300 56 722 55 
301 8 725 7 
302 20 727 19 
303 116 721 115 
304 140 719 139 
305 188 718 187 
306 80 720 79 
307 68 724 67 
308 128 723 127 
309 338 537 368 
310 549 562 399 
311 562 563 560 
312 118 753 117 
313 681 710 534 
314 259 736 625 
315 424 617 393 
316 454 671 535 
317 424 628 616 
318 635 732 489 
319 544 640 445 
320 195 259 257 
321 507 684 506 
322 574 726 235 
323 383 671 665 
324 161 735 160 
325 160 735 159 
326 41 744 40 
327 40 744 39 
328 100 740 99 
329 112 737 111 
330 113 737 112 
331 185 736 184 
332 173 742 172 
333 101 740 100 
334 4 743 3 
335 172 742 171 
336 88 739 87 
337 89 739 88 
338 65 741 64 
339 5 743 4 
340 184 736 183 
341 125 738 124 
342 64 741 63 
343 124 738 123 
344 667 728 668 
345 563 740 245 
346 447 654 552 
347 133 715 132 
348 543 640 544 
349 374 712 533 
350 533 700 374 
351 503 679 343 
352 504 651 366 
353 572 728 667 
354 407 620 619 
355 560 565 561 
356 407 646 620 
357 334 679 676 
358 676 679 503 
359 368 537 514 
360 176 756 175 
361 29 757 28 
362 343 680 503 
363 533 671 383 
364 428 535 417 
365 565 820 561 
366 248 720 610 
367 458 709 645 
368 163 792 162 
369 566 717 234 
370 152 759 151 
371 541 552 400 
372 32 761 31 
373 104 763 103 
374 618 724 218 
375 580 650 619 
376 619 650 407 
377 233 691 546 
378 502 724 618 
379 292 583 298 
380 92 771 91 
381 661 744 254 
382 582 797 385 
383 550 563 562 
384 636 729 705 
385 77 773 76 
386 175 756 174 
387 616 628 607 
388 483 617 438 
389 167 733 166 
390 28 757 27 
391 481 709 627 
392 149 783 148 
393 202 773 610 
394 612 744 661 
395 643 648 595 
396 298 583 314 
397 713 719 556 
398 119 753 118 
399 190 766 189 
400 368 553 337 
401 275 640 543 
402 383 700 533 
403 438 617 492 
404 151 759 150 
405 241 719 713 
406 534 710 273 
407 486 716 532 
408 31 761 30 
409 442 648 643 
410 627 777 481 
411 542 660 334 
412 103 763 102 
413 636 705 704 
414 581 678 583 
415 17 815 16 
416 535 671 456 
417 603 658 623 
418 52 819 51 
419 391 747 695 
420 690 714 495 
421 399 629 549 
422 439 709 481 
423 623 658 499 
424 454 535 493 
425 415 564 459 
426 543 624 275 
427 487 720 699 
428 615 623 409 
429 458 645 642 
430 746 781 446 
431 495 702 690 
432 273 755 534 
433 561 568 564 
434 577 583 292 
435 716 746 641 
436 622 781 746 
437 605 721 501 
438 522 802 493 
439 301 607 311 
440 47 751 46 
441 584 631 580 
442 607 628 311 
443 539 816 600 
444 91 771 90 
445 609 610 487 
446 532 812 486 
447 400 626 541 
448 312 615 333 
449 532 716 641 
450 488 749 685 
451 667 785 567 
452 76 773 75 
453 344 584 300 
454 354 673 355 
455 631 650 580 
456 601 694 203 
457 564 568 459 
458 530 785 667 
459 70 750 69 
460 727 728 249 
461 693 767 527 
462 409 811 410 
463 504 553 505 
464 630 706 576 
465 334 660 318 
466 505 553 512 
467 506 743 540 
468 285 626 289 
469 395 564 415 
470 362 629 399 
471 540 575 443 
472 559 560 418 
473 333 615 409 
474 551 675 221 
475 414 567 388 
476 382 559 418 
477 524 786 780 
478 300 584 295 
479 588 598 597 
480 390 558 352 
481 545 566 469 
482 297 579 578 
483 668 728 727 
484 432 570 548 
485 82 754 81 
486 445 695 544 
487 581 583 577 
488 372 603 331 
489 463 569 502 
490 237 801 95 
491 231 800 107 
492 494 610 609 
493 297 578 290 
494 411 613 442 
495 546 754 233 
496 576 783 730 
497 435 611 373 
498 588 597 587 
499 275 624 276 
500 148 783 147 
501 494 609 426 
502 540 703 575 
503 414 667 567 
504 406 604 449 
505 443 575 423 
506 616 647 492 
507 399 562 559 
508 613 648 442 
509 373 611 329 
510 606 647 616 
511 571 572 414 
512 289 626 400 
513 578 581 577 
514 276 624 279 
515 611 637 354 
516 642 695 458 
517 396 614 287 
518 420 585 475 
519 573 574 571 
520 331 603 315 
521 306 615 312 
522 436 576 477 
523 203 742 601 
524 780 786 381 
525 450 605 501 
526 286 577 292 
527 592 601 596 
528 401 571 414 
529 303 607 301 
530 425 609 487 
531 586 587 379 
532 391 695 642 
533 560 561 418 
534 297 580 579 
535 588 600 599 
536 377 604 406 
537 426 609 403 
538 388 567 376 
539 690 702 236 
540 598 608 597 
541 287 614 284 
542 305 602 306 
543 290 578 288 
544 571 574 572 
545 364 559 382 
546 723 824 788 
547 586 588 587 
548 692 790 762 
549 601 821 694 
550 307 621 299 
551 430 570 432 
552 597 608 593 
553 334 676 542 
554 527 796 693 
555 344 631 584 
556 357 586 379 
557 377 406 373 
558 298 305 299 
559 394 426 403 
560 358 394 367 
561 449 576 436 
562 315 603 602 
563 292 298 293 
564 421 585 420 
565 397 430 398 
566 695 747 544 
567 333 373 329 
568 352 558 350 
569 301 311 300 
570 459 605 450 
571 317 358 328 
572 422 573 571 
573 393 420 392 
574 370 397 372 
575 603 623 602 
576 433 522 428 
577 345 360 346 
578 288 577 286 
579 361 392 360 
580 286 292 287 
581 660 666 358 
582 420 475 434 
583 296 300 295 
584 332 370 331 
585 593 601 592 
586 394 403 367 
587 311 345 344 
588 431 484 430 
589 358 367 328 
590 705 729 596 
591 333 377 373 
592 602 615 306 
593 305 306 299 
594 316 331 315 
595 408 428 417 
596 298 299 293 
597 410 604 377 
598 403 609 425 
599 382 418 395 
600 590 593 592 
601 378 613 411 
602 432 548 448 
603 337 366 326 
604 376 390 352 
605 401 414 388 
606 469 566 467 
607 362 399 364 
608 444 506 443 
609 376 567 390 
610 425 487 455 
611 291 295 290 
612 422 571 401 
613 415 459 450 
614 288 578 577 
615 314 315 305 
616 471 545 469 
617 299 621 293 
618 324 343 322 
619 317 328 309 
620 460 494 426 
621 312 333 329 
622 355 386 357 
623 579 582 581 
624 292 293 287 
625 436 477 437 
626 406 449 436 
627 559 562 560 
628 350 381 348 
629 285 286 284 
630 399 559 364 
631 406 436 435 
632 433 523 522 
633 315 602 305 
634 588 599 598 
635 467 491 465 
636 418 564 395 
637 295 584 297 
638 427 460 426 
639 430 432 398 
640 513 612 511 
641 465 569 463 
642 506 540 443 
643 450 501 451 
644 516 612 513 
645 456 533 457 
646 295 297 290 
647 478 551 480 
648 455 546 483 
649 330 354 336 
650 386 586 357 
651 612 661 511 
652 393 421 420 
653 397 398 372 
654 353 627 267 
655 312 329 313 
656 320 334 318 
657 502 618 461 
658 360 362 346 
659 296 301 300 
660 285 288 286 
661 386 600 586 
662 484 570 430 
663 762 790 550 
664 310 317 309 
665 415 450 416 
666 350 558 381 
667 361 393 392 
668 463 502 461 
669 408 433 428 
670 402 422 401 
671 342 347 340 
672 330 611 354 
673 370 372 331 
674 286 287 284 
675 425 455 438 
676 332 371 370 
677 282 626 285 
678 361 628 424 
679 461 618 460 
680 289 290 288 
681 345 346 344 
682 329 611 330 
683 338 368 337 
684 440 443 423 
685 475 476 434 
686 498 713 556 
687 360 629 362 
688 345 361 360 
689 592 596 594 
690 456 671 533 
691 580 619 579 
692 467 566 491 
693 306 312 307 
694 403 425 404 
695 420 434 392 
696 515 516 513 
697 431 485 484 
698 491 569 465 
699 395 415 405 
700 788 824 484 
701 316 332 331 
702 291 296 295 
703 389 401 388 
704 311 344 300 
705 409 410 377 
706 371 632 370 
707 397 431 430 
708 579 581 578 
709 345 628 361 
710 614 635 281 
711 549 629 434 
712 590 592 591 
713 354 355 336 
714 587 597 590 
715 423 575 422 
716 304 309 303 
717 413 633 263 
718 327 337 326 
719 587 590 589 
720 543 544 523 
721 382 395 384 
722 434 629 392 
723 444 507 506 
724 332 622 371 
725 606 607 303 
726 619 620 582 
727 314 316 315 
728 644 696 217 
729 342 348 347 
730 309 606 303 
731 387 388 376 
732 498 556 555 
733 586 600 588 
734 431 632 486 
735 557 760 604 
736 279 408 283 
737 155 764 154 
738 397 632 431 
739 477 478 437 
740 656 672 216 
741 417 456 429 
742 495 714 473 
743 298 314 305 
744 408 417 283 
745 297 584 580 
746 474 495 473 
747 505 510 496 
748 284 614 281 
749 440 444 443 
750 606 616 607 
751 364 382 365 
752 448 498 497 
753 473 649 471 
754 325 326 324 
755 302 303 301 
756 289 291 290 
757 436 437 435 
758 515 517 516 
759 324 669 343 
760 375 376 352 
761 448 659 498 
762 406 435 373 
763 638 817 718 
764 411 442 419 
765 501 531 451 
766 329 330 313 
767 432 448 441 
768 372 658 603 
769 427 461 460 
770 472 473 471 
771 546 547 483 
772 394 427 426 
773 422 575 573 
774 224 717 545 
775 362 364 363 
776 310 318 317 
777 366 669 326 
778 528 529 527 
779 308 458 445 
780 357 379 378 
781 579 619 582 
782 450 451 416 
783 402 423 422 
784 551 670 480 
785 542 666 660 
786 455 483 438 
787 470 471 469 
788 351 352 350 
789 590 597 593 
790 323 324 322 
791 279 624 408 
792 312 313 307 
793 526 527 525 
794 282 285 284 
795 476 550 549 
796 561 564 418 
797 779 791 775 
798 456 457 429 
799 415 416 405 
800 355 357 356 
801 389 402 401 
802 425 438 404 
803 304 310 309 
804 486 488 485 
805 403 404 367 
806 551 764 670 
807 637 673 354 
808 306 307 299 
809 468 469 467 
810 545 722 224 
811 328 606 309 
812 327 338 337 
813 587 589 379 
814 349 350 348 
815 592 594 591 
816 333 409 377 
817 505 511 510 
818 524 525 521 
819 293 396 287 
820 285 289 288 
821 457 552 541 
822 395 405 384 
823 442 500 419 
824 321 322 320 
825 387 389 388 
826 293 621 396 
827 267 627 269 
828 508 509 507 
829 602 623 615 
830 480 539 538 
831 556 557 555 
832 590 591 589 
833 466 467 465 
834 318 660 317 
835 343 679 322 
836 520 521 519 
837 261 625 413 
838 670 764 226 
839 630 707 239 
840 433 543 523 
841 269 308 271 
842 302 304 303 
843 478 480 479 
844 325 327 326 
845 282 284 281 
846 474 496 495 
847 382 384 365 
848 320 679 334 
849 449 630 576 
850 269 627 308 
851 227 715 548 
852 583 678 314 
853 518 519 517 
854 498 555 497 
855 330 336 335 
856 375 387 376 
857 464 465 463 
858 319 320 318 
859 311 628 345 
860 379 613 378 
861 385 622 332 
862 263 633 265 
863 478 675 551 
864 296 302 301 
865 472 474 473 
866 462 463 461 
867 392 629 360 
868 432 441 398 
869 265 353 267 
870 448 497 441 
871 364 365 363 
872 540 743 256 
873 280 655 282 
874 528 530 529 
875 417 429 283 
876 341 342 340 
877 362 363 346 
878 328 647 606 
879 323 325 324 
880 370 632 397 
881 433 624 543 
882 439 440 423 
883 351 375 352 
884 361 424 393 
885 261 413 263 
886 470 472 471 
887 507 778 684 
888 537 674 514 
889 265 633 353 
890 526 528 527 
891 514 515 513 
892 476 549 434 
893 404 647 367 
894 259 625 261 
895 442 643 500 
896 357 378 356 
897 339 340 338 
898 316 385 332 
899 540 725 703 
900 431 486 485 
901 358 666 394 
902 355 356 336 
903 308 445 271 
904 512 513 511 
905 468 470 469 
906 349 351 350 
907 475 644 476 
908 408 624 433 
909 524 526 525 
910 321 323 322 
911 289 400 291 
912 342 349 348 
913 435 637 611 
914 625 638 413 
915 444 508 507 
916 466 468 467 
917 667 668 530 
918 487 699 455 
919 492 647 404 
920 520 524 521 
921 260 636 258 
922 478 479 437 
923 504 505 496 
924 475 696 644 
925 480 538 479 
926 515 518 517 
927 457 541 429 
928 464 466 465 
929 319 321 320 
930 718 765 638 
931 330 335 313 
932 518 520 519 
933 310 319 318 
934 531 532 451 
935 519 672 656 
936 736 817 625 
937 359 636 260 
938 427 462 461 
939 279 283 280 
940 561 734 568 
941 471 649 545 
942 164 792 163 
943 462 464 463 
944 411 419 412 
945 402 439 423 
946 387 642 389 
947 296 654 302 
948 691 779 547 
949 439 481 440 
950 416 446 405 
951 441 658 398 
952 378 411 380 
953 453 554 489 
954 367 647 328 
955 342 653 349 
956 438 492 404 
957 327 339 338 
958 339 341 340 
959 505 512 511 
960 359 729 636 
961 500 534 419 
962 400 654 291 
963 594 595 591 
964 548 659 448 
965 519 656 517 
966 307 639 621 
967 280 281 278 
968 262 359 260 
969 774 785 528 
970 346 631 344 
971 512 514 513 
972 481 634 440 
973 280 282 281 
974 283 655 280 
975 266 294 264 
976 247 721 605 
977 302 447 304 
978 440 634 444 
979 589 613 379 
980 384 407 365 
981 474 504 496 
982 302 654 447 
983 444 634 508 
984 632 716 486 
985 375 391 387 
986 282 655 626 
987 511 661 510 
988 238 769 23 
989 572 667 414 
990 276 277 274 
991 317 660 358 
992 276 279 278 
993 272 273 270 
994 204 714 690 
995 775 789 547 
996 497 499 441 
997 272 275 274 
998 510 751 702 
999 323 383 325 
1000 269 271 270 
1001 593 821 601 
1002 437 637 435 
1003 499 658 441 
1004 398 658 372 
1005 470 490 472 
1006 281 635 278 
1007 363 631 346 
1008 291 654 296 
1009 336 662 335 
1010 267 269 268 
1011 548 731 227 
1012 378 380 356 
1013 445 640 271 
1014 451 641 416 
1015 313 639 307 
1016 419 657 412 
1017 349 369 351 
1018 265 267 266 
1019 349 653 369 
1020 341 653 342 
1021 533 712 457 
1022 604 760 449 
1023 263 265 264 
1024 413 697 633 
1025 454 493 341 
1026 411 412 380 
1027 466 503 468 
1028 412 452 380 
1029 261 263 262 
1030 453 482 452 
1031 389 645 402 
1032 479 637 437 
1033 256 725 540 
1034 319 374 321 
1035 518 536 520 
1036 335 639 313 
1037 627 709 308 
1038 532 641 451 
1039 462 542 464 
1040 339 454 341 
1041 278 635 277 
1042 405 646 384 
1043 259 261 260 
1044 276 278 277 
1045 391 642 387 
1046 279 280 278 
1047 272 274 273 
1048 326 669 324 
1049 496 702 495 
1050 275 276 274 
1051 782 788 485 
1052 416 641 446 
1053 271 272 270 
1054 534 657 419 
1055 394 666 427 
1056 514 674 515 
1057 591 648 589 
1058 521 682 672 
1059 269 270 268 
1060 453 657 554 
1061 310 664 319 
1062 402 645 439 
1063 304 664 310 
1064 267 268 266 
1065 412 453 452 
1066 265 266 264 
1067 272 640 275 
1068 642 645 389 
1069 263 264 262 
1070 396 732 614 
1071 453 489 482 
1072 325 665 327 
1073 261 262 260 
1074 480 670 539 
1075 662 677 335 
1076 429 655 283 
1077 472 651 474 
1078 365 650 363 
1079 446 646 405 
1080 314 678 316 
1081 351 652 375 
1082 626 655 541 
1083 521 672 519 
1084 294 663 264 
1085 738 788 782 
1086 621 708 396 
1087 447 664 304 
1088 262 663 359 
1089 327 665 339 
1090 595 648 591 
1091 271 640 272 
1092 493 653 341 
1093 384 646 407 
1094 541 655 429 
1095 356 662 336 
1096 620 797 582 
1097 668 768 530 
1098 427 666 462 
1099 641 746 446 
1100 412 657 453 
1101 359 758 729 
1102 383 665 325 
1103 474 651 504 
1104 589 648 613 
1105 407 650 365 
1106 232 766 191 
1107 259 260 258 
1108 375 652 391 
1109 319 664 374 
1110 477 675 478 
1111 490 651 472 
1112 538 673 479 
1113 527 767 525 
1114 644 801 237 
1115 369 652 351 
1116 363 650 631 
1117 585 696 475 
1118 339 665 454 
1119 452 662 380 
1120 380 662 356 
1121 264 663 262 
1122 509 697 638 
1123 229 750 71 
1124 515 674 518 
1125 16 815 15 
1126 530 768 529 
1127 685 749 228 
1128 462 666 542 
1129 233 754 83 
1130 322 679 320 
1131 479 673 637 
1132 477 730 675 
1133 239 793 143 
1134 452 677 662 
1135 518 674 536 
1136 508 697 509 
1137 464 676 466 
1138 21 769 219 
1139 466 676 503 
1140 316 678 385 
1141 470 680 490 
1142 682 761 672 
1143 542 676 464 
1144 525 682 521 
1145 347 826 537 
1146 390 785 774 
1147 503 680 468 
1148 708 732 396 
1149 53 819 52 
1150 545 717 566 
1151 721 748 501 
1152 516 770 688 
1153 468 680 470 
1154 600 816 599 
1155 165 733 210 
1156 482 677 452 
1157 610 773 248 
1158 268 681 266 
1159 410 811 555 
1160 257 259 258 
1161 335 677 639 
1162 33 795 216 
1163 730 759 675 
1164 633 745 353 
1165 45 751 223 
1166 704 806 258 
1167 273 710 270 
1168 268 710 681 
1169 323 700 383 
1170 153 764 221 
1171 458 695 445 
1172 618 752 460 
1173 266 681 294 
1174 704 705 222 
1175 374 700 321 
1176 218 750 618 
1177 595 794 643 
1178 221 764 551 
1179 251 761 682 
1180 601 784 596 
1181 552 827 447 
1182 353 777 627 
1183 739 791 779 
1184 455 699 546 
1185 570 731 548 
1186 750 752 618 
1187 663 758 359 
1188 483 789 617 
1189 510 702 496 
1190 638 697 413 
1191 568 787 459 
1192 659 713 498 
1193 575 703 573 
1194 258 806 225 
1195 670 683 539 
1196 476 762 550 
1197 237 762 644 
1198 35 795 34 
1199 688 814 516 
1200 484 824 570 
1201 142 793 141 
1202 608 733 240 
1203 636 704 258 
1204 473 714 649 
1205 523 772 522 
1206 240 821 608 
1207 649 722 545 
1208 229 752 750 
1209 371 746 716 
1210 548 715 659 
1211 321 700 323 
1212 555 811 497 
1213 576 730 477 
1214 604 823 557 
1215 568 734 231 
1216 421 789 775 
1217 599 711 598 
1218 371 716 632 
1219 308 709 458 
1220 547 789 483 
1221 544 747 523 
1222 457 712 552 
1223 193 713 659 
1224 520 786 524 
1225 390 774 558 
1226 699 720 213 
1227 745 777 353 
1228 703 726 573 
1229 685 782 488 
1230 625 817 638 
1231 697 745 633 
1232 486 812 488 
1233 235 701 574 
1234 494 752 686 
1235 117 753 215 
1236 663 794 758 
1237 534 755 657 
1238 766 778 509 
1239 485 788 484 
1240 517 770 516 
1241 596 729 594 
1242 649 819 252 
1243 765 766 509 
1244 270 710 268 
1245 460 752 494 
1246 488 812 749 
1247 274 810 273 
1248 231 687 568 
1249 742 784 601 
1250 569 803 502 
1251 550 790 563 
1252 482 732 708 
1253 493 802 653 
1254 622 746 371 
1255 639 708 621 
1256 528 785 530 
1257 554 810 277 
1258 677 708 639 
1259 622 797 781 
1260 643 794 294 
1261 482 708 677 
1262 699 754 546 
1263 250 759 730 
1264 501 748 531 
1265 555 823 410 
1266 193 715 133 
1267 348 813 347 
1268 605 737 247 
1269 489 732 482 
1270 772 802 522 
1271 711 825 243 
1272 664 827 374 
1273 508 745 697 
1274 729 758 594 
1275 556 776 557 
1276 634 745 508 
1277 294 794 663 
1278 734 800 231 
1279 381 813 348 
1280 488 782 485 
1281 459 787 605 
1282 217 801 644 
1283 608 821 593 
1284 180 257 225 
1285 84 691 233 
1286 60 689 234 
1287 120 685 228 
1288 24 693 238 
1289 168 694 240 
1290 72 686 229 
1291 156 698 226 
1292 36 688 230 
1293 192 684 232 
1294 12 701 235 
1295 96 692 237 
1296 108 687 231 
1297 48 690 236 
1298 144 706 239 
1299 689 798 491 
1300 687 787 568 
1301 714 819 649 
1302 661 799 223 
1303 749 812 531 
1304 558 780 381 
1305 656 770 517 
1306 215 748 721 
1307 569 798 741 
1308 421 775 585 
1309 598 828 608 
1310 243 825 735 
1311 646 781 620 
1312 254 799 661 
1313 491 798 569 
1314 775 791 585 
1315 567 785 390 
1316 509 778 507 
1317 644 762 476 
1318 652 747 391 
1319 747 772 523 
1320 257 258 225 
1321 557 776 707 
1322 707 760 557 
1323 574 818 572 
1324 741 803 569 
1325 410 823 604 
1326 638 765 509 
1327 594 758 595 
1328 516 814 612 
1329 239 706 630 
1330 374 827 712 
1331 273 810 755 
1332 203 694 169 
1333 207 706 145 
1334 196 691 85 
1335 208 684 1 
1336 202 686 73 
1337 200 701 13 
1338 195 257 181 
1339 194 688 37 
1340 201 685 121 
1341 204 690 49 
1342 206 692 97 
1343 199 689 61 
1344 198 687 109 
1345 197 698 157 
1346 205 693 25 
1347 657 755 554 
1348 43 799 254 
1349 529 796 527 
1350 684 778 232 
1351 634 777 745 
1352 707 793 239 
1353 216 795 656 
1354 596 784 705 
1355 630 760 707 
1356 228 753 119 
1357 240 733 167 
1358 55 722 252 
1359 7 725 256 
1360 187 718 242 
1361 139 719 241 
1362 115 721 247 
1363 79 720 248 
1364 19 727 249 
1365 67 724 246 
1366 127 723 253 
1367 449 760 630 
1368 813 826 347 
1369 226 698 670 
1370 481 777 634 
1371 526 774 528 
1372 224 722 56 
1373 219 727 20 
1374 220 725 8 
1375 215 721 116 
1376 211 719 140 
1377 213 720 80 
1378 209 718 188 
1379 218 724 68 
1380 214 723 128 
1381 277 810 274 
1382 252 722 649 
1383 189 766 209 
1384 524 780 526 
1385 670 698 683 
1386 659 715 193 
1387 526 780 774 
1388 652 772 747 
1389 132 715 227 
1390 531 812 532 
1391 220 726 703 
1392 536 786 520 
1393 385 797 622 
1394 758 794 595 
1395 446 781 646 
1396 369 772 652 
1397 197 735 683 
1398 712 827 552 
1399 711 828 598 
1400 222 756 176 
1401 497 811 499 
1402 537 826 674 
1403 703 725 220 
1404 159 735 197 
1405 243 735 161 
1406 254 744 41 
1407 111 737 198 
1408 39 744 194 
1409 99 740 206 
1410 247 737 113 
1411 245 740 101 
1412 3 743 208 
1413 255 739 89 
1414 242 736 185 
1415 87 739 196 
1416 256 743 5 
1417 171 742 203 
1418 246 741 65 
1419 244 742 173 
1420 183 736 195 
1421 63 741 199 
1422 253 738 125 
1423 123 738 201 
1424 557 823 555 
1425 672 761 216 
1426 774 780 558 
1427 683 698 197 
1428 221 759 152 
1429 216 761 32 
1430 212 763 104 
1431 224 809 717 
1432 525 767 682 
1433 236 751 47 
1434 217 771 92 
1435 369 802 772 
1436 705 756 222 
1437 653 802 369 
1438 748 749 531 
1439 675 759 221 
1440 162 792 243 
1441 251 757 29 
1442 447 827 664 
1443 69 750 218 
1444 792 828 711 
1445 656 795 770 
1446 536 826 813 
1447 717 808 234 
1448 561 820 734 
1449 682 757 251 
1450 248 773 77 
1451 250 783 149 
1452 174 756 244 
1453 81 754 213 
1454 585 791 696 
1455 728 815 249 
1456 674 826 536 
1457 27 757 205 
1458 815 818 200 
1459 726 822 235 
1460 696 771 217 
1461 249 815 17 
1462 51 819 204 
1463 781 797 620 
1464 694 821 240 
1465 150 759 250 
1466 572 818 728 
1467 735 825 683 
1468 683 816 539 
1469 212 820 763 
1470 30 761 251 
1471 686 752 229 
1472 226 764 155 
1473 770 795 230 
1474 102 763 245 
1475 786 813 381 
1476 693 796 238 
1477 232 778 766 
1478 702 751 236 
1479 213 754 699 
1480 222 807 704 
1481 547 779 775 
1482 220 829 726 
1483 209 765 718 
1484 563 790 740 
1485 219 769 768 
1486 763 820 565 
1487 90 771 255 
1488 215 753 748 
1489 75 773 202 
1490 731 804 227 
1491 205 767 693 
1492 502 803 724 
1493 692 762 237 
1494 238 796 769 
1495 200 818 701 
1496 570 824 731 
1497 605 787 737 
1498 756 784 244 
1499 771 791 255 
1500 727 768 668 
1501 243 792 711 
1502 719 776 556 
1503 757 767 205 
1504 768 769 529 
1505 244 784 742 
1506 599 825 711 
1507 728 818 815 
1508 147 783 207 
1509 688 770 230 
1510 196 779 691 
1511 749 753 228 
1512 683 825 816 
1513 201 782 685 
1514 255 791 739 
1515 204 819 714 
1516 739 779 196 
1517 198 787 687 
1518 731 824 805 
1519 738 782 201 
1520 769 796 529 
1521 733 828 210 
1522 723 788 253 
1523 737 787 198 
1524 206 790 692 
1525 730 783 250 
1526 612 814 744 
1527 210 828 792 
1528 748 753 749 
1529 253 788 738 
1530 734 820 800 
1531 219 768 727 
1532 740 790 206 
1533 210 792 164 
1534 230 795 35 
1535 755 810 554 
1536 117 215 116 
1537 165 210 164 
1538 141 211 140 
1539 189 209 188 
1540 105 212 104 
1541 33 216 32 
1542 57 224 56 
1543 45 223 44 
1544 9 220 8 
1545 69 218 68 
1546 21 219 20 
1547 93 217 92 
1548 81 213 80 
1549 153 221 152 
1550 177 222 176 
1551 129 214 128 
1552 48 236 47 
1553 72 229 71 
1554 24 238 23 
1555 12 235 11 
1556 96 237 95 
1557 36 230 35 
1558 84 233 83 
1559 60 234 59 
1560 108 231 107 
1561 156 226 155 
1562 192 232 191 
1563 168 240 167 
1564 144 239 143 
1565 132 227 131 
1566 120 228 119 
1567 180 225 179 
1568 608 828 733 
1569 209 766 765 
1570 141 793 211 
1571 211 776 719 
1572 705 784 756 
1573 805 824 214 
1574 682 767 757 
1575 211 793 776 
1576 199 798 689 
1577 696 791 771 
1578 701 818 574 
1579 776 793 707 
1580 106 800 105 
1581 94 801 93 
1582 536 813 786 
1583 741 798 199 
1584 131 804 130 
1585 130 805 129 
1586 179 806 178 
1587 59 808 58 
1588 178 807 177 
1589 58 809 57 
1590 724 803 246 
1591 15 815 200 
1592 246 803 741 
1593 194 814 688 
1594 11 822 10 
1595 252 819 53 
1596 718 817 242 
1597 744 814 194 
1598 816 825 599 
1599 10 829 9 
1600 242 817 736 
1601 44 799 43 
1602 214 824 723 
1603 704 807 806 
1604 800 820 212 
1605 159 197 158 
1606 135 193 134 
1607 183 195 182 
1608 171 203 170 
1609 75 202 74 
1610 87 196 86 
1611 111 198 110 
1612 30 251 29 
1613 150 250 149 
1614 63 199 62 
1615 99 206 98 
1616 147 207 146 
1617 102 245 101 
1618 174 244 173 
1619 42 254 41 
1620 123 201 122 
1621 15 200 14 
1622 6 256 5 
1623 18 249 17 
1624 66 246 65 
1625 27 205 26 
1626 3 208 2 
1627 126 253 125 
1628 39 194 38 
1629 114 247 113 
1630 54 252 53 
1631 51 204 50 
1632 90 255 89 
1633 186 242 185 
1634 78 248 77 
1635 162 243 161 
1636 138 241 137 
1637 227 804 131 
1638 234 808 59 
1639 225 806 179 
1640 235 822 11 
1641 804 805 130 
1642 806 807 178 
1643 808 809 58 
1644 105 800 212 
1645 93 801 217 
1646 129 805 214 
1647 57 809 224 
1648 177 807 222 
1649 731 805 804 
1650 822 829 10 
1651 9 829 220 
1652 223 799 44 
1653 717 809 808 
1654 726 829 822 
1655 95 801 94 
1656 107 800 106 
$EndElements
