$MeshFormat
4.1 0 8
$EndMeshFormat
$PhysicalNames
18
1 1 "Electrode1"
1 2 "Electrode2"
1 3 "Electrode3"
1 4 "Electrode4"
1 5 "Electrode5"
1 6 "Electrode6"
1 7 "Electrode7"
1 8 "Electrode8"
1 9 "Electrode9"
1 10 "Electrode10"
1 11 "Electrode11"
1 12 "Electrode12"
1 13 "Electrode13"
1 14 "Electrode14"
1 15 "Electrode15"
1 16 "Electrode16"
1 17 "No-Electrode"
2 1 "domain"
$EndPhysicalNames
$Entities
240 240 1 0
1 0.9945218953682733 -0.1045284632676535 0 0 
2 0.9966848880445061 -0.08135867466785827 0 0 
3 0.9983081582712682 -0.05814482891047582 0 0 
4 0.9993908270190958 -0.03489949670250096 0 0 
5 0.9999323080037622 -0.01163526580139701 0 0 
6 0.9999323080037622 0.01163526580139701 0 0 
7 0.9993908270190958 0.03489949670250098 0 0 
8 0.9983081582712682 0.05814482891047584 0 0 
9 0.9966848880445061 0.08135867466785829 0 0 
10 0.9945218953682733 0.1045284632676535 0 0 
11 0.9908658973868822 0.134850930273723 0 0 
12 0.9862856015372314 0.1650476058606777 0 0 
13 0.9807852804032304 0.1950903220161282 0 0 
14 0.9743700647852352 0.224951054343865 0 0 
15 0.9670459389139431 0.2546019482055276 0 0 
16 0.9588197348681931 0.2840153447039226 0 0 
17 0.9519513853021931 0.306249179625408 0 0 
18 0.9445675372676048 0.328317175213561 0 0 
19 0.9366721892483976 0.3502073812594675 0 0 
20 0.9282696167148067 0.3719079438303866 0 0 
21 0.9193643698080891 0.3934071116888651 0 0 
22 0.9099612708765432 0.4146932426562391 0 0 
23 0.9000654118641211 0.4357548099170794 0 0 
24 0.8896821515530517 0.4565804082611655 0 0 
25 0.8788171126619654 0.4771587602596084 0 0 
26 0.8638355052043958 0.5037739770455262 0 0 
27 0.848048096156426 0.5299192642332049 0 0 
28 0.8314696123025452 0.5555702330196022 0 0 
29 0.8141155183563192 0.5807029557109398 0 0 
30 0.7960020025346221 0.6052939880428944 0 0 
31 0.7771459614569708 0.6293203910498375 0 0 
32 0.762291913608418 0.6472333724764324 0 0 
33 0.747025071240996 0.6647958656139378 0 0 
34 0.7313537016191705 0.6819983600624985 0 0 
35 0.7152862910660515 0.6988315403679 0 0 
36 0.6988315403679 0.7152862910660515 0 0 
37 0.6819983600624985 0.7313537016191705 0 0 
38 0.6647958656139379 0.7470250712409959 0 0 
39 0.6472333724764324 0.7622919136084179 0 0 
40 0.6293203910498375 0.7771459614569708 0 0 
41 0.6052939880428944 0.7960020025346221 0 0 
42 0.5807029557109399 0.8141155183563191 0 0 
43 0.5555702330196023 0.8314696123025452 0 0 
44 0.5299192642332049 0.848048096156426 0 0 
45 0.5037739770455263 0.8638355052043957 0 0 
46 0.4771587602596084 0.8788171126619654 0 0 
47 0.4565804082611656 0.8896821515530517 0 0 
48 0.4357548099170794 0.9000654118641211 0 0 
49 0.4146932426562391 0.9099612708765432 0 0 
50 0.3934071116888652 0.919364369808089 0 0 
51 0.3719079438303866 0.9282696167148067 0 0 
52 0.3502073812594674 0.9366721892483976 0 0 
53 0.3283171752135611 0.9445675372676047 0 0 
54 0.3062491796254081 0.9519513853021931 0 0 
55 0.2840153447039228 0.9588197348681931 0 0 
56 0.2546019482055276 0.9670459389139431 0 0 
57 0.2249510543438651 0.9743700647852352 0 0 
58 0.1950903220161283 0.9807852804032304 0 0 
59 0.1650476058606776 0.9862856015372314 0 0 
60 0.1348509302737231 0.9908658973868822 0 0 
61 0.1045284632676535 0.9945218953682733 0 0 
62 0.0813586746678583 0.9966848880445061 0 0 
63 0.0581448289104759 0.9983081582712682 0 0 
64 0.03489949670250108 0.9993908270190958 0 0 
65 0.01163526580139717 0.9999323080037622 0 0 
66 -0.01163526580139682 0.9999323080037622 0 0 
67 -0.03489949670250073 0.9993908270190958 0 0 
68 -0.05814482891047577 0.9983081582712682 0 0 
69 -0.08135867466785818 0.9966848880445061 0 0 
70 -0.1045284632676533 0.9945218953682734 0 0 
71 -0.1348509302737227 0.9908658973868824 0 0 
72 -0.1650476058606777 0.9862856015372314 0 0 
73 -0.1950903220161282 0.9807852804032304 0 0 
74 -0.2249510543438648 0.9743700647852352 0 0 
75 -0.2546019482055277 0.9670459389139431 0 0 
76 -0.2840153447039226 0.9588197348681931 0 0 
77 -0.306249179625408 0.9519513853021931 0 0 
78 -0.328317175213561 0.9445675372676048 0 0 
79 -0.3502073812594675 0.9366721892483976 0 0 
80 -0.3719079438303867 0.9282696167148066 0 0 
81 -0.3934071116888649 0.9193643698080892 0 0 
82 -0.4146932426562388 0.9099612708765433 0 0 
83 -0.4357548099170791 0.9000654118641213 0 0 
84 -0.4565804082611655 0.8896821515530519 0 0 
85 -0.4771587602596085 0.8788171126619654 0 0 
86 -0.5037739770455263 0.8638355052043958 0 0 
87 -0.5299192642332048 0.8480480961564261 0 0 
88 -0.555570233019602 0.8314696123025453 0 0 
89 -0.5807029557109398 0.8141155183563192 0 0 
90 -0.6052939880428942 0.7960020025346222 0 0 
91 -0.6293203910498373 0.777145961456971 0 0 
92 -0.6472333724764323 0.762291913608418 0 0 
93 -0.6647958656139379 0.7470250712409959 0 0 
94 -0.6819983600624984 0.7313537016191706 0 0 
95 -0.6988315403679001 0.7152862910660515 0 0 
96 -0.7152862910660513 0.6988315403679002 0 0 
97 -0.7313537016191705 0.6819983600624986 0 0 
98 -0.7470250712409957 0.6647958656139381 0 0 
99 -0.7622919136084179 0.6472333724764325 0 0 
100 -0.7771459614569709 0.6293203910498374 0 0 
101 -0.7960020025346219 0.6052939880428945 0 0 
102 -0.8141155183563191 0.5807029557109399 0 0 
103 -0.8314696123025453 0.5555702330196022 0 0 
104 -0.848048096156426 0.529919264233205 0 0 
105 -0.8638355052043957 0.5037739770455264 0 0 
106 -0.8788171126619653 0.4771587602596086 0 0 
107 -0.8896821515530517 0.4565804082611656 0 0 
108 -0.9000654118641211 0.4357548099170793 0 0 
109 -0.9099612708765431 0.4146932426562392 0 0 
110 -0.9193643698080891 0.3934071116888651 0 0 
111 -0.9282696167148066 0.3719079438303868 0 0 
112 -0.9366721892483976 0.3502073812594675 0 0 
113 -0.9445675372676047 0.3283171752135614 0 0 
114 -0.9519513853021931 0.3062491796254082 0 0 
115 -0.9588197348681931 0.2840153447039226 0 0 
116 -0.9670459389139431 0.2546019482055277 0 0 
117 -0.9743700647852351 0.2249510543438652 0 0 
118 -0.9807852804032304 0.1950903220161286 0 0 
119 -0.9862856015372314 0.1650476058606777 0 0 
120 -0.9908658973868822 0.1348509302737232 0 0 
121 -0.9945218953682733 0.1045284632676537 0 0 
122 -0.9966848880445061 0.08135867466785837 0 0 
123 -0.9983081582712682 0.05814482891047573 0 0 
124 -0.9993908270190958 0.03489949670250114 0 0 
125 -0.9999323080037622 0.011635265801397 0 0 
126 -0.9999323080037622 -0.0116352658013972 0 0 
127 -0.9993908270190958 -0.0348994967025009 0 0 
128 -0.9983081582712682 -0.05814482891047593 0 0 
129 -0.9966848880445061 -0.08135867466785901 0 0 
130 -0.9945218953682733 -0.1045284632676535 0 0 
131 -0.9908658973868822 -0.1348509302737229 0 0 
132 -0.9862856015372314 -0.1650476058606774 0 0 
133 -0.9807852804032304 -0.1950903220161284 0 0 
134 -0.9743700647852352 -0.224951054343865 0 0 
135 -0.9670459389139432 -0.2546019482055275 0 0 
136 -0.9588197348681932 -0.2840153447039224 0 0 
137 -0.9519513853021931 -0.3062491796254079 0 0 
138 -0.9445675372676049 -0.3283171752135607 0 0 
139 -0.9366721892483977 -0.3502073812594673 0 0 
140 -0.9282696167148068 -0.3719079438303862 0 0 
141 -0.919364369808089 -0.3934071116888653 0 0 
142 -0.9099612708765432 -0.414693242656239 0 0 
143 -0.9000654118641211 -0.4357548099170794 0 0 
144 -0.8896821515530519 -0.4565804082611654 0 0 
145 -0.8788171126619654 -0.4771587602596084 0 0 
146 -0.8638355052043958 -0.5037739770455262 0 0 
147 -0.8480480961564261 -0.5299192642332048 0 0 
148 -0.8314696123025455 -0.555570233019602 0 0 
149 -0.8141155183563192 -0.5807029557109398 0 0 
150 -0.7960020025346222 -0.6052939880428942 0 0 
151 -0.7771459614569711 -0.6293203910498373 0 0 
152 -0.7622919136084181 -0.6472333724764323 0 0 
153 -0.7470250712409962 -0.6647958656139376 0 0 
154 -0.7313537016191706 -0.6819983600624984 0 0 
155 -0.7152862910660518 -0.6988315403678996 0 0 
156 -0.6988315403678999 -0.7152862910660516 0 0 
157 -0.6819983600624986 -0.7313537016191703 0 0 
158 -0.6647958656139378 -0.747025071240996 0 0 
159 -0.6472333724764325 -0.7622919136084179 0 0 
160 -0.6293203910498371 -0.7771459614569711 0 0 
161 -0.6052939880428941 -0.7960020025346223 0 0 
162 -0.5807029557109396 -0.8141155183563193 0 0 
163 -0.5555702330196022 -0.8314696123025452 0 0 
164 -0.529919264233205 -0.848048096156426 0 0 
165 -0.5037739770455264 -0.8638355052043956 0 0 
166 -0.4771587602596087 -0.8788171126619653 0 0 
167 -0.4565804082611653 -0.8896821515530519 0 0 
168 -0.4357548099170801 -0.9000654118641208 0 0 
169 -0.4146932426562392 -0.9099612708765431 0 0 
170 -0.3934071116888656 -0.9193643698080889 0 0 
171 -0.3719079438303865 -0.9282696167148067 0 0 
172 -0.3502073812594676 -0.9366721892483976 0 0 
173 -0.3283171752135606 -0.9445675372676049 0 0 
174 -0.3062491796254087 -0.9519513853021929 0 0 
175 -0.2840153447039226 -0.9588197348681931 0 0 
176 -0.2546019482055277 -0.9670459389139431 0 0 
177 -0.2249510543438653 -0.9743700647852351 0 0 
178 -0.1950903220161287 -0.9807852804032303 0 0 
179 -0.1650476058606782 -0.9862856015372313 0 0 
180 -0.1348509302737237 -0.9908658973868821 0 0 
181 -0.1045284632676542 -0.9945218953682733 0 0 
182 -0.08135867466785843 -0.9966848880445061 0 0 
183 -0.05814482891047624 -0.9983081582712682 0 0 
184 -0.03489949670250076 -0.9993908270190958 0 0 
185 -0.01163526580139707 -0.9999323080037622 0 0 
186 0.0116352658013967 -0.9999323080037622 0 0 
187 0.03489949670250039 -0.9993908270190958 0 0 
188 0.05814482891047587 -0.9983081582712682 0 0 
189 0.08135867466785807 -0.9966848880445061 0 0 
190 0.1045284632676539 -0.9945218953682733 0 0 
191 0.1348509302737233 -0.9908658973868822 0 0 
192 0.1650476058606778 -0.9862856015372313 0 0 
193 0.1950903220161283 -0.9807852804032304 0 0 
194 0.2249510543438649 -0.9743700647852352 0 0 
195 0.2546019482055274 -0.9670459389139432 0 0 
196 0.2840153447039223 -0.9588197348681932 0 0 
197 0.3062491796254083 -0.951951385302193 0 0 
198 0.3283171752135602 -0.944567537267605 0 0 
199 0.3502073812594672 -0.9366721892483977 0 0 
200 0.3719079438303862 -0.9282696167148068 0 0 
201 0.3934071116888652 -0.9193643698080891 0 0 
202 0.4146932426562389 -0.9099612708765432 0 0 
203 0.4357548099170798 -0.9000654118641209 0 0 
204 0.456580408261165 -0.8896821515530521 0 0 
205 0.4771587602596083 -0.8788171126619654 0 0 
206 0.5037739770455262 -0.8638355052043958 0 0 
207 0.5299192642332047 -0.8480480961564262 0 0 
208 0.5555702330196018 -0.8314696123025455 0 0 
209 0.5807029557109393 -0.8141155183563196 0 0 
210 0.6052939880428938 -0.7960020025346225 0 0 
211 0.6293203910498368 -0.7771459614569713 0 0 
212 0.6472333724764323 -0.7622919136084181 0 0 
213 0.6647958656139376 -0.7470250712409963 0 0 
214 0.6819983600624987 -0.7313537016191703 0 0 
215 0.6988315403679 -0.7152862910660516 0 0 
216 0.7152862910660512 -0.6988315403679002 0 0 
217 0.73135370161917 -0.6819983600624989 0 0 
218 0.747025071240996 -0.6647958656139379 0 0 
219 0.7622919136084177 -0.6472333724764326 0 0 
220 0.7771459614569711 -0.6293203910498372 0 0 
221 0.7960020025346222 -0.6052939880428941 0 0 
222 0.8141155183563192 -0.5807029557109397 0 0 
223 0.8314696123025452 -0.5555702330196022 0 0 
224 0.8480480961564258 -0.529919264233205 0 0 
225 0.8638355052043956 -0.5037739770455265 0 0 
226 0.8788171126619652 -0.4771587602596087 0 0 
227 0.8896821515530519 -0.4565804082611654 0 0 
228 0.9000654118641208 -0.4357548099170802 0 0 
229 0.9099612708765431 -0.4146932426562393 0 0 
230 0.9193643698080889 -0.3934071116888656 0 0 
231 0.9282696167148067 -0.3719079438303866 0 0 
232 0.9366721892483976 -0.3502073812594677 0 0 
233 0.9445675372676049 -0.3283171752135606 0 0 
234 0.9519513853021929 -0.3062491796254087 0 0 
235 0.9588197348681931 -0.2840153447039227 0 0 
236 0.9670459389139431 -0.2546019482055278 0 0 
237 0.9743700647852351 -0.2249510543438653 0 0 
238 0.9807852804032303 -0.1950903220161287 0 0 
239 0.9862856015372313 -0.1650476058606782 0 0 
240 0.9908658973868821 -0.1348509302737237 0 0 
1 0.9945217953682733 -0.1045285632676535 -1e-07 0.996684988044506 -0.08135857466785827 1e-07 1 1 2 1 -2 
2 0.9966847880445061 -0.08135877466785828 -1e-07 0.9983082582712681 -0.05814472891047582 1e-07 1 1 2 2 -3 
3 0.9983080582712682 -0.05814492891047583 -1e-07 0.9993909270190957 -0.03489939670250096 1e-07 1 1 2 3 -4 
4 0.9993907270190958 -0.03489959670250097 -1e-07 0.9999324080037622 -0.01163516580139701 1e-07 1 1 2 4 -5 
5 0.9999322080037623 -0.01163536580139701 -1e-07 0.9999324080037622 0.01163536580139701 1e-07 1 1 2 5 -6 
6 0.9993907270190958 0.01163516580139701 -1e-07 0.9999324080037622 0.03489959670250098 1e-07 1 1 2 6 -7 
7 0.9983080582712682 0.03489939670250097 -1e-07 0.9993909270190957 0.05814492891047585 1e-07 1 1 2 7 -8 
8 0.9966847880445061 0.05814472891047584 -1e-07 0.9983082582712681 0.08135877466785829 1e-07 1 1 2 8 -9 
9 0.9945217953682733 0.08135857466785829 -1e-07 0.996684988044506 0.1045285632676535 1e-07 1 1 2 9 -10 
10 0.9908657973868823 0.1045283632676535 -1e-07 0.9945219953682732 0.134851030273723 1e-07 1 0 2 10 -11 
11 0.9862855015372315 0.134850830273723 -1e-07 0.9908659973868822 0.1650477058606777 1e-07 1 0 2 11 -12 
12 0.9807851804032305 0.1650475058606777 -1e-07 0.9862857015372314 0.1950904220161283 1e-07 1 0 2 12 -13 
13 0.9743699647852353 0.1950902220161282 -1e-07 0.9807853804032304 0.224951154343865 1e-07 1 0 2 13 -14 
14 0.9670458389139431 0.224950954343865 -1e-07 0.9743701647852352 0.2546020482055276 1e-07 1 0 2 14 -15 
15 0.9588196348681931 0.2546018482055276 -1e-07 0.967046038913943 0.2840154447039226 1e-07 1 0 2 15 -16 
16 0.9519512853021932 0.2840152447039226 -1e-07 0.958819834868193 0.306249279625408 1e-07 1 2 2 16 -17 
17 0.9445674372676048 0.306249079625408 -1e-07 0.9519514853021931 0.328317275213561 1e-07 1 2 2 17 -18 
18 0.9366720892483976 0.328317075213561 -1e-07 0.9445676372676047 0.3502074812594675 1e-07 1 2 2 18 -19 
19 0.9282695167148067 0.3502072812594675 -1e-07 0.9366722892483975 0.3719080438303866 1e-07 1 2 2 19 -20 
20 0.9193642698080892 0.3719078438303866 -1e-07 0.9282697167148066 0.3934072116888651 1e-07 1 2 2 20 -21 
21 0.9099611708765433 0.3934070116888651 -1e-07 0.9193644698080891 0.4146933426562391 1e-07 1 2 2 21 -22 
22 0.9000653118641212 0.4146931426562391 -1e-07 0.9099613708765432 0.4357549099170794 1e-07 1 2 2 22 -23 
23 0.8896820515530518 0.4357547099170794 -1e-07 0.9000655118641211 0.4565805082611655 1e-07 1 2 2 23 -24 
24 0.8788170126619654 0.4565803082611655 -1e-07 0.8896822515530517 0.4771588602596084 1e-07 1 2 2 24 -25 
25 0.8638354052043958 0.4771586602596084 -1e-07 0.8788172126619653 0.5037740770455261 1e-07 1 0 2 25 -26 
26 0.848047996156426 0.5037738770455262 -1e-07 0.8638356052043957 0.5299193642332048 1e-07 1 0 2 26 -27 
27 0.8314695123025453 0.529919164233205 -1e-07 0.8480481961564259 0.5555703330196021 1e-07 1 0 2 27 -28 
28 0.8141154183563193 0.5555701330196022 -1e-07 0.8314697123025452 0.5807030557109397 1e-07 1 0 2 28 -29 
29 0.7960019025346221 0.5807028557109398 -1e-07 0.8141156183563192 0.6052940880428943 1e-07 1 0 2 29 -30 
30 0.7771458614569708 0.6052938880428944 -1e-07 0.796002102534622 0.6293204910498374 1e-07 1 0 2 30 -31 
31 0.762291813608418 0.6293202910498376 -1e-07 0.7771460614569707 0.6472334724764324 1e-07 1 3 2 31 -32 
32 0.7470249712409961 0.6472332724764325 -1e-07 0.7622920136084179 0.6647959656139377 1e-07 1 3 2 32 -33 
33 0.7313536016191705 0.6647957656139378 -1e-07 0.747025171240996 0.6819984600624984 1e-07 1 3 2 33 -34 
34 0.7152861910660515 0.6819982600624985 -1e-07 0.7313538016191704 0.6988316403678999 1e-07 1 3 2 34 -35 
35 0.6988314403679 0.6988314403679 -1e-07 0.7152863910660514 0.7152863910660514 1e-07 1 3 2 35 -36 
36 0.6819982600624985 0.7152861910660515 -1e-07 0.6988316403678999 0.7313538016191704 1e-07 1 3 2 36 -37 
37 0.6647957656139379 0.7313536016191705 -1e-07 0.6819984600624984 0.7470251712409959 1e-07 1 3 2 37 -38 
38 0.6472332724764325 0.747024971240996 -1e-07 0.6647959656139378 0.7622920136084178 1e-07 1 3 2 38 -39 
39 0.6293202910498376 0.7622918136084179 -1e-07 0.6472334724764324 0.7771460614569707 1e-07 1 3 2 39 -40 
40 0.6052938880428944 0.7771458614569708 -1e-07 0.6293204910498374 0.796002102534622 1e-07 1 0 2 40 -41 
41 0.5807028557109399 0.7960019025346221 -1e-07 0.6052940880428943 0.8141156183563191 1e-07 1 0 2 41 -42 
42 0.5555701330196023 0.8141154183563192 -1e-07 0.5807030557109398 0.8314697123025452 1e-07 1 0 2 42 -43 
43 0.529919164233205 0.8314695123025453 -1e-07 0.5555703330196022 0.8480481961564259 1e-07 1 0 2 43 -44 
44 0.5037738770455263 0.848047996156426 -1e-07 0.5299193642332048 0.8638356052043956 1e-07 1 0 2 44 -45 
45 0.4771586602596084 0.8638354052043957 -1e-07 0.5037740770455262 0.8788172126619653 1e-07 1 0 2 45 -46 
46 0.4565803082611656 0.8788170126619654 -1e-07 0.4771588602596084 0.8896822515530517 1e-07 1 4 2 46 -47 
47 0.4357547099170794 0.8896820515530518 -1e-07 0.4565805082611656 0.9000655118641211 1e-07 1 4 2 47 -48 
48 0.4146931426562391 0.9000653118641212 -1e-07 0.4357549099170794 0.9099613708765432 1e-07 1 4 2 48 -49 
49 0.3934070116888652 0.9099611708765433 -1e-07 0.4146933426562391 0.9193644698080889 1e-07 1 4 2 49 -50 
50 0.3719078438303866 0.9193642698080891 -1e-07 0.3934072116888652 0.9282697167148066 1e-07 1 4 2 50 -51 
51 0.3502072812594674 0.9282695167148067 -1e-07 0.3719080438303866 0.9366722892483975 1e-07 1 4 2 51 -52 
52 0.3283170752135611 0.9366720892483976 -1e-07 0.3502074812594674 0.9445676372676046 1e-07 1 4 2 52 -53 
53 0.3062490796254081 0.9445674372676047 -1e-07 0.3283172752135611 0.9519514853021931 1e-07 1 4 2 53 -54 
54 0.2840152447039228 0.9519512853021932 -1e-07 0.3062492796254081 0.958819834868193 1e-07 1 4 2 54 -55 
55 0.2546018482055276 0.9588196348681931 -1e-07 0.2840154447039228 0.967046038913943 1e-07 1 0 2 55 -56 
56 0.2249509543438651 0.9670458389139431 -1e-07 0.2546020482055276 0.9743701647852352 1e-07 1 0 2 56 -57 
57 0.1950902220161283 0.9743699647852353 -1e-07 0.2249511543438651 0.9807853804032304 1e-07 1 0 2 57 -58 
58 0.1650475058606776 0.9807851804032305 -1e-07 0.1950904220161283 0.9862857015372314 1e-07 1 0 2 58 -59 
59 0.1348508302737231 0.9862855015372315 -1e-07 0.1650477058606776 0.9908659973868822 1e-07 1 0 2 59 -60 
60 0.1045283632676535 0.9908657973868823 -1e-07 0.1348510302737231 0.9945219953682732 1e-07 1 0 2 60 -61 
61 0.0813585746678583 0.9945217953682733 -1e-07 0.1045285632676535 0.996684988044506 1e-07 1 5 2 61 -62 
62 0.0581447289104759 0.9966847880445061 -1e-07 0.08135877466785831 0.9983082582712681 1e-07 1 5 2 62 -63 
63 0.03489939670250108 0.9983080582712682 -1e-07 0.0581449289104759 0.9993909270190957 1e-07 1 5 2 63 -64 
64 0.01163516580139717 0.9993907270190958 -1e-07 0.03489959670250108 0.9999324080037622 1e-07 1 5 2 64 -65 
65 -0.01163536580139682 0.9999322080037623 -1e-07 0.01163536580139717 0.9999324080037622 1e-07 1 5 2 65 -66 
66 -0.03489959670250074 0.9993907270190958 -1e-07 -0.01163516580139682 0.9999324080037622 1e-07 1 5 2 66 -67 
67 -0.05814492891047578 0.9983080582712682 -1e-07 -0.03489939670250073 0.9993909270190957 1e-07 1 5 2 67 -68 
68 -0.08135877466785818 0.9966847880445061 -1e-07 -0.05814472891047577 0.9983082582712681 1e-07 1 5 2 68 -69 
69 -0.1045285632676533 0.9945217953682735 -1e-07 -0.08135857466785817 0.996684988044506 1e-07 1 5 2 69 -70 
70 -0.1348510302737227 0.9908657973868824 -1e-07 -0.1045283632676533 0.9945219953682733 1e-07 1 0 2 70 -71 
71 -0.1650477058606777 0.9862855015372315 -1e-07 -0.1348508302737227 0.9908659973868823 1e-07 1 0 2 71 -72 
72 -0.1950904220161282 0.9807851804032305 -1e-07 -0.1650475058606777 0.9862857015372314 1e-07 1 0 2 72 -73 
73 -0.2249511543438648 0.9743699647852353 -1e-07 -0.1950902220161282 0.9807853804032304 1e-07 1 0 2 73 -74 
74 -0.2546020482055277 0.9670458389139431 -1e-07 -0.2249509543438648 0.9743701647852352 1e-07 1 0 2 74 -75 
75 -0.2840154447039226 0.9588196348681931 -1e-07 -0.2546018482055277 0.967046038913943 1e-07 1 0 2 75 -76 
76 -0.306249279625408 0.9519512853021932 -1e-07 -0.2840152447039226 0.958819834868193 1e-07 1 6 2 76 -77 
77 -0.328317275213561 0.9445674372676048 -1e-07 -0.306249079625408 0.9519514853021931 1e-07 1 6 2 77 -78 
78 -0.3502074812594675 0.9366720892483976 -1e-07 -0.328317075213561 0.9445676372676047 1e-07 1 6 2 78 -79 
79 -0.3719080438303867 0.9282695167148066 -1e-07 -0.3502072812594675 0.9366722892483975 1e-07 1 6 2 79 -80 
80 -0.3934072116888649 0.9193642698080893 -1e-07 -0.3719078438303867 0.9282697167148065 1e-07 1 6 2 80 -81 
81 -0.4146933426562388 0.9099611708765434 -1e-07 -0.3934070116888649 0.9193644698080892 1e-07 1 6 2 81 -82 
82 -0.4357549099170791 0.9000653118641213 -1e-07 -0.4146931426562388 0.9099613708765433 1e-07 1 6 2 82 -83 
83 -0.4565805082611655 0.8896820515530519 -1e-07 -0.4357547099170791 0.9000655118641212 1e-07 1 6 2 83 -84 
84 -0.4771588602596085 0.8788170126619654 -1e-07 -0.4565803082611655 0.8896822515530518 1e-07 1 6 2 84 -85 
85 -0.5037740770455262 0.8638354052043958 -1e-07 -0.4771586602596085 0.8788172126619653 1e-07 1 0 2 85 -86 
86 -0.5299193642332047 0.8480479961564261 -1e-07 -0.5037738770455263 0.8638356052043957 1e-07 1 0 2 86 -87 
87 -0.5555703330196019 0.8314695123025454 -1e-07 -0.5299191642332048 0.848048196156426 1e-07 1 0 2 87 -88 
88 -0.5807030557109397 0.8141154183563193 -1e-07 -0.555570133019602 0.8314697123025453 1e-07 1 0 2 88 -89 
89 -0.6052940880428942 0.7960019025346222 -1e-07 -0.5807028557109398 0.8141156183563192 1e-07 1 0 2 89 -90 
90 -0.6293204910498372 0.7771458614569711 -1e-07 -0.6052938880428943 0.7960021025346221 1e-07 1 0 2 90 -91 
91 -0.6472334724764323 0.762291813608418 -1e-07 -0.6293202910498373 0.777146061456971 1e-07 1 7 2 91 -92 
92 -0.6647959656139378 0.747024971240996 -1e-07 -0.6472332724764324 0.7622920136084179 1e-07 1 7 2 92 -93 
93 -0.6819984600624983 0.7313536016191706 -1e-07 -0.6647957656139379 0.7470251712409959 1e-07 1 7 2 93 -94 
94 -0.6988316403679 0.7152861910660515 -1e-07 -0.6819982600624984 0.7313538016191705 1e-07 1 7 2 94 -95 
95 -0.7152863910660513 0.6988314403679002 -1e-07 -0.6988314403679001 0.7152863910660514 1e-07 1 7 2 95 -96 
96 -0.7313538016191704 0.6819982600624986 -1e-07 -0.7152861910660514 0.6988316403679001 1e-07 1 7 2 96 -97 
97 -0.7470251712409957 0.6647957656139382 -1e-07 -0.7313536016191705 0.6819984600624985 1e-07 1 7 2 97 -98 
98 -0.7622920136084178 0.6472332724764326 -1e-07 -0.7470249712409958 0.6647959656139381 1e-07 1 7 2 98 -99 
99 -0.7771460614569708 0.6293202910498374 -1e-07 -0.7622918136084179 0.6472334724764325 1e-07 1 7 2 99 -100 
100 -0.7960021025346219 0.6052938880428945 -1e-07 -0.777145861456971 0.6293204910498373 1e-07 1 0 2 100 -101 
101 -0.8141156183563191 0.5807028557109399 -1e-07 -0.796001902534622 0.6052940880428944 1e-07 1 0 2 101 -102 
102 -0.8314697123025453 0.5555701330196022 -1e-07 -0.8141154183563192 0.5807030557109398 1e-07 1 0 2 102 -103 
103 -0.8480481961564259 0.5299191642332051 -1e-07 -0.8314695123025454 0.5555703330196021 1e-07 1 0 2 103 -104 
104 -0.8638356052043956 0.5037738770455265 -1e-07 -0.848047996156426 0.529919364233205 1e-07 1 0 2 104 -105 
105 -0.8788172126619652 0.4771586602596086 -1e-07 -0.8638354052043957 0.5037740770455263 1e-07 1 0 2 105 -106 
106 -0.8896822515530517 0.4565803082611656 -1e-07 -0.8788170126619653 0.4771588602596086 1e-07 1 8 2 106 -107 
107 -0.9000655118641211 0.4357547099170793 -1e-07 -0.8896820515530518 0.4565805082611656 1e-07 1 8 2 107 -108 
108 -0.9099613708765431 0.4146931426562392 -1e-07 -0.9000653118641212 0.4357549099170793 1e-07 1 8 2 108 -109 
109 -0.9193644698080891 0.393407011688865 -1e-07 -0.9099611708765432 0.4146933426562392 1e-07 1 8 2 109 -110 
110 -0.9282697167148065 0.3719078438303868 -1e-07 -0.9193642698080892 0.3934072116888651 1e-07 1 8 2 110 -111 
111 -0.9366722892483975 0.3502072812594675 -1e-07 -0.9282695167148066 0.3719080438303868 1e-07 1 8 2 111 -112 
112 -0.9445676372676046 0.3283170752135613 -1e-07 -0.9366720892483976 0.3502074812594675 1e-07 1 8 2 112 -113 
113 -0.9519514853021931 0.3062490796254081 -1e-07 -0.9445674372676047 0.3283172752135614 1e-07 1 8 2 113 -114 
114 -0.958819834868193 0.2840152447039226 -1e-07 -0.9519512853021932 0.3062492796254082 1e-07 1 8 2 114 -115 
115 -0.967046038913943 0.2546018482055277 -1e-07 -0.9588196348681931 0.2840154447039226 1e-07 1 0 2 115 -116 
116 -0.9743701647852351 0.2249509543438652 -1e-07 -0.9670458389139431 0.2546020482055277 1e-07 1 0 2 116 -117 
117 -0.9807853804032304 0.1950902220161286 -1e-07 -0.9743699647852352 0.2249511543438652 1e-07 1 0 2 117 -118 
118 -0.9862857015372314 0.1650475058606777 -1e-07 -0.9807851804032305 0.1950904220161286 1e-07 1 0 2 118 -119 
119 -0.9908659973868822 0.1348508302737232 -1e-07 -0.9862855015372315 0.1650477058606777 1e-07 1 0 2 119 -120 
120 -0.9945219953682732 0.1045283632676537 -1e-07 -0.9908657973868823 0.1348510302737232 1e-07 1 0 2 120 -121 
121 -0.996684988044506 0.08135857466785837 -1e-07 -0.9945217953682733 0.1045285632676537 1e-07 1 9 2 121 -122 
122 -0.9983082582712681 0.05814472891047573 -1e-07 -0.9966847880445061 0.08135877466785837 1e-07 1 9 2 122 -123 
123 -0.9993909270190957 0.03489939670250114 -1e-07 -0.9983080582712682 0.05814492891047573 1e-07 1 9 2 123 -124 
124 -0.9999324080037622 0.011635165801397 -1e-07 -0.9993907270190958 0.03489959670250115 1e-07 1 9 2 124 -125 
125 -0.9999324080037622 -0.0116353658013972 -1e-07 -0.9999322080037623 0.011635365801397 1e-07 1 9 2 125 -126 
126 -0.9999324080037622 -0.0348995967025009 -1e-07 -0.9993907270190958 -0.0116351658013972 1e-07 1 9 2 126 -127 
127 -0.9993909270190957 -0.05814492891047594 -1e-07 -0.9983080582712682 -0.0348993967025009 1e-07 1 9 2 127 -128 
128 -0.9983082582712681 -0.08135877466785901 -1e-07 -0.9966847880445061 -0.05814472891047593 1e-07 1 9 2 128 -129 
129 -0.996684988044506 -0.1045285632676535 -1e-07 -0.9945217953682733 -0.08135857466785901 1e-07 1 9 2 129 -130 
130 -0.9945219953682732 -0.1348510302737229 -1e-07 -0.9908657973868823 -0.1045283632676535 1e-07 1 0 2 130 -131 
131 -0.9908659973868822 -0.1650477058606774 -1e-07 -0.9862855015372315 -0.1348508302737229 1e-07 1 0 2 131 -132 
132 -0.9862857015372314 -0.1950904220161284 -1e-07 -0.9807851804032305 -0.1650475058606774 1e-07 1 0 2 132 -133 
133 -0.9807853804032304 -0.224951154343865 -1e-07 -0.9743699647852353 -0.1950902220161284 1e-07 1 0 2 133 -134 
134 -0.9743701647852352 -0.2546020482055275 -1e-07 -0.9670458389139432 -0.224950954343865 1e-07 1 0 2 134 -135 
135 -0.9670460389139431 -0.2840154447039224 -1e-07 -0.9588196348681932 -0.2546018482055274 1e-07 1 0 2 135 -136 
136 -0.9588198348681931 -0.3062492796254079 -1e-07 -0.9519512853021932 -0.2840152447039224 1e-07 1 10 2 136 -137 
137 -0.9519514853021931 -0.3283172752135607 -1e-07 -0.9445674372676049 -0.3062490796254079 1e-07 1 10 2 137 -138 
138 -0.9445676372676048 -0.3502074812594673 -1e-07 -0.9366720892483977 -0.3283170752135607 1e-07 1 10 2 138 -139 
139 -0.9366722892483976 -0.3719080438303862 -1e-07 -0.9282695167148068 -0.3502072812594673 1e-07 1 10 2 139 -140 
140 -0.9282697167148067 -0.3934072116888653 -1e-07 -0.9193642698080891 -0.3719078438303862 1e-07 1 10 2 140 -141 
141 -0.9193644698080889 -0.414693342656239 -1e-07 -0.9099611708765433 -0.3934070116888653 1e-07 1 10 2 141 -142 
142 -0.9099613708765432 -0.4357549099170794 -1e-07 -0.9000653118641212 -0.414693142656239 1e-07 1 10 2 142 -143 
143 -0.9000655118641211 -0.4565805082611654 -1e-07 -0.8896820515530519 -0.4357547099170794 1e-07 1 10 2 143 -144 
144 -0.8896822515530518 -0.4771588602596084 -1e-07 -0.8788170126619654 -0.4565803082611654 1e-07 1 10 2 144 -145 
145 -0.8788172126619653 -0.5037740770455261 -1e-07 -0.8638354052043958 -0.4771586602596084 1e-07 1 0 2 145 -146 
146 -0.8638356052043957 -0.5299193642332047 -1e-07 -0.8480479961564261 -0.5037738770455262 1e-07 1 0 2 146 -147 
147 -0.848048196156426 -0.5555703330196019 -1e-07 -0.8314695123025455 -0.5299191642332048 1e-07 1 0 2 147 -148 
148 -0.8314697123025454 -0.5807030557109397 -1e-07 -0.8141154183563193 -0.555570133019602 1e-07 1 0 2 148 -149 
149 -0.8141156183563192 -0.6052940880428942 -1e-07 -0.7960019025346222 -0.5807028557109398 1e-07 1 0 2 149 -150 
150 -0.7960021025346221 -0.6293204910498372 -1e-07 -0.7771458614569712 -0.6052938880428943 1e-07 1 0 2 150 -151 
151 -0.7771460614569711 -0.6472334724764323 -1e-07 -0.7622918136084181 -0.6293202910498373 1e-07 1 11 2 151 -152 
152 -0.762292013608418 -0.6647959656139375 -1e-07 -0.7470249712409962 -0.6472332724764324 1e-07 1 11 2 152 -153 
153 -0.7470251712409961 -0.6819984600624983 -1e-07 -0.7313536016191706 -0.6647957656139376 1e-07 1 11 2 153 -154 
154 -0.7313538016191705 -0.6988316403678996 -1e-07 -0.7152861910660518 -0.6819982600624984 1e-07 1 11 2 154 -155 
155 -0.7152863910660517 -0.7152863910660515 -1e-07 -0.6988314403678999 -0.6988314403678997 1e-07 1 11 2 155 -156 
156 -0.6988316403678998 -0.7313538016191703 -1e-07 -0.6819982600624986 -0.7152861910660516 1e-07 1 11 2 156 -157 
157 -0.6819984600624985 -0.747025171240996 -1e-07 -0.6647957656139378 -0.7313536016191704 1e-07 1 11 2 157 -158 
158 -0.6647959656139377 -0.7622920136084178 -1e-07 -0.6472332724764326 -0.7470249712409961 1e-07 1 11 2 158 -159 
159 -0.6472334724764325 -0.7771460614569711 -1e-07 -0.6293202910498371 -0.7622918136084179 1e-07 1 11 2 159 -160 
160 -0.629320491049837 -0.7960021025346222 -1e-07 -0.6052938880428942 -0.7771458614569712 1e-07 1 0 2 160 -161 
161 -0.6052940880428941 -0.8141156183563193 -1e-07 -0.5807028557109396 -0.7960019025346223 1e-07 1 0 2 161 -162 
162 -0.5807030557109395 -0.8314697123025452 -1e-07 -0.5555701330196022 -0.8141154183563194 1e-07 1 0 2 162 -163 
163 -0.5555703330196021 -0.8480481961564259 -1e-07 -0.5299191642332051 -0.8314695123025453 1e-07 1 0 2 163 -164 
164 -0.529919364233205 -0.8638356052043955 -1e-07 -0.5037738770455265 -0.848047996156426 1e-07 1 0 2 164 -165 
165 -0.5037740770455263 -0.8788172126619652 -1e-07 -0.4771586602596087 -0.8638354052043956 1e-07 1 0 2 165 -166 
166 -0.4771588602596087 -0.8896822515530518 -1e-07 -0.4565803082611653 -0.8788170126619653 1e-07 1 12 2 166 -167 
167 -0.4565805082611653 -0.9000655118641208 -1e-07 -0.4357547099170801 -0.8896820515530519 1e-07 1 12 2 167 -168 
168 -0.4357549099170801 -0.9099613708765431 -1e-07 -0.4146931426562392 -0.9000653118641209 1e-07 1 12 2 168 -169 
169 -0.4146933426562392 -0.9193644698080888 -1e-07 -0.3934070116888655 -0.9099611708765432 1e-07 1 12 2 169 -170 
170 -0.3934072116888656 -0.9282697167148066 -1e-07 -0.3719078438303865 -0.9193642698080889 1e-07 1 12 2 170 -171 
171 -0.3719080438303865 -0.9366722892483975 -1e-07 -0.3502072812594676 -0.9282695167148067 1e-07 1 12 2 171 -172 
172 -0.3502074812594676 -0.9445676372676048 -1e-07 -0.3283170752135606 -0.9366720892483976 1e-07 1 12 2 172 -173 
173 -0.3283172752135606 -0.9519514853021929 -1e-07 -0.3062490796254086 -0.9445674372676049 1e-07 1 12 2 173 -174 
174 -0.3062492796254087 -0.958819834868193 -1e-07 -0.2840152447039226 -0.951951285302193 1e-07 1 12 2 174 -175 
175 -0.2840154447039226 -0.967046038913943 -1e-07 -0.2546018482055277 -0.9588196348681931 1e-07 1 0 2 175 -176 
176 -0.2546020482055277 -0.9743701647852351 -1e-07 -0.2249509543438653 -0.9670458389139431 1e-07 1 0 2 176 -177 
177 -0.2249511543438653 -0.9807853804032303 -1e-07 -0.1950902220161287 -0.9743699647852352 1e-07 1 0 2 177 -178 
178 -0.1950904220161287 -0.9862857015372313 -1e-07 -0.1650475058606782 -0.9807851804032304 1e-07 1 0 2 178 -179 
179 -0.1650477058606782 -0.9908659973868821 -1e-07 -0.1348508302737237 -0.9862855015372314 1e-07 1 0 2 179 -180 
180 -0.1348510302737237 -0.9945219953682732 -1e-07 -0.1045283632676542 -0.9908657973868822 1e-07 1 0 2 180 -181 
181 -0.1045285632676542 -0.996684988044506 -1e-07 -0.08135857466785842 -0.9945217953682733 1e-07 1 13 2 181 -182 
182 -0.08135877466785843 -0.9983082582712681 -1e-07 -0.05814472891047624 -0.9966847880445061 1e-07 1 13 2 182 -183 
183 -0.05814492891047624 -0.9993909270190957 -1e-07 -0.03489939670250076 -0.9983080582712682 1e-07 1 13 2 183 -184 
184 -0.03489959670250076 -0.9999324080037622 -1e-07 -0.01163516580139707 -0.9993907270190958 1e-07 1 13 2 184 -185 
185 -0.01163536580139706 -0.9999324080037622 -1e-07 0.0116353658013967 -0.9999322080037623 1e-07 1 13 2 185 -186 
186 0.0116351658013967 -0.9999324080037622 -1e-07 0.0348995967025004 -0.9993907270190958 1e-07 1 13 2 186 -187 
187 0.03489939670250039 -0.9993909270190957 -1e-07 0.05814492891047587 -0.9983080582712682 1e-07 1 13 2 187 -188 
188 0.05814472891047587 -0.9983082582712681 -1e-07 0.08135877466785807 -0.9966847880445061 1e-07 1 13 2 188 -189 
189 0.08135857466785806 -0.996684988044506 -1e-07 0.1045285632676539 -0.9945217953682733 1e-07 1 13 2 189 -190 
190 0.1045283632676539 -0.9945219953682732 -1e-07 0.1348510302737233 -0.9908657973868823 1e-07 1 0 2 190 -191 
191 0.1348508302737233 -0.9908659973868822 -1e-07 0.1650477058606778 -0.9862855015372314 1e-07 1 0 2 191 -192 
192 0.1650475058606778 -0.9862857015372313 -1e-07 0.1950904220161283 -0.9807851804032305 1e-07 1 0 2 192 -193 
193 0.1950902220161283 -0.9807853804032304 -1e-07 0.2249511543438649 -0.9743699647852353 1e-07 1 0 2 193 -194 
194 0.2249509543438649 -0.9743701647852352 -1e-07 0.2546020482055274 -0.9670458389139432 1e-07 1 0 2 194 -195 
195 0.2546018482055274 -0.9670460389139431 -1e-07 0.2840154447039223 -0.9588196348681932 1e-07 1 0 2 195 -196 
196 0.2840152447039223 -0.9588198348681931 -1e-07 0.3062492796254083 -0.9519512853021931 1e-07 1 14 2 196 -197 
197 0.3062490796254083 -0.951951485302193 -1e-07 0.3283172752135602 -0.9445674372676051 1e-07 1 14 2 197 -198 
198 0.3283170752135602 -0.944567637267605 -1e-07 0.3502074812594672 -0.9366720892483977 1e-07 1 14 2 198 -199 
199 0.3502072812594672 -0.9366722892483976 -1e-07 0.3719080438303862 -0.9282695167148068 1e-07 1 14 2 199 -200 
200 0.3719078438303862 -0.9282697167148067 -1e-07 0.3934072116888652 -0.9193642698080892 1e-07 1 14 2 200 -201 
201 0.3934070116888652 -0.9193644698080891 -1e-07 0.4146933426562389 -0.9099611708765433 1e-07 1 14 2 201 -202 
202 0.4146931426562389 -0.9099613708765432 -1e-07 0.4357549099170798 -0.900065311864121 1e-07 1 14 2 202 -203 
203 0.4357547099170798 -0.9000655118641209 -1e-07 0.456580508261165 -0.8896820515530521 1e-07 1 14 2 203 -204 
204 0.456580308261165 -0.889682251553052 -1e-07 0.4771588602596084 -0.8788170126619654 1e-07 1 14 2 204 -205 
205 0.4771586602596083 -0.8788172126619653 -1e-07 0.5037740770455261 -0.8638354052043958 1e-07 1 0 2 205 -206 
206 0.5037738770455262 -0.8638356052043957 -1e-07 0.5299193642332046 -0.8480479961564262 1e-07 1 0 2 206 -207 
207 0.5299191642332047 -0.8480481961564261 -1e-07 0.5555703330196018 -0.8314695123025455 1e-07 1 0 2 207 -208 
208 0.5555701330196019 -0.8314697123025454 -1e-07 0.5807030557109393 -0.8141154183563196 1e-07 1 0 2 208 -209 
209 0.5807028557109394 -0.8141156183563195 -1e-07 0.6052940880428938 -0.7960019025346226 1e-07 1 0 2 209 -210 
210 0.6052938880428939 -0.7960021025346224 -1e-07 0.6293204910498368 -0.7771458614569714 1e-07 1 0 2 210 -211 
211 0.6293202910498369 -0.7771460614569713 -1e-07 0.6472334724764323 -0.7622918136084181 1e-07 1 15 2 211 -212 
212 0.6472332724764324 -0.762292013608418 -1e-07 0.6647959656139375 -0.7470249712409963 1e-07 1 15 2 212 -213 
213 0.6647957656139376 -0.7470251712409962 -1e-07 0.6819984600624986 -0.7313536016191704 1e-07 1 15 2 213 -214 
214 0.6819982600624988 -0.7313538016191703 -1e-07 0.6988316403678999 -0.7152861910660516 1e-07 1 15 2 214 -215 
215 0.6988314403679 -0.7152863910660515 -1e-07 0.7152863910660512 -0.6988314403679002 1e-07 1 15 2 215 -216 
216 0.7152861910660513 -0.6988316403679001 -1e-07 0.73135380161917 -0.681998260062499 1e-07 1 15 2 216 -217 
217 0.7313536016191701 -0.6819984600624989 -1e-07 0.747025171240996 -0.6647957656139379 1e-07 1 15 2 217 -218 
218 0.7470249712409961 -0.6647959656139378 -1e-07 0.7622920136084177 -0.6472332724764327 1e-07 1 15 2 218 -219 
219 0.7622918136084178 -0.6472334724764326 -1e-07 0.7771460614569711 -0.6293202910498372 1e-07 1 15 2 219 -220 
220 0.7771458614569712 -0.6293204910498371 -1e-07 0.7960021025346221 -0.6052938880428942 1e-07 1 0 2 220 -221 
221 0.7960019025346222 -0.6052940880428941 -1e-07 0.8141156183563192 -0.5807028557109397 1e-07 1 0 2 221 -222 
222 0.8141154183563193 -0.5807030557109396 -1e-07 0.8314697123025452 -0.5555701330196022 1e-07 1 0 2 222 -223 
223 0.8314695123025453 -0.5555703330196021 -1e-07 0.8480481961564258 -0.5299191642332051 1e-07 1 0 2 223 -224 
224 0.8480479961564259 -0.529919364233205 -1e-07 0.8638356052043955 -0.5037738770455266 1e-07 1 0 2 224 -225 
225 0.8638354052043956 -0.5037740770455265 -1e-07 0.8788172126619651 -0.4771586602596087 1e-07 1 0 2 225 -226 
226 0.8788170126619652 -0.4771588602596087 -1e-07 0.8896822515530518 -0.4565803082611654 1e-07 1 16 2 226 -227 
227 0.8896820515530519 -0.4565805082611654 -1e-07 0.9000655118641208 -0.4357547099170802 1e-07 1 16 2 227 -228 
228 0.9000653118641209 -0.4357549099170802 -1e-07 0.9099613708765431 -0.4146931426562393 1e-07 1 16 2 228 -229 
229 0.9099611708765432 -0.4146933426562393 -1e-07 0.9193644698080888 -0.3934070116888656 1e-07 1 16 2 229 -230 
230 0.9193642698080889 -0.3934072116888656 -1e-07 0.9282697167148066 -0.3719078438303866 1e-07 1 16 2 230 -231 
231 0.9282695167148067 -0.3719080438303866 -1e-07 0.9366722892483975 -0.3502072812594677 1e-07 1 16 2 231 -232 
232 0.9366720892483976 -0.3502074812594677 -1e-07 0.9445676372676048 -0.3283170752135606 1e-07 1 16 2 232 -233 
233 0.9445674372676049 -0.3283172752135606 -1e-07 0.9519514853021929 -0.3062490796254087 1e-07 1 16 2 233 -234 
234 0.951951285302193 -0.3062492796254087 -1e-07 0.958819834868193 -0.2840152447039227 1e-07 1 16 2 234 -235 
235 0.9588196348681931 -0.2840154447039227 -1e-07 0.967046038913943 -0.2546018482055278 1e-07 1 0 2 235 -236 
236 0.9670458389139431 -0.2546020482055278 -1e-07 0.9743701647852351 -0.2249509543438653 1e-07 1 0 2 236 -237 
237 0.9743699647852352 -0.2249511543438653 -1e-07 0.9807853804032303 -0.1950902220161287 1e-07 1 0 2 237 -238 
238 0.9807851804032304 -0.1950904220161287 -1e-07 0.9862857015372313 -0.1650475058606782 1e-07 1 0 2 238 -239 
239 0.9862855015372314 -0.1650477058606782 -1e-07 0.9908659973868821 -0.1348508302737237 1e-07 1 0 2 239 -240 
240 0.9908657973868822 -0.1348510302737237 -1e-07 0.9945219953682732 -0.1045283632676535 1e-07 1 0 2 240 -1 
1 -0.9999324080037622 -0.9999324080037622 -1e-07 0.9999324080037622 0.9999324080037622 1e-07 1 1 240 1 2 3 4 5 6 7 8 9 10 11 12 13 14 15 16 17 18 19 20 21 22 23 24 25 26 27 28 29 30 31 32 33 34 35 36 37 38 39 40 41 42 43 44 45 46 47 48 49 50 51 52 53 54 55 56 57 58 59 60 61 62 63 64 65 66 67 68 69 70 71 72 73 74 75 76 77 78 79 80 81 82 83 84 85 86 87 88 89 90 91 92 93 94 95 96 97 98 99 100 101 102 103 104 105 106 107 108 109 110 111 112 113 114 115 116 117 118 119 120 121 122 123 124 125 126 127 128 129 130 131 132 133 134 135 136 137 138 139 140 141 142 143 144 145 146 147 148 149 150 151 152 153 154 155 156 157 158 159 160 161 162 163 164 165 166 167 168 169 170 171 172 173 174 175 176 177 178 179 180 181 182 183 184 185 186 187 188 189 190 191 192 193 194 195 196 197 198 199 200 201 202 203 204 205 206 207 208 209 210 211 212 213 214 215 216 217 218 219 220 221 222 223 224 225 226 227 228 229 230 231 232 233 234 235 236 237 238 239 240 
$EndEntities
$Nodes
481 898 1 898
0 1 0 1
1
0.9945218953682733 -0.1045284632676535 0
0 2 0 1
2
0.9966848880445061 -0.08135867466785827 0
0 3 0 1
3
0.9983081582712682 -0.05814482891047582 0
0 4 0 1
4
0.9993908270190958 -0.03489949670250096 0
0 5 0 1
5
0.9999323080037622 -0.01163526580139701 0
0 6 0 1
6
0.9999323080037622 0.01163526580139701 0
0 7 0 1
7
0.9993908270190958 0.03489949670250098 0
0 8 0 1
8
0.9983081582712682 0.05814482891047584 0
0 9 0 1
9
0.9966848880445061 0.08135867466785829 0
0 10 0 1
10
0.9945218953682733 0.1045284632676535 0
0 11 0 1
11
0.9908658973868822 0.134850930273723 0
0 12 0 1
12
0.9862856015372314 0.1650476058606777 0
0 13 0 1
13
0.9807852804032304 0.1950903220161282 0
0 14 0 1
14
0.9743700647852352 0.224951054343865 0
0 15 0 1
15
0.9670459389139431 0.2546019482055276 0
0 16 0 1
16
0.9588197348681931 0.2840153447039226 0
0 17 0 1
17
0.9519513853021931 0.306249179625408 0
0 18 0 1
18
0.9445675372676048 0.328317175213561 0
0 19 0 1
19
0.9366721892483976 0.3502073812594675 0
0 20 0 1
20
0.9282696167148067 0.3719079438303866 0
0 21 0 1
21
0.9193643698080891 0.3934071116888651 0
0 22 0 1
22
0.9099612708765432 0.4146932426562391 0
0 23 0 1
23
0.9000654118641211 0.4357548099170794 0
0 24 0 1
24
0.8896821515530517 0.4565804082611655 0
0 25 0 1
25
0.8788171126619654 0.4771587602596084 0
0 26 0 1
26
0.8638355052043958 0.5037739770455262 0
0 27 0 1
27
0.848048096156426 0.5299192642332049 0
0 28 0 1
28
0.8314696123025452 0.5555702330196022 0
0 29 0 1
29
0.8141155183563192 0.5807029557109398 0
0 30 0 1
30
0.7960020025346221 0.6052939880428944 0
0 31 0 1
31
0.7771459614569708 0.6293203910498375 0
0 32 0 1
32
0.762291913608418 0.6472333724764324 0
0 33 0 1
33
0.747025071240996 0.6647958656139378 0
0 34 0 1
34
0.7313537016191705 0.6819983600624985 0
0 35 0 1
35
0.7152862910660515 0.6988315403679 0
0 36 0 1
36
0.6988315403679 0.7152862910660515 0
0 37 0 1
37
0.6819983600624985 0.7313537016191705 0
0 38 0 1
38
0.6647958656139379 0.7470250712409959 0
0 39 0 1
39
0.6472333724764324 0.7622919136084179 0
0 40 0 1
40
0.6293203910498375 0.7771459614569708 0
0 41 0 1
41
0.6052939880428944 0.7960020025346221 0
0 42 0 1
42
0.5807029557109399 0.8141155183563191 0
0 43 0 1
43
0.5555702330196023 0.8314696123025452 0
0 44 0 1
44
0.5299192642332049 0.848048096156426 0
0 45 0 1
45
0.5037739770455263 0.8638355052043957 0
0 46 0 1
46
0.4771587602596084 0.8788171126619654 0
0 47 0 1
47
0.4565804082611656 0.8896821515530517 0
0 48 0 1
48
0.4357548099170794 0.9000654118641211 0
0 49 0 1
49
0.4146932426562391 0.9099612708765432 0
0 50 0 1
50
0.3934071116888652 0.919364369808089 0
0 51 0 1
51
0.3719079438303866 0.9282696167148067 0
0 52 0 1
52
0.3502073812594674 0.9366721892483976 0
0 53 0 1
53
0.3283171752135611 0.9445675372676047 0
0 54 0 1
54
0.3062491796254081 0.9519513853021931 0
0 55 0 1
55
0.2840153447039228 0.9588197348681931 0
0 56 0 1
56
0.2546019482055276 0.9670459389139431 0
0 57 0 1
57
0.2249510543438651 0.9743700647852352 0
0 58 0 1
58
0.1950903220161283 0.9807852804032304 0
0 59 0 1
59
0.1650476058606776 0.9862856015372314 0
0 60 0 1
60
0.1348509302737231 0.9908658973868822 0
0 61 0 1
61
0.1045284632676535 0.9945218953682733 0
0 62 0 1
62
0.0813586746678583 0.9966848880445061 0
0 63 0 1
63
0.0581448289104759 0.9983081582712682 0
0 64 0 1
64
0.03489949670250108 0.9993908270190958 0
0 65 0 1
65
0.01163526580139717 0.9999323080037622 0
0 66 0 1
66
-0.01163526580139682 0.9999323080037622 0
0 67 0 1
67
-0.03489949670250073 0.9993908270190958 0
0 68 0 1
68
-0.05814482891047577 0.9983081582712682 0
0 69 0 1
69
-0.08135867466785818 0.9966848880445061 0
0 70 0 1
70
-0.1045284632676533 0.9945218953682734 0
0 71 0 1
71
-0.1348509302737227 0.9908658973868824 0
0 72 0 1
72
-0.1650476058606777 0.9862856015372314 0
0 73 0 1
73
-0.1950903220161282 0.9807852804032304 0
0 74 0 1
74
-0.2249510543438648 0.9743700647852352 0
0 75 0 1
75
-0.2546019482055277 0.9670459389139431 0
0 76 0 1
76
-0.2840153447039226 0.9588197348681931 0
0 77 0 1
77
-0.306249179625408 0.9519513853021931 0
0 78 0 1
78
-0.328317175213561 0.9445675372676048 0
0 79 0 1
79
-0.3502073812594675 0.9366721892483976 0
0 80 0 1
80
-0.3719079438303867 0.9282696167148066 0
0 81 0 1
81
-0.3934071116888649 0.9193643698080892 0
0 82 0 1
82
-0.4146932426562388 0.9099612708765433 0
0 83 0 1
83
-0.4357548099170791 0.9000654118641213 0
0 84 0 1
84
-0.4565804082611655 0.8896821515530519 0
0 85 0 1
85
-0.4771587602596085 0.8788171126619654 0
0 86 0 1
86
-0.5037739770455263 0.8638355052043958 0
0 87 0 1
87
-0.5299192642332048 0.8480480961564261 0
0 88 0 1
88
-0.555570233019602 0.8314696123025453 0
0 89 0 1
89
-0.5807029557109398 0.8141155183563192 0
0 90 0 1
90
-0.6052939880428942 0.7960020025346222 0
0 91 0 1
91
-0.6293203910498373 0.777145961456971 0
0 92 0 1
92
-0.6472333724764323 0.762291913608418 0
0 93 0 1
93
-0.6647958656139379 0.7470250712409959 0
0 94 0 1
94
-0.6819983600624984 0.7313537016191706 0
0 95 0 1
95
-0.6988315403679001 0.7152862910660515 0
0 96 0 1
96
-0.7152862910660513 0.6988315403679002 0
0 97 0 1
97
-0.7313537016191705 0.6819983600624986 0
0 98 0 1
98
-0.7470250712409957 0.6647958656139381 0
0 99 0 1
99
-0.7622919136084179 0.6472333724764325 0
0 100 0 1
100
-0.7771459614569709 0.6293203910498374 0
0 101 0 1
101
-0.7960020025346219 0.6052939880428945 0
0 102 0 1
102
-0.8141155183563191 0.5807029557109399 0
0 103 0 1
103
-0.8314696123025453 0.5555702330196022 0
0 104 0 1
104
-0.848048096156426 0.529919264233205 0
0 105 0 1
105
-0.8638355052043957 0.5037739770455264 0
0 106 0 1
106
-0.8788171126619653 0.4771587602596086 0
0 107 0 1
107
-0.8896821515530517 0.4565804082611656 0
0 108 0 1
108
-0.9000654118641211 0.4357548099170793 0
0 109 0 1
109
-0.9099612708765431 0.4146932426562392 0
0 110 0 1
110
-0.9193643698080891 0.3934071116888651 0
0 111 0 1
111
-0.9282696167148066 0.3719079438303868 0
0 112 0 1
112
-0.9366721892483976 0.3502073812594675 0
0 113 0 1
113
-0.9445675372676047 0.3283171752135614 0
0 114 0 1
114
-0.9519513853021931 0.3062491796254082 0
0 115 0 1
115
-0.9588197348681931 0.2840153447039226 0
0 116 0 1
116
-0.9670459389139431 0.2546019482055277 0
0 117 0 1
117
-0.9743700647852351 0.2249510543438652 0
0 118 0 1
118
-0.9807852804032304 0.1950903220161286 0
0 119 0 1
119
-0.9862856015372314 0.1650476058606777 0
0 120 0 1
120
-0.9908658973868822 0.1348509302737232 0
0 121 0 1
121
-0.9945218953682733 0.1045284632676537 0
0 122 0 1
122
-0.9966848880445061 0.08135867466785837 0
0 123 0 1
123
-0.9983081582712682 0.05814482891047573 0
0 124 0 1
124
-0.9993908270190958 0.03489949670250114 0
0 125 0 1
125
-0.9999323080037622 0.011635265801397 0
0 126 0 1
126
-0.9999323080037622 -0.0116352658013972 0
0 127 0 1
127
-0.9993908270190958 -0.0348994967025009 0
0 128 0 1
128
-0.9983081582712682 -0.05814482891047593 0
0 129 0 1
129
-0.9966848880445061 -0.08135867466785901 0
0 130 0 1
130
-0.9945218953682733 -0.1045284632676535 0
0 131 0 1
131
-0.9908658973868822 -0.1348509302737229 0
0 132 0 1
132
-0.9862856015372314 -0.1650476058606774 0
0 133 0 1
133
-0.9807852804032304 -0.1950903220161284 0
0 134 0 1
134
-0.9743700647852352 -0.224951054343865 0
0 135 0 1
135
-0.9670459389139432 -0.2546019482055275 0
0 136 0 1
136
-0.9588197348681932 -0.2840153447039224 0
0 137 0 1
137
-0.9519513853021931 -0.3062491796254079 0
0 138 0 1
138
-0.9445675372676049 -0.3283171752135607 0
0 139 0 1
139
-0.9366721892483977 -0.3502073812594673 0
0 140 0 1
140
-0.9282696167148068 -0.3719079438303862 0
0 141 0 1
141
-0.919364369808089 -0.3934071116888653 0
0 142 0 1
142
-0.9099612708765432 -0.414693242656239 0
0 143 0 1
143
-0.9000654118641211 -0.4357548099170794 0
0 144 0 1
144
-0.8896821515530519 -0.4565804082611654 0
0 145 0 1
145
-0.8788171126619654 -0.4771587602596084 0
0 146 0 1
146
-0.8638355052043958 -0.5037739770455262 0
0 147 0 1
147
-0.8480480961564261 -0.5299192642332048 0
0 148 0 1
148
-0.8314696123025455 -0.555570233019602 0
0 149 0 1
149
-0.8141155183563192 -0.5807029557109398 0
0 150 0 1
150
-0.7960020025346222 -0.6052939880428942 0
0 151 0 1
151
-0.7771459614569711 -0.6293203910498373 0
0 152 0 1
152
-0.7622919136084181 -0.6472333724764323 0
0 153 0 1
153
-0.7470250712409962 -0.6647958656139376 0
0 154 0 1
154
-0.7313537016191706 -0.6819983600624984 0
0 155 0 1
155
-0.7152862910660518 -0.6988315403678996 0
0 156 0 1
156
-0.6988315403678999 -0.7152862910660516 0
0 157 0 1
157
-0.6819983600624986 -0.7313537016191703 0
0 158 0 1
158
-0.6647958656139378 -0.747025071240996 0
0 159 0 1
159
-0.6472333724764325 -0.7622919136084179 0
0 160 0 1
160
-0.6293203910498371 -0.7771459614569711 0
0 161 0 1
161
-0.6052939880428941 -0.7960020025346223 0
0 162 0 1
162
-0.5807029557109396 -0.8141155183563193 0
0 163 0 1
163
-0.5555702330196022 -0.8314696123025452 0
0 164 0 1
164
-0.529919264233205 -0.848048096156426 0
0 165 0 1
165
-0.5037739770455264 -0.8638355052043956 0
0 166 0 1
166
-0.4771587602596087 -0.8788171126619653 0
0 167 0 1
167
-0.4565804082611653 -0.8896821515530519 0
0 168 0 1
168
-0.4357548099170801 -0.9000654118641208 0
0 169 0 1
169
-0.4146932426562392 -0.9099612708765431 0
0 170 0 1
170
-0.3934071116888656 -0.9193643698080889 0
0 171 0 1
171
-0.3719079438303865 -0.9282696167148067 0
0 172 0 1
172
-0.3502073812594676 -0.9366721892483976 0
0 173 0 1
173
-0.3283171752135606 -0.9445675372676049 0
0 174 0 1
174
-0.3062491796254087 -0.9519513853021929 0
0 175 0 1
175
-0.2840153447039226 -0.9588197348681931 0
0 176 0 1
176
-0.2546019482055277 -0.9670459389139431 0
0 177 0 1
177
-0.2249510543438653 -0.9743700647852351 0
0 178 0 1
178
-0.1950903220161287 -0.9807852804032303 0
0 179 0 1
179
-0.1650476058606782 -0.9862856015372313 0
0 180 0 1
180
-0.1348509302737237 -0.9908658973868821 0
0 181 0 1
181
-0.1045284632676542 -0.9945218953682733 0
0 182 0 1
182
-0.08135867466785843 -0.9966848880445061 0
0 183 0 1
183
-0.05814482891047624 -0.9983081582712682 0
0 184 0 1
184
-0.03489949670250076 -0.9993908270190958 0
0 185 0 1
185
-0.01163526580139707 -0.9999323080037622 0
0 186 0 1
186
0.0116352658013967 -0.9999323080037622 0
0 187 0 1
187
0.03489949670250039 -0.9993908270190958 0
0 188 0 1
188
0.05814482891047587 -0.9983081582712682 0
0 189 0 1
189
0.08135867466785807 -0.9966848880445061 0
0 190 0 1
190
0.1045284632676539 -0.9945218953682733 0
0 191 0 1
191
0.1348509302737233 -0.9908658973868822 0
0 192 0 1
192
0.1650476058606778 -0.9862856015372313 0
0 193 0 1
193
0.1950903220161283 -0.9807852804032304 0
0 194 0 1
194
0.2249510543438649 -0.9743700647852352 0
0 195 0 1
195
0.2546019482055274 -0.9670459389139432 0
0 196 0 1
196
0.2840153447039223 -0.9588197348681932 0
0 197 0 1
197
0.3062491796254083 -0.951951385302193 0
0 198 0 1
198
0.3283171752135602 -0.944567537267605 0
0 199 0 1
199
0.3502073812594672 -0.9366721892483977 0
0 200 0 1
200
0.3719079438303862 -0.9282696167148068 0
0 201 0 1
201
0.3934071116888652 -0.9193643698080891 0
0 202 0 1
202
0.4146932426562389 -0.9099612708765432 0
0 203 0 1
203
0.4357548099170798 -0.9000654118641209 0
0 204 0 1
204
0.456580408261165 -0.8896821515530521 0
0 205 0 1
205
0.4771587602596083 -0.8788171126619654 0
0 206 0 1
206
0.5037739770455262 -0.8638355052043958 0
0 207 0 1
207
0.5299192642332047 -0.8480480961564262 0
0 208 0 1
208
0.5555702330196018 -0.8314696123025455 0
0 209 0 1
209
0.5807029557109393 -0.8141155183563196 0
0 210 0 1
210
0.6052939880428938 -0.7960020025346225 0
0 211 0 1
211
0.6293203910498368 -0.7771459614569713 0
0 212 0 1
212
0.6472333724764323 -0.7622919136084181 0
0 213 0 1
213
0.6647958656139376 -0.7470250712409963 0
0 214 0 1
214
0.6819983600624987 -0.7313537016191703 0
0 215 0 1
215
0.6988315403679 -0.7152862910660516 0
0 216 0 1
216
0.7152862910660512 -0.6988315403679002 0
0 217 0 1
217
0.73135370161917 -0.6819983600624989 0
0 218 0 1
218
0.747025071240996 -0.6647958656139379 0
0 219 0 1
219
0.7622919136084177 -0.6472333724764326 0
0 220 0 1
220
0.7771459614569711 -0.6293203910498372 0
0 221 0 1
221
0.7960020025346222 -0.6052939880428941 0
0 222 0 1
222
0.8141155183563192 -0.5807029557109397 0
0 223 0 1
223
0.8314696123025452 -0.5555702330196022 0
0 224 0 1
224
0.8480480961564258 -0.529919264233205 0
0 225 0 1
225
0.8638355052043956 -0.5037739770455265 0
0 226 0 1
226
0.8788171126619652 -0.4771587602596087 0
0 227 0 1
227
0.8896821515530519 -0.4565804082611654 0
0 228 0 1
228
0.9000654118641208 -0.4357548099170802 0
0 229 0 1
229
0.9099612708765431 -0.4146932426562393 0
0 230 0 1
230
0.9193643698080889 -0.3934071116888656 0
0 231 0 1
231
0.9282696167148067 -0.3719079438303866 0
0 232 0 1
232
0.9366721892483976 -0.3502073812594677 0
0 233 0 1
233
0.9445675372676049 -0.3283171752135606 0
0 234 0 1
234
0.9519513853021929 -0.3062491796254087 0
0 235 0 1
235
0.9588197348681931 -0.2840153447039227 0
0 236 0 1
236
0.9670459389139431 -0.2546019482055278 0
0 237 0 1
237
0.9743700647852351 -0.2249510543438653 0
0 238 0 1
238
0.9807852804032303 -0.1950903220161287 0
0 239 0 1
239
0.9862856015372313 -0.1650476058606782 0
0 240 0 1
240
0.9908658973868821 -0.1348509302737237 0
1 1 0 0
1 2 0 0
1 3 0 0
1 4 0 0
1 5 0 0
1 6 0 0
1 7 0 0
1 8 0 0
1 9 0 0
1 10 0 0
1 11 0 0
1 12 0 0
1 13 0 0
1 14 0 0
1 15 0 0
1 16 0 0
1 17 0 0
1 18 0 0
1 19 0 0
1 20 0 0
1 21 0 0
1 22 0 0
1 23 0 0
1 24 0 0
1 25 0 0
1 26 0 0
1 27 0 0
1 28 0 0
1 29 0 0
1 30 0 0
1 31 0 0
1 32 0 0
1 33 0 0
1 34 0 0
1 35 0 0
1 36 0 0
1 37 0 0
1 38 0 0
1 39 0 0
1 40 0 0
1 41 0 0
1 42 0 0
1 43 0 0
1 44 0 0
1 45 0 0
1 46 0 0
1 47 0 0
1 48 0 0
1 49 0 0
1 50 0 0
1 51 0 0
1 52 0 0
1 53 0 0
1 54 0 0
1 55 0 0
1 56 0 0
1 57 0 0
1 58 0 0
1 59 0 0
1 60 0 0
1 61 0 0
1 62 0 0
1 63 0 0
1 64 0 0
1 65 0 0
1 66 0 0
1 67 0 0
1 68 0 0
1 69 0 0
1 70 0 0
1 71 0 0
1 72 0 0
1 73 0 0
1 74 0 0
1 75 0 0
1 76 0 0
1 77 0 0
1 78 0 0
1 79 0 0
1 80 0 0
1 81 0 0
1 82 0 0
1 83 0 0
1 84 0 0
1 85 0 0
1 86 0 0
1 87 0 0
1 88 0 0
1 89 0 0
1 90 0 0
1 91 0 0
1 92 0 0
1 93 0 0
1 94 0 0
1 95 0 0
1 96 0 0
1 97 0 0
1 98 0 0
1 99 0 0
1 100 0 0
1 101 0 0
1 102 0 0
1 103 0 0
1 104 0 0
1 105 0 0
1 106 0 0
1 107 0 0
1 108 0 0
1 109 0 0
1 110 0 0
1 111 0 0
1 112 0 0
1 113 0 0
1 114 0 0
1 115 0 0
1 116 0 0
1 117 0 0
1 118 0 0
1 119 0 0
1 120 0 0
1 121 0 0
1 122 0 0
1 123 0 0
1 124 0 0
1 125 0 0
1 126 0 0
1 127 0 0
1 128 0 0
1 129 0 0
1 130 0 0
1 131 0 0
1 132 0 0
1 133 0 0
1 134 0 0
1 135 0 0
1 136 0 0
1 137 0 0
1 138 0 0
1 139 0 0
1 140 0 0
1 141 0 0
1 142 0 0
1 143 0 0
1 144 0 0
1 145 0 0
1 146 0 0
1 147 0 0
1 148 0 0
1 149 0 0
1 150 0 0
1 151 0 0
1 152 0 0
1 153 0 0
1 154 0 0
1 155 0 0
1 156 0 0
1 157 0 0
1 158 0 0
1 159 0 0
1 160 0 0
1 161 0 0
1 162 0 0
1 163 0 0
1 164 0 0
1 165 0 0
1 166 0 0
1 167 0 0
1 168 0 0
1 169 0 0
1 170 0 0
1 171 0 0
1 172 0 0
1 173 0 0
1 174 0 0
1 175 0 0
1 176 0 0
1 177 0 0
1 178 0 0
1 179 0 0
1 180 0 0
1 181 0 0
1 182 0 0
1 183 0 0
1 184 0 0
1 185 0 0
1 186 0 0
1 187 0 0
1 188 0 0
1 189 0 0
1 190 0 0
1 191 0 0
1 192 0 0
1 193 0 0
1 194 0 0
1 195 0 0
1 196 0 0
1 197 0 0
1 198 0 0
1 199 0 0
1 200 0 0
1 201 0 0
1 202 0 0
1 203 0 0
1 204 0 0
1 205 0 0
1 206 0 0
1 207 0 0
1 208 0 0
1 209 0 0
1 210 0 0
1 211 0 0
1 212 0 0
1 213 0 0
1 214 0 0
1 215 0 0
1 216 0 0
1 217 0 0
1 218 0 0
1 219 0 0
1 220 0 0
1 221 0 0
1 222 0 0
1 223 0 0
1 224 0 0
1 225 0 0
1 226 0 0
1 227 0 0
1 228 0 0
1 229 0 0
1 230 0 0
1 231 0 0
1 232 0 0
1 233 0 0
1 234 0 0
1 235 0 0
1 236 0 0
1 237 0 0
1 238 0 0
1 239 0 0
1 240 0 0
2 1 0 658
241
242
243
244
245
246
247
248
249
250
251
252
253
254
255
256
257
258
259
260
261
262
263
264
265
266
267
268
269
270
271
272
273
274
275
276
277
278
279
280
281
282
283
284
285
286
287
288
289
290
291
292
293
294
295
296
297
298
299
300
301
302
303
304
305
306
307
308
309
310
311
312
313
314
315
316
317
318
319
320
321
322
323
324
325
326
327
328
329
330
331
332
333
334
335
336
337
338
339
340
341
342
343
344
345
346
347
348
349
350
351
352
353
354
355
356
357
358
359
360
361
362
363
364
365
366
367
368
369
370
371
372
373
374
375
376
377
378
379
380
381
382
383
384
385
386
387
388
389
390
391
392
393
394
395
396
397
398
399
400
401
402
403
404
405
406
407
408
409
410
411
412
413
414
415
416
417
418
419
420
421
422
423
424
425
426
427
428
429
430
431
432
433
434
435
436
437
438
439
440
441
442
443
444
445
446
447
448
449
450
451
452
453
454
455
456
457
458
459
460
461
462
463
464
465
466
467
468
469
470
471
472
473
474
475
476
477
478
479
480
481
482
483
484
485
486
487
488
489
490
491
492
493
494
495
496
497
498
499
500
501
502
503
504
505
506
507
508
509
510
511
512
513
514
515
516
517
518
519
520
521
522
523
524
525
526
527
528
529
530
531
532
533
534
535
536
537
538
539
540
541
542
543
544
545
546
547
548
549
550
551
552
553
554
555
556
557
558
559
560
561
562
563
564
565
566
567
568
569
570
571
572
573
574
575
576
577
578
579
580
581
582
583
584
585
586
587
588
589
590
591
592
593
594
595
596
597
598
599
600
601
602
603
604
605
606
607
608
609
610
611
612
613
614
615
616
617
618
619
620
621
622
623
624
625
626
627
628
629
630
631
632
633
634
635
636
637
638
639
640
641
642
643
644
645
646
647
648
649
650
651
652
653
654
655
656
657
658
659
660
661
662
663
664
665
666
667
668
669
670
671
672
673
674
675
676
677
678
679
680
681
682
683
684
685
686
687
688
689
690
691
692
693
694
695
696
697
698
699
700
701
702
703
704
705
706
707
708
709
710
711
712
713
714
715
716
717
718
719
720
721
722
723
724
725
726
727
728
729
730
731
732
733
734
735
736
737
738
739
740
741
742
743
744
745
746
747
748
749
750
751
752
753
754
755
756
757
758
759
760
761
762
763
764
765
766
767
768
769
770
771
772
773
774
775
776
777
778
779
780
781
782
783
784
785
786
787
788
789
790
791
792
793
794
795
796
797
798
799
800
801
802
803
804
805
806
807
808
809
810
811
812
813
814
815
816
817
818
819
820
821
822
823
824
825
826
827
828
829
830
831
832
833
834
835
836
837
838
839
840
841
842
843
844
845
846
847
848
849
850
851
852
853
854
855
856
857
858
859
860
861
862
863
864
865
866
867
868
869
870
871
872
873
874
875
876
877
878
879
880
881
882
883
884
885
886
887
888
889
890
891
892
893
894
895
896
897
898
-0.3108885774438476 -0.9291480164949564 0
0.3108885774438472 0.9291480164949556 0
0.9291480164949565 -0.3108885774438477 0
-0.9291480164949555 0.3108885774438474 0
0.4371754418856301 -0.8768382844935977 0
-0.8768382844935969 -0.4371754418856297 0
0.8768382844935967 0.4371754418856296 0
-0.4376927071173201 0.8762298067728967 0
0.07271962561203114 -0.9753803333559701 0
-0.6427931457194254 -0.7394489272138375 0
0.7394489272138375 -0.6427931457194255 0
-0.06905670363869776 0.9770285317346231 0
0.9770285317346231 0.06905670363869784 0
-0.9770285317346232 -0.06905670363869823 0
-0.7394489272138373 0.6427931457194254 0
0.6427931457194253 0.7394489272138373 0
0.8491959838890385 -0.4698420399816062 0
0.2704455621209554 -0.9324490424945787 0
-0.9622981956623283 0.106821593523689 0
0.6049133065186578 -0.7559818528341653 0
0.1068215935236889 0.9622981956623283 0
0.9622981956623283 -0.106821593523689 0
0.755981852834165 0.6049133065186582 0
-0.6081504664102109 0.7582117969020854 0
-0.4700205915362133 -0.8487474922724051 0
-0.8505749319763554 0.4681071501412847 0
-0.9299264612053204 -0.269565292588016 0
0.4669458603615692 0.8481687530846131 0
-0.7581619205902657 -0.6077122673611492 0
-0.2695652925880161 0.9299264612053206 0
-0.1068215935236892 -0.9622981956623282 0
0.9326218267310518 0.271762761529058 0
-0.6765001645031642 0.7087420345716496 0
0.9107488990512187 0.3519690039714443 0
-0.896228490176288 0.395906854623535 0
0.672991444950171 -0.7081803992377986 0
-0.3507541156306593 0.9118160522873466 0
-0.9118160522873469 -0.3507541156306591 0
-0.02444497126616577 -0.974427515220687 0
-0.7063095087355218 -0.6717390988390894 0
0.7081803992377985 0.672991444950171 0
0.9766890333777871 -0.02483203198131722 0
0.3503130574900007 -0.9096083227364258 0
0.8934418155434944 -0.3876448177732929 0
-0.9766476247299842 0.02487130203730968 0
0.02488234819964467 0.9766359770092429 0
-0.3876448177732929 -0.8934418155434944 0
0.3959068546235351 0.8962284901762877 0
-0.1600787011491991 0.9592838327836324 0
-0.5180524615985383 0.8150233214180667 0
0.9487282883827565 0.1668134248208114 0
0.9475221657820985 -0.2192085941592434 0
0.2192085941592432 0.9475221657820985 0
-0.8126739135762907 -0.5171781067202279 0
0.8250032321734566 0.5149954653247153 0
0.5651233681377952 0.7915088383500621 0
-0.9592838327836324 -0.160078701149199 0
-0.2192085941592434 -0.9475221657820985 0
-0.9383348226291555 0.2118355054345059 0
0.5149954653247151 -0.8250032321734567 0
-0.555012887480039 -0.7859697825110565 0
0.7888071101027017 -0.5528973023352051 0
-0.7861642181217845 0.5553444309565095 0
0.1600787011491993 -0.9592838327836322 0
0.4725710071624505 -0.841883787644724 0
0.4693164567976244 -0.7835765404630642 0
0.9294598989713252 -0.2611435714578743 0
0.8859291344641714 -0.2222154362160843 0
-0.5952690249912584 -0.7578504827108709 0
-0.5466932943068082 -0.7347251394115467 0
-0.2614463312271577 -0.9288387200208694 0
-0.2208542509074463 -0.8935008012666619 0
0.1114985924693853 -0.9554075236476669 0
0.1335038188325986 -0.9049322637488327 0
0.7522917910141034 -0.5988505155663653 0
0.7231253313759907 -0.5457118254165307 0
-0.8411553390909546 -0.465856817423648 0
-0.780900069992813 -0.4592458186661032 0
-0.7583422645161886 0.5956560329539877 0
-0.730780559797843 0.5495181900310171 0
0.6008881932001301 0.7527420790553299 0
0.5419161327562551 0.7330127022217108 0
-0.9279286751125012 0.2599147233370846 0
-0.8848834057218272 0.2259630375575929 0
-0.4660887541086482 0.841445494111134 0
-0.4630087736293451 0.7833326418823459 0
0.955341185451443 0.108617823900194 0
0.8971932408095109 0.1254700360575448 0
0.8448388276228312 0.4746307320465102 0
0.7847337552018409 0.4703344954298354 0
-0.9528966338999858 -0.1077596685987716 0
-0.9035299604425647 -0.1337301086808744 0
-0.1074953699549252 0.957100442851589 0
-0.135142602632965 0.9015021530460934 0
0.262134752508828 0.9250600305625013 0
0.2222154362160843 0.8859291344641717 0
0.8929845665448342 -0.3381882583897915 0
0.8381706400292785 -0.371960364530665 0
-0.3381882583897917 -0.892984566544834 0
-0.3737938015253621 -0.8380421016229467 0
0.3096824606869822 -0.9032660226881342 0
0.3477533031709611 -0.8488616604758723 0
0.2789240696568413 -0.8391442337740745 0
0.3180035238049678 -0.7816250127603702 0
0.2417436233914299 -0.7755376000022014 0
0.2866230224194636 -0.7135156267545204 0
0.2079552680273082 -0.7075307940982887 0
0.2550081260150254 -0.6429351067253679 0
0.1775482794647439 -0.6361688045567323 0
0.2230828595633878 -0.570856726681263 0
0.1429314007643425 -0.562990556082444 0
0.1897193327025439 -0.4965778166552172 0
0.1071911140211729 -0.4886797893476335 0
0.1548641164142828 -0.4198948779036851 0
0.07038026805405317 -0.4111633094481001 0
0.1187005319311002 -0.3407328737193246 0
0.03209280943357157 -0.3318755825971196 0
0.08529663427019657 -0.2578317024928941 0
-0.006266998223659155 -0.2505979587315593 0
0.04910256514022222 -0.1738201190482726 0
-0.04765037264997612 -0.1663174859648248 0
0.008830526951405631 -0.08868579213621421 0
-0.08726011362521968 -0.07993148368142923 0
-0.03184104371716218 -0.0008664365897828044 0
0.06576585772932873 -0.01031488923288559 0
0.02453332826573985 0.07839174938049187 0
-0.1285819873311937 0.007223830942928589 0
0.1735232795711452 -0.2680245571475517 0
0.1220557821435309 0.06881802798070749 0
0.08159319208564147 0.1563113690771914 0
-0.1826966371453758 -0.07092627843084341 0
-0.2229297007715109 0.01503573733519585 0
0.1766956185155842 0.1467987036492422 0
-0.05849284640106529 -0.3270304160294705 0
0.1362016656219281 0.2335808765475581 0
0.03726316815351658 0.243240278079824 0
-0.2771060667067876 -0.06236027672555899 0
-0.3155101092630556 0.0216913333610161 0
0.2298163296289392 0.2232496333381413 0
0.2682293082704678 0.142954161931793 0
0.1928050369399893 0.3069183645874554 0
-0.3672023956903065 -0.05362447275166474 0
0.2714014371143048 -0.5006898717733335 0
0.2815656849559739 0.2973792909114748 0
-0.4056614343176034 0.02810903073570413 0
-0.3552143151640976 0.10242015957723 0
0.2459455507555567 0.3774520015005913 0
0.06198339774239277 -0.5550376792550173 0
-0.4431356593575522 0.1083183364237596 0
-0.3947759416511871 0.1806813201663056 0
0.331551479543599 0.369291059475756 0
-0.4562027384819505 -0.04483958156707972 0
-0.4191248408792253 -0.1251268571940947 0
-0.4807007610326275 0.1867434981849451 0
-0.4325277744028276 0.2585060090599335 0
0.2965715086054257 0.4468653358470016 0
0.2119946172848056 0.4560900738951784 0
-0.5053029881828879 -0.1160311667195767 0
-0.4700087014165434 -0.1939374638935549 0
-0.5538736506497353 -0.185121890038662 0
-0.5190757448534153 -0.2614417964195691 0
0.3810582503709775 0.438358479226353 0
0.4157434478079553 0.3623281920349693 0
-0.3472612864075907 0.2523116448423 0
-0.3845444737283015 0.3302179793388357 0
-0.4358498571936942 -0.2706439545037068 0
-0.4847835961161788 -0.3379612702896777 0
-0.4019770058468756 -0.3470092507111766 0
-0.2996566978411632 0.3238922091539554 0
-0.3370530265597422 0.4008187620978664 0
-0.2522913941555069 0.3950968838497758 0
-0.2901832947370585 0.4708045387605086 0
-0.2060118126634017 0.4658727301435654 0
-0.2433293677196569 0.5405061885399598 0
-0.1602210037032553 0.5358782999189493 0
-0.3722076801000518 0.4777524664803859 0
-0.5890636010430399 -0.1096638806193613 0
0.2619622388030793 0.5238556208476882 0
0.1798768057969831 0.5326716195693353 0
-0.5170640457523501 0.2638824531349921 0
-0.5641458424573065 0.1942331026986257 0
-0.4505961364081845 -0.4138446689043298 0
-0.3684786796763859 -0.4227623741046312 0
0.4638287428918582 0.4301061934869863 0
0.4990245886615559 0.3550900214486581 0
-0.6000241293236954 0.2688030317158662 0
0.1277173271054674 -0.6984074126979092 0
-0.6360352548463561 -0.1768848645777354 0
-0.1965360289542036 0.609622877353582 0
-0.1142312417119095 0.605002554765411 0
0.3308712898233691 -0.6603894936881597 0
-0.4168549722857121 -0.4897785397742201 0
-0.3352656111277036 -0.4980689653415095 0
-0.493858139372011 -0.4806260443936028 0
0.2282519143724871 0.599624169349469 0
0.1407608218943718 0.6014056433368651 0
0.3095432640385776 0.5906804764131366 0
-0.6705997488103769 -0.1043275030285855 0
-0.5525395458561129 0.3378155138759903 0
-0.07758741743980113 0.5310799398867585 0
-0.3821146680401978 -0.5641647278694424 0
-0.3020171552613605 -0.5724623195162868 0
-0.6423963340270413 0.2031059064231417 0
-0.5664714196121544 -0.3256847869877837 0
0.1564857959217469 -0.02189309636494658 0
-0.2786023542956433 0.6143366583755089 0
0.4514367897316151 0.2870864482364636 0
0.5345579765994053 0.2799769521281176 0
0.4871620593618594 0.2128505075967621 0
0.5696368593761714 0.2055578378413132 0
0.5226437234625448 0.138018560866224 0
0.6046658450689035 0.1314189157495911 0
0.5580447997356208 0.06351377980780497 0
0.6395790343709185 0.0570460958380819 0
0.5932311503706533 -0.0107491069152221 0
0.5107149057820217 -0.004498211536856945 0
0.546547688908165 -0.07955143337884908 0
0.6518431263119002 0.1929241749715691 0
0.4629751527809964 -0.0734403856663525 0
0.4998464937261332 -0.1490822050686959 0
0.5823059182721426 -0.1560834558604594 0
0.5364736822947875 -0.2247174495790364 0
0.674297990715283 -0.01643601135844541 0
0.4532310159996812 -0.218850246748189 0
0.4910255397261046 -0.2933462975167854 0
0.5726775957733065 -0.2989645730247402 0
0.528317109670319 -0.3665392794549452 0
-0.2328627960248081 0.6815395729184457 0
-0.6793824164016843 0.270797277396543 0
-0.2544595307200389 -0.506855820110244 0
-0.2213606280219679 -0.5815439579408745 0
-0.2367034185998327 -0.1476191720995573 0
0.5452945527342792 0.4220251669241898 0
-0.1695723382893144 0.09351826546714698 0
0.5112495436454964 0.4950132801469528 0
0.2763887772153839 0.6644190043655283 0
-0.3153151297109336 -0.3627567594115004 0
-0.213678864047134 0.318303248375341 0
-0.6233421167652019 0.1140942362758655 0
-0.6974624864082348 0.1460028331641199 0
0.1285260477926525 0.4667540223925467 0
0.4069879043794725 -0.2887835765709535 0
0.610927242695521 -0.3690723155967881 0
0.5751001802592784 -0.4455110613629011 0
0.6529211480122769 -0.3046984955014853 0
-0.1730650173350277 -0.5183332268905478 0
-0.139850051750708 -0.5910096079048022 0
-0.1881383553095727 -0.6558460126221217 0
-0.1086652369454583 -0.6653402816805101 0
0.3686341001768604 -0.2132438859392319 0
0.4867156871427215 -0.4350043739601426 0
0.522854197618522 -0.5101697448002063 0
-0.7158406318928898 -0.1700052324909046 0
0.589994255946829 0.4851503091007812 0
0.6201408081736181 0.4146499108000071 0
0.3571889449060288 0.6531113625251314 0
0.7178247845061955 0.04939401411153405 0
0.751819809054789 -0.0232125207489697 0
-0.3490877869368039 -0.6355080540943299 0
0.3241672794912703 0.7295066354972475 0
-0.3121030169009736 0.6866403640927357 0
-0.2690191532579559 0.7518846968654872 0
-0.1756990173092954 0.7570366952501448 0
-0.7492562264942887 -0.09845514558448105 0
0.427734308288691 0.001753179903451076 0
0.5511038749446442 0.552860290998511 0
-0.1554936767746973 -0.7240571472964238 0
-0.07701589348725205 -0.7334714663921578 0
-0.03257699958409239 0.6002327333863292 0
0.2512718290241417 0.7383815320792682 0
-0.6823179951607822 -0.2418927884831113 0
-0.7594220348500387 -0.2335364012557133 0
-0.7277437375852006 -0.3099356455001529 0
-0.2336094749773591 -0.7157755402558714 0
-0.357181507890587 0.6219322652232578 0
-0.06914686801117684 0.6730148466906251 0
0.4426639009039807 -0.5018533489374475 0
0.4795139634882213 -0.574321569310946 0
0.5553392085799619 -0.5835229696458691 0
0.7090350979357867 -0.08902085050062997 0
0.7838162989741257 -0.09132533909462803 0
0.7440300900050124 -0.1573407391870944 0
-0.7048336959046204 -0.03362688575769671 0
-0.7812813203097151 -0.0287829794346185 0
0.01088017995717441 0.6686972340260058 0
-0.02262083401752121 0.7377295532200132 0
0.05326346382763768 0.7360284337137966 0
0.02548648411256893 0.8106940400282736 0
-0.4273919746390315 -0.6288298062077324 0
0.8211315635866919 -0.03080386251297081 0
0.6908148990737519 -0.3705523658384304 0
0.1035222260745671 0.8010743124459618 0
0.4052117427412233 -0.4300365044523068 0
0.5213154563838248 -0.6474178080816512 0
0.3778377655866408 -0.06711614783827471 0
-0.0635464560577417 -0.9583843407204184 0
-0.01423501801584324 -0.9168907484370891 0
-0.09526531078364719 -0.9033854272716986 0
-0.891333247136521 -0.3867112708135821 0
-0.8576840978244832 0.4197269618918805 0
-0.8511403016901405 0.3510198390332605 0
-0.7914279702567676 0.3955825972503551 0
-0.9795141525515663 -0.02279844496356158 0
0.631774228907492 -0.7159986437754815 0
0.3402983852845579 0.8986127762437561 0
-0.7159986437754808 -0.6317742289074921 0
-0.6511664863734421 -0.6461274529968806 0
-0.6659170287600382 -0.579677894148424 0
-0.6012963954364028 -0.5924084797070058 0
-0.6145072161632479 -0.5246478048739336 0
-0.7093237236092155 0.6730751367988613 0
-0.6550414884423198 0.6482860422886985 0
0.7159986437754808 0.6317742289074922 0
0.7123836512038851 0.5635014108864501 0
-0.9032660226881339 -0.3096824606869821 0
0.979514152551566 0.02279844496356153 0
-0.02279844496356131 0.979514152551566 0
0.8962284901762878 0.3959068546235346 0
0.8492841289361808 0.3551041342423605 0
-0.6317742289074924 0.7159986437754808 0
-0.5828376339474184 0.6640365340549306 0
-0.6007700172662729 0.5957053926519166 0
-0.5247492269907343 0.6135469328191483 0
-0.5505538657540463 0.5431107786623582 0
0.05955565489462378 0.9530193377734035 0
0.6983730944914223 -0.675496547227049 0
0.9530193377734035 -0.05955565489462362 0
-0.3959068546235344 0.8962284901762881 0
-0.9530193377734036 0.05955565489462365 0
-0.9089233088837714 0.1042729246189199 0
0.6754965472270487 0.6983730944914222 0
0.4197269618918805 0.857684097824483 0
0.4405709643469448 0.7979927554612215 0
0.9032660226881342 0.3096824606869818 0
0.8350490905791489 0.2857813803191564 0
0.7799629885754933 0.3269789446183292 0
-0.3096824606869819 0.9032660226881341 0
-0.2080705271760723 -0.4491695244410089 0
0.4408650397791629 0.1417991748311092 0
-0.09197688967512455 -0.5282298026959154 0
0.4709612625851236 0.5645540892737116 0
-0.03008252915230421 -0.6753552429061358 0
0.0008420193115031129 -0.74561558610173 0
-0.2513887563713623 0.879044200523052 0
-0.3901711649616214 -0.7098208542430057 0
0.7290421220433358 -0.3184898270596156 0
0.3232914300714224 -0.2850799955988834 0
-0.4371754418856307 -0.8768382844935972 0
0.8768382844935971 -0.4371754418856309 0
0.7633336422659225 0.2578540277936885 0
0.7063176018141866 0.3020042061769298 0
-0.3462297569838373 0.7583601405212117 0
-0.6191700802646183 0.5236356274863754 0
-0.5701086805930587 0.4709324241127913 0
-0.6431282522217817 0.4551371420756199 0
-0.4801527409761036 0.5539686048254022 0
0.3436072277350917 0.007167122431775427 0
0.6909678230543622 -0.6088309401185072 0
-0.8265813517890744 -0.4051012473699482 0
0.6083372046573251 0.6919665246335583 0
-0.06070002049789133 0.9220651140159632 0
-0.9285524206026198 -0.0506169273269135 0
0.005014312151709071 0.5266893130950041 0
-0.03828691243618739 0.4559346870547146 0
-0.08592521638747923 0.8524112117469638 0
0.2867268228063171 -0.2094032285557779 0
0.1301265981838128 0.7331990664876127 0
0.9202234683814854 0.05488754876507423 0
0.8452053205931875 0.08267847675548455 0
0.8310150639086463 0.1513701351659398 0
0.6576236693520472 -0.5401009642963094 0
-0.8799694963032394 -0.2510279385285939 0
-0.04881027867205531 -0.8570122772532461 0
0.01531383141457193 -0.8487592178107831 0
0.9115686343122142 -0.1026044160942242 0
0.2872435352104828 -0.06874862774157803 0
0.7234696305794281 0.3695184928670031 0
-0.7806793901007554 0.3297940408013654 0
-0.7206307394113518 0.3756813282415399 0
0.2956173766671777 0.7987684861536838 0
-0.512203718324062 0.6838658643855626 0
0.5442929974323281 0.6704494733846952 0
0.4857099137757392 0.6876334556525803 0
-0.3061404519399871 -0.8322884997933164 0
0.8374446803828036 -0.3075997170817957 0
-0.1194560302596714 -0.8280621491258533 0
-0.7390254948835091 0.03232633338899339 0
-0.812176206163161 0.03796725522100826 0
0.6946512360029359 -0.4805815379130151 0
-0.6613211342922636 0.03125353862458728 0
0.1711200772587455 0.7981130040596865 0
-0.7508055152439574 -0.3937805509779344 0
-0.710871918266801 -0.4546980978721791 0
-0.6808257260873779 -0.3847287499283834 0
0.3996735520131469 -0.5674162957592332 0
-0.9128810062538152 0.3503489755586217 0
0.3959068546235345 -0.8962284901762881 0
0.02279844496356104 -0.9795141525515663 0
-0.6765001645031641 -0.7087420345716496 0
0.09981596168464987 0.9110190232965207 0
0.2154638513860741 -0.8426491055489104 0
-0.7312481181940063 0.4461106595776491 0
-0.186157227216519 -0.789010665650698 0
0.667783272863226 0.4806287636165741 0
-0.3348008431806455 -0.7700904296997184 0
0.7093385394279358 -0.2411886272190425 0
-0.1518049506881971 0.8324964629928566 0
0.6518794026704038 0.6009371782825503 0
-0.8377593521862163 -0.2927027204501046 0
0.3900918788432065 0.5816475068769865 0
0.8209687924403941 -0.165335511180825 0
-0.832789910913217 -0.1032595870217985 0
0.5665374897856378 -0.7089413653632883 0
0.5934718030210586 -0.6518076970274578 0
0.7664679942327535 -0.4821423833162291 0
0.8852395127737729 0.1888656757730369 0
-0.7470796017971418 -0.5121502319614677 0
-0.7680991026128223 0.1052388121438279 0
-0.7618325310893459 0.1841297953794731 0
-0.8249652327473918 0.1580129759530872 0
-0.3047389632394657 0.8281569914936332 0
0.4153201014546284 0.7222394147561753 0
-0.09413693560354103 0.7408996016051971 0
-0.4642566663066785 -0.6924719429344381 0
-0.4413872419831806 -0.7607855391705938 0
-0.5111038322512536 -0.623368821659548 0
0.7772690728893287 -0.21770218548474 0
0.03602159231337675 0.8858750999747796 0
-0.3927640549743582 0.8289514269216637 0
0.04904900671603056 -0.6872284364465903 0
-0.6480444331370793 -0.3153977836503924 0
-0.8317199015318264 0.2767428614451941 0
0.3924314536483068 -0.7822077444890716 0
-0.5782179899720524 -0.6546504478150532 0
0.3710672706796115 0.7909424236115421 0
0.6850829849048088 0.1217544702150686 0
-0.1471021479358224 0.6778526914305676 0
-0.5288381133473545 -0.4016776362404313 0
-0.7937214870997739 -0.1640753251429604 0
0.4960167874336817 -0.7162750800739879 0
0.4433309765919212 -0.6492061222901069 0
0.664079182820961 -0.1654531114505651 0
-0.4205379632464296 0.4070064844336005 0
-0.4688671103872732 0.3372628846926782 0
-0.5105101327406555 0.4182822670098921 0
-0.6466727777086637 0.3378737188400855 0
-0.5382483628948946 -0.5455917152240781 0
0.6287263121435335 0.2726752355167266 0
-0.4922178231064765 0.03562786563131688 0
-0.5424371298362642 -0.03545136453856493 0
-0.26845741966431 -0.6436329185695174 0
-0.4496682621889117 0.4854498585636385 0
-0.1436455036326004 -0.1570558249268158 0
-0.1996463125734186 -0.2324332059469212 0
-0.2904928386813582 -0.2192381217256645 0
-0.3294290295078411 -0.1351494600810839 0
0.2178818800787463 0.05405411732792849 0
-0.1009566422929185 -0.2433699107740905 0
-0.1444948660396303 -0.3182150186166469 0
-0.09289247573105502 -0.3956511592616801 0
0.3177440242350361 0.2184403780750709 0
0.5805373427404176 0.3481878992429273 0
-0.07346410166914814 0.0862542418996541 0
-0.114510444239448 0.1717477410479779 0
-0.211467415976699 0.1737951094548745 0
-0.01790302295678507 0.1645246534803478 0
-0.05741886693679275 0.2498461865263981 0
-0.003649903696404703 0.3242132873032482 0
-0.1004021707602669 0.3349592720956822 0
0.09329983338920256 0.3187253693086954 0
0.04554931010713624 0.4037684655565747 0
-0.2392603251610333 -0.3134790154999733 0
0.1887506859926407 0.6769476845076536 0
-0.3850936934846603 0.6930645891445574 0
-0.5788098840278031 0.03709269141629757 0
-0.2638284237364337 0.09688972853522999 0
-0.4441916429650081 0.6334776613434553 0
0.1061159551354284 -0.09793102308772458 0
0.199496961468658 -0.1087757021003204 0
-0.323614453858147 0.5478474948320751 0
0.6282495048371652 -0.08621566157736184 0
0.0525460316685116 0.6004299479479739 0
0.3464509585446749 0.5136956725859581 0
0.4272734394802228 0.5038958702661579 0
-0.5303920144578278 0.1126849551051351 0
0.6183647883433497 -0.2324246074968346 0
0.7638739028425708 0.1119500371769334 0
0.07788806305586378 -0.7548279804886711 0
0.1603253147799732 -0.7800450770847235 0
0.08918868717309678 0.6665259313943555 0
-0.06113685798777282 -0.6038831418139168 0
-0.3859446164895363 -0.2029278599899634 0
-0.6009697497099203 -0.2510706516928756 0
0.7818986053833008 0.3989761813020855 0
-0.6677344548759884 0.5694525598391833 0
0.3617604796043527 -0.3588791588656624 0
0.2797967230665987 -0.3576720780969396 0
0.3164255694989618 -0.4307109396454442 0
0.3672260653669631 0.2922805749710589 0
0.3579623096477583 -0.7251514983829959 0
0.1598555631401344 0.386510454874447 0
0.7450241969366586 0.1838065517766384 0
0.0937337220540166 -0.8331048953330963 0
-0.1672042987012823 0.3899182697396547 0
0.02336352905034816 -0.4813619367937257 0
-0.01313830216352774 -0.4030038313948305 0
0.3562451091472987 -0.5014543496227476 0
0.1375740830135499 -0.1858607314365174 0
0.4766208126035734 0.06920463942839167 0
-0.6251954850504576 -0.03929181885174511 0
-0.3448066288472385 -0.2860091603069975 0
0.4157671818823018 -0.143275917272105 0
0.3176049831872377 -0.581368976349883 0
0.4479386225726807 -0.3620469544418541 0
-0.4604700967796073 -0.557136271212101 0
-0.3082766629539249 0.1748777660159166 0
-0.7595346434835317 0.2587643332732862 0
-0.1256400710789214 0.4632858125201748 0
-0.2872311532695965 -0.4368501377579481 0
-0.6419029592038068 -0.4529015025619108 0
-0.1517528722604112 0.2544114457985386 0
0.7606235450332637 -0.3774043971002246 0
-0.2618836669994954 0.2471513135655274 0
0.3556480744418247 0.1410785911217654 0
0.4039092822788928 0.2166089368398234 0
-0.881162052454094 0.04683999999002595 0
0.09602141121038925 -0.626306517591685 0
0.332357762083836 -0.1385481727502272 0
0.06219043104718878 -0.9162841621264292 0
0.4366209280113461 0.638168097886354 0
0.2349256431405341 -0.4276168214830034 0
0.6368693205821451 -0.4859616804172475 0
0.6564006492400621 0.3526912811224647 0
-0.4023867001697878 0.5574936034488192 0
-0.5977665977895745 0.402457339365162 0
-0.3101931089447571 -0.7061684682980439 0
-0.220026812442848 0.8146533741372088 0
0.7904011757897882 0.03812161472369108 0
0.09619363472363311 0.5353734353846304 0
-0.5171692174799285 0.7485979639230257 0
0.01705317449795183 -0.616236147241127 0
-0.8544374315502595 -0.0272684110719586 0
-0.5694197238092573 -0.4659134531316734 0
-0.6059170625328383 -0.3910506520834291 0
-0.2101886189748227 0.9330833512816648 0
0.9430286629884239 -0.163778842206838 0
0.5107599724695381 0.8082466268793668 0
0.7766232018219681 0.5509516450579797 0
0.1630101668781414 0.9424046720385042 0
-0.9501005528877282 0.1550736935448179 0
-0.9306662069494285 -0.2109348385664838 0
-0.5019210341289039 -0.8057688104010809 0
0.551526555927824 -0.7738524997377411 0
-0.1622711873519365 -0.9423969308857129 0
0.2148528230505094 -0.9246763567559343 0
-0.8202643963895402 0.5084096603607926 0
0.4256970330380723 -0.7279997522858963 0
0.201345985628983 -0.3501150102235862 0
-0.014269316091154 -0.5441996531742275 0
0.6316866068752622 0.5417417472402344 0
0.3943936242050341 0.07361150640916291 0
-0.6910263270177259 0.5067541644797735 0
-0.4084104571156396 0.7541954341802376 0
0.7338678399670697 0.5005093358433245 0
0.7284942173306758 0.4381798685316694 0
-0.2693503033220877 -0.774853866636511 0
-0.8601353862811667 -0.1805781580129437 0
-0.1682106100072809 -0.8676047738192512 0
0.1530732458726441 0.8591491072275238 0
0.2274369389633936 0.8167313647583196 0
0.2842274867585223 0.8705304229505471 0
0.8873564922921546 -0.04429316732128567 0
0.2462048583369893 -0.2842332453876968 0
0.8122381829999152 -0.4325382092113739 0
-0.8228672961960133 0.2146062885521164 0
0.8244304028381234 0.2210231224532727 0
0.04999390181103374 0.4770791642150353 0
0.5929531537578916 0.6185120875643766 0
-0.7926811264071922 -0.3397230137021279 0
-0.04879203712600171 -0.4689051244521927 0
0.6221366877519268 -0.5953591111138984 0
-0.4511407619267296 0.7087834565289033 0
0.7307382829695286 -0.430975703541597 0
-0.020092781075285 0.8665701510032586 0
-0.4300737443613966 -0.8184777486009865 0
0.307945346818228 0.07100160931927202 0
-0.8193844405659778 -0.227673983919369 0
0.8228660692696822 -0.5038119155918211 0
0.9393874032220829 0.2229351643685147 0
-0.7833123963737865 -0.5650326101145303 0
0.65651686026386 -0.4304424441116632 0
-0.04842412549210427 0.8006073953814109 0
0.8657145728818223 0.015505869977921 0
-0.04026373166306475 0.3839813320775252 0
0.8815605660065705 -0.1480528335896017 0
0.699597095486495 0.2396131765000457 0
-0.6839938216083927 -0.5167826699005579 0
-0.1281443374507316 -0.4625330846132183 0
-0.2431115204008271 -0.390301385255014 0
0.8510670579353584 -0.09706918829892254 0
0.2762749470932914 0.003967277819820214 0
0.4788554169606211 0.749824990994211 0
-0.1928474700133188 0.8723138998809284 0
-0.8372528672839559 0.1009432289540426 0
-0.7081216822819676 0.2125600291273128 0
-0.04511452988308831 -0.7969429022376772 0
0.2160482440863995 -0.2020879750474334 0
0.5949872106906469 -0.5267709219394052 0
-0.2393380093205364 -0.8381165560589998 0
-0.2794759798714611 -0.8858128600299395 0
-0.7181672094529853 0.3153413941762532 0
-0.6636401976171755 0.394702970276593 0
0.3799040241973606 -0.6270979820353531 0
0.2643746651311387 -0.1455127412390674 0
0.1901428669844559 0.7458915487227058 0
-0.5703569321590424 0.7236370801427344 0
-0.3916617530285664 -0.7802108011713609 0
-0.5144185376643459 0.4939364770197209 0
0.4191924195480846 -0.8382660846237695 0
0.8845723639104289 -0.2804008025196564 0
0.8309540166759907 -0.245921741298549 0
-0.6025970607484128 -0.7030853570010435 0
-0.528926889260385 -0.6835549870147082 0
-0.889616884467511 0.2958130023959335 0
0.7795422732844494 -0.2789569653093292 0
-0.8826474619759621 0.1675050784518708 0
0.8867386243080158 0.2524234379129574 0
-0.8845111777413776 -0.08395325360354364 0
0.3511407226508808 0.8521277828267166 0
0.5038774448581578 0.6203972126865008 0
-0.6978500669924064 0.08578315071947878 0
0.679257715637402 0.4111336633875436 0
0.0345234378144521 -0.7930784451693503 0
-0.494350003533504 -0.7527354474770226 0
-0.17094332823755 -0.3887277011288998 0
-0.7809741898977155 -0.285784482712625 0
0.0813733564376449 0.853763751147194 0
-0.1055610179350986 0.7998590952388432 0
-0.5650423220601651 0.7838653279399141 0
0.2578737533802725 -0.8884369522523263 0
-0.8008826685655452 0.4557679728484598 0
0.1597404269961989 -0.8556762812906159 0
0.7889646521546263 -0.3308822542163261 0
-0.09726502109984639 0.4043058957489377 0
-0.1211987953031665 -0.7726011738106188 0
0.6599821198879257 0.6522488684828199 0
0.6516727403098276 -0.6603187850277167 0
0.007857287852431429 0.9296510784363625 0
-0.8605728587490807 -0.3474458047755673 0
-0.3501217436421497 0.870314842689252 0
-0.929720964760811 0.007791010878422149 0
0.9299694166476276 -0.007555390542467406 0
0.2261150508946617 -0.03580179855131848 0
-0.724735071118265 -0.5726584960195331 0
-0.7583568905108965 0.5016565496594421 0
0.838970348635673 0.4220213065883259 0
-0.7101119030758987 0.6131301846051955 0
0.3906825424170303 -0.6787791098305913 0
$EndNodes
$Elements
241 1794 1 1794
1 1 1 1
1 1 2 
1 2 1 1
2 2 3 
1 3 1 1
3 3 4 
1 4 1 1
4 4 5 
1 5 1 1
5 5 6 
1 6 1 1
6 6 7 
1 7 1 1
7 7 8 
1 8 1 1
8 8 9 
1 9 1 1
9 9 10 
1 10 1 1
10 10 11 
1 11 1 1
11 11 12 
1 12 1 1
12 12 13 
1 13 1 1
13 13 14 
1 14 1 1
14 14 15 
1 15 1 1
15 15 16 
1 16 1 1
16 16 17 
1 17 1 1
17 17 18 
1 18 1 1
18 18 19 
1 19 1 1
19 19 20 
1 20 1 1
20 20 21 
1 21 1 1
21 21 22 
1 22 1 1
22 22 23 
1 23 1 1
23 23 24 
1 24 1 1
24 24 25 
1 25 1 1
25 25 26 
1 26 1 1
26 26 27 
1 27 1 1
27 27 28 
1 28 1 1
28 28 29 
1 29 1 1
29 29 30 
1 30 1 1
30 30 31 
1 31 1 1
31 31 32 
1 32 1 1
32 32 33 
1 33 1 1
33 33 34 
1 34 1 1
34 34 35 
1 35 1 1
35 35 36 
1 36 1 1
36 36 37 
1 37 1 1
37 37 38 
1 38 1 1
38 38 39 
1 39 1 1
39 39 40 
1 40 1 1
40 40 41 
1 41 1 1
41 41 42 
1 42 1 1
42 42 43 
1 43 1 1
43 43 44 
1 44 1 1
44 44 45 
1 45 1 1
45 45 46 
1 46 1 1
46 46 47 
1 47 1 1
47 47 48 
1 48 1 1
48 48 49 
1 49 1 1
49 49 50 
1 50 1 1
50 50 51 
1 51 1 1
51 51 52 
1 52 1 1
52 52 53 
1 53 1 1
53 53 54 
1 54 1 1
54 54 55 
1 55 1 1
55 55 56 
1 56 1 1
56 56 57 
1 57 1 1
57 57 58 
1 58 1 1
58 58 59 
1 59 1 1
59 59 60 
1 60 1 1
60 60 61 
1 61 1 1
61 61 62 
1 62 1 1
62 62 63 
1 63 1 1
63 63 64 
1 64 1 1
64 64 65 
1 65 1 1
65 65 66 
1 66 1 1
66 66 67 
1 67 1 1
67 67 68 
1 68 1 1
68 68 69 
1 69 1 1
69 69 70 
1 70 1 1
70 70 71 
1 71 1 1
71 71 72 
1 72 1 1
72 72 73 
1 73 1 1
73 73 74 
1 74 1 1
74 74 75 
1 75 1 1
75 75 76 
1 76 1 1
76 76 77 
1 77 1 1
77 77 78 
1 78 1 1
78 78 79 
1 79 1 1
79 79 80 
1 80 1 1
80 80 81 
1 81 1 1
81 81 82 
1 82 1 1
82 82 83 
1 83 1 1
83 83 84 
1 84 1 1
84 84 85 
1 85 1 1
85 85 86 
1 86 1 1
86 86 87 
1 87 1 1
87 87 88 
1 88 1 1
88 88 89 
1 89 1 1
89 89 90 
1 90 1 1
90 90 91 
1 91 1 1
91 91 92 
1 92 1 1
92 92 93 
1 93 1 1
93 93 94 
1 94 1 1
94 94 95 
1 95 1 1
95 95 96 
1 96 1 1
96 96 97 
1 97 1 1
97 97 98 
1 98 1 1
98 98 99 
1 99 1 1
99 99 100 
1 100 1 1
100 100 101 
1 101 1 1
101 101 102 
1 102 1 1
102 102 103 
1 103 1 1
103 103 104 
1 104 1 1
104 104 105 
1 105 1 1
105 105 106 
1 106 1 1
106 106 107 
1 107 1 1
107 107 108 
1 108 1 1
108 108 109 
1 109 1 1
109 109 110 
1 110 1 1
110 110 111 
1 111 1 1
111 111 112 
1 112 1 1
112 112 113 
1 113 1 1
113 113 114 
1 114 1 1
114 114 115 
1 115 1 1
115 115 116 
1 116 1 1
116 116 117 
1 117 1 1
117 117 118 
1 118 1 1
118 118 119 
1 119 1 1
119 119 120 
1 120 1 1
120 120 121 
1 121 1 1
121 121 122 
1 122 1 1
122 122 123 
1 123 1 1
123 123 124 
1 124 1 1
124 124 125 
1 125 1 1
125 125 126 
1 126 1 1
126 126 127 
1 127 1 1
127 127 128 
1 128 1 1
128 128 129 
1 129 1 1
129 129 130 
1 130 1 1
130 130 131 
1 131 1 1
131 131 132 
1 132 1 1
132 132 133 
1 133 1 1
133 133 134 
1 134 1 1
134 134 135 
1 135 1 1
135 135 136 
1 136 1 1
136 136 137 
1 137 1 1
137 137 138 
1 138 1 1
138 138 139 
1 139 1 1
139 139 140 
1 140 1 1
140 140 141 
1 141 1 1
141 141 142 
1 142 1 1
142 142 143 
1 143 1 1
143 143 144 
1 144 1 1
144 144 145 
1 145 1 1
145 145 146 
1 146 1 1
146 146 147 
1 147 1 1
147 147 148 
1 148 1 1
148 148 149 
1 149 1 1
149 149 150 
1 150 1 1
150 150 151 
1 151 1 1
151 151 152 
1 152 1 1
152 152 153 
1 153 1 1
153 153 154 
1 154 1 1
154 154 155 
1 155 1 1
155 155 156 
1 156 1 1
156 156 157 
1 157 1 1
157 157 158 
1 158 1 1
158 158 159 
1 159 1 1
159 159 160 
1 160 1 1
160 160 161 
1 161 1 1
161 161 162 
1 162 1 1
162 162 163 
1 163 1 1
163 163 164 
1 164 1 1
164 164 165 
1 165 1 1
165 165 166 
1 166 1 1
166 166 167 
1 167 1 1
167 167 168 
1 168 1 1
168 168 169 
1 169 1 1
169 169 170 
1 170 1 1
170 170 171 
1 171 1 1
171 171 172 
1 172 1 1
172 172 173 
1 173 1 1
173 173 174 
1 174 1 1
174 174 175 
1 175 1 1
175 175 176 
1 176 1 1
176 176 177 
1 177 1 1
177 177 178 
1 178 1 1
178 178 179 
1 179 1 1
179 179 180 
1 180 1 1
180 180 181 
1 181 1 1
181 181 182 
1 182 1 1
182 182 183 
1 183 1 1
183 183 184 
1 184 1 1
184 184 185 
1 185 1 1
185 185 186 
1 186 1 1
186 186 187 
1 187 1 1
187 187 188 
1 188 1 1
188 188 189 
1 189 1 1
189 189 190 
1 190 1 1
190 190 191 
1 191 1 1
191 191 192 
1 192 1 1
192 192 193 
1 193 1 1
193 193 194 
1 194 1 1
194 194 195 
1 195 1 1
195 195 196 
1 196 1 1
196 196 197 
1 197 1 1
197 197 198 
1 198 1 1
198 198 199 
1 199 1 1
199 199 200 
1 200 1 1
200 200 201 
1 201 1 1
201 201 202 
1 202 1 1
202 202 203 
1 203 1 1
203 203 204 
1 204 1 1
204 204 205 
1 205 1 1
205 205 206 
1 206 1 1
206 206 207 
1 207 1 1
207 207 208 
1 208 1 1
208 208 209 
1 209 1 1
209 209 210 
1 210 1 1
210 210 211 
1 211 1 1
211 211 212 
1 212 1 1
212 212 213 
1 213 1 1
213 213 214 
1 214 1 1
214 214 215 
1 215 1 1
215 215 216 
1 216 1 1
216 216 217 
1 217 1 1
217 217 218 
1 218 1 1
218 218 219 
1 219 1 1
219 219 220 
1 220 1 1
220 220 221 
1 221 1 1
221 221 222 
1 222 1 1
222 222 223 
1 223 1 1
223 223 224 
1 224 1 1
224 224 225 
1 225 1 1
225 225 226 
1 226 1 1
226 226 227 
1 227 1 1
227 227 228 
1 228 1 1
228 228 229 
1 229 1 1
229 229 230 
1 230 1 1
230 230 231 
1 231 1 1
231 231 232 
1 232 1 1
232 232 233 
1 233 1 1
233 233 234 
1 234 1 1
234 234 235 
1 235 1 1
235 235 236 
1 236 1 1
236 236 237 
1 237 1 1
237 237 238 
1 238 1 1
238 238 239 
1 239 1 1
239 239 240 
1 240 1 1
240 240 1 
2 1 2 1554
241 537 538 536 
242 537 613 538 
243 332 807 652 
244 652 807 679 
245 632 634 513 
246 695 751 712 
247 711 741 481 
248 549 674 666 
249 630 715 479 
250 496 770 662 
251 610 816 742 
252 478 761 709 
253 712 751 477 
254 316 598 315 
255 322 600 321 
256 328 608 327 
257 334 601 333 
258 318 599 317 
259 326 669 325 
260 607 730 713 
261 479 871 630 
262 709 744 478 
263 610 742 727 
264 563 717 621 
265 42 296 41 
266 102 303 101 
267 222 302 221 
268 72 289 71 
269 132 297 131 
270 27 295 26 
271 192 304 191 
272 177 298 176 
273 117 299 116 
274 57 293 56 
275 162 301 161 
276 237 292 236 
277 12 291 11 
278 147 294 146 
279 207 300 206 
280 87 290 86 
281 666 687 549 
282 747 753 635 
283 503 878 647 
284 74 785 73 
285 209 793 208 
286 29 788 28 
287 104 796 103 
288 134 791 133 
289 239 786 238 
290 119 790 118 
291 44 787 43 
292 164 792 163 
293 59 789 58 
294 194 795 193 
295 179 794 178 
296 331 868 602 
297 661 669 592 
298 662 770 623 
299 2 262 1 
300 197 258 196 
301 212 260 211 
302 62 261 61 
303 32 263 31 
304 182 271 181 
305 107 266 106 
306 122 259 121 
307 137 267 136 
308 17 272 16 
309 77 270 76 
310 47 268 46 
311 152 269 151 
312 92 264 91 
313 631 809 532 
314 641 882 795 
315 713 730 436 
316 710 741 711 
317 795 882 314 
318 484 848 772 
319 492 848 484 
320 502 777 661 
321 662 675 500 
322 809 877 532 
323 332 868 331 
324 306 793 680 
325 634 671 513 
326 636 864 541 
327 639 862 547 
328 637 859 342 
329 316 611 598 
330 328 609 608 
331 322 622 600 
332 318 632 599 
333 334 605 601 
334 663 878 503 
335 195 795 194 
336 135 791 134 
337 120 790 119 
338 180 794 179 
339 105 796 104 
340 75 785 74 
341 165 792 164 
342 210 793 209 
343 240 786 239 
344 60 789 59 
345 30 788 29 
346 45 787 44 
347 315 598 251 
348 321 600 256 
349 333 601 252 
350 327 608 253 
351 331 602 254 
352 317 599 246 
353 325 669 248 
354 643 808 626 
355 687 783 550 
356 534 654 519 
357 635 681 518 
358 224 828 223 
359 14 829 13 
360 149 830 148 
361 643 849 808 
362 416 774 692 
363 383 753 747 
364 650 724 581 
365 753 853 635 
366 502 661 592 
367 653 654 534 
368 513 819 632 
369 646 667 522 
370 573 675 662 
371 554 800 644 
372 347 729 345 
373 500 675 620 
374 522 682 646 
375 326 803 669 
376 688 836 591 
377 381 710 375 
378 288 869 572 
379 520 721 682 
380 644 804 554 
381 591 773 688 
382 596 717 563 
383 610 727 609 
384 743 769 314 
385 376 708 707 
386 692 774 596 
387 614 846 613 
388 808 849 312 
389 645 776 585 
390 727 778 609 
391 780 822 326 
392 558 896 559 
393 551 897 552 
394 89 879 88 
395 484 831 483 
396 761 763 705 
397 614 873 846 
398 549 687 550 
399 642 852 595 
400 376 707 706 
401 478 763 761 
402 585 857 645 
403 534 680 653 
404 345 729 641 
405 694 712 699 
406 715 725 479 
407 572 869 675 
408 541 864 672 
409 547 862 674 
410 342 859 673 
411 183 536 182 
412 198 341 197 
413 153 546 152 
414 33 553 32 
415 63 565 62 
416 123 569 122 
417 93 560 92 
418 3 567 2 
419 138 555 137 
420 213 544 212 
421 78 577 77 
422 18 574 17 
423 172 339 171 
424 232 337 231 
425 52 545 51 
426 48 572 47 
427 108 540 107 
428 695 712 694 
429 480 871 479 
430 694 699 698 
431 436 730 722 
432 717 822 621 
433 661 777 584 
434 635 853 681 
435 619 851 686 
436 662 842 573 
437 381 741 710 
438 520 682 522 
439 684 685 439 
440 680 793 653 
441 652 868 332 
442 711 817 604 
443 647 777 503 
444 723 724 650 
445 431 853 753 
446 685 775 439 
447 650 770 496 
448 818 870 506 
449 810 855 510 
450 661 890 669 
451 595 802 642 
452 614 769 743 
453 250 862 639 
454 244 864 636 
455 245 859 637 
456 623 842 662 
457 795 880 641 
458 427 729 347 
459 518 681 534 
460 630 750 715 
461 225 828 224 
462 15 829 14 
463 150 830 149 
464 626 885 643 
465 669 803 592 
466 772 831 484 
467 545 869 288 
468 722 779 436 
469 682 721 461 
470 581 770 650 
471 375 710 376 
472 480 659 658 
473 651 861 308 
474 646 865 667 
475 715 750 690 
476 503 677 663 
477 631 810 809 
478 361 698 359 
479 247 896 558 
480 255 897 551 
481 358 748 360 
482 776 806 514 
483 395 684 420 
484 603 779 722 
485 686 852 619 
486 308 835 651 
487 359 698 374 
488 621 822 780 
489 839 875 712 
490 429 677 468 
491 434 755 432 
492 622 870 818 
493 742 816 590 
494 444 733 671 
495 586 865 646 
496 594 775 685 
497 425 702 473 
498 420 684 439 
499 537 614 613 
500 481 817 711 
501 376 706 370 
502 398 690 417 
503 613 626 538 
504 383 747 738 
505 401 733 444 
506 631 855 810 
507 678 784 783 
508 689 725 715 
509 809 810 336 
510 446 720 414 
511 709 761 707 
512 800 818 506 
513 712 875 699 
514 468 677 503 
515 418 723 437 
516 497 676 454 
517 473 702 495 
518 422 678 434 
519 393 696 382 
520 708 709 707 
521 302 655 316 
522 291 656 328 
523 294 657 318 
524 434 783 687 
525 762 823 814 
526 670 728 427 
527 515 720 446 
528 687 755 434 
529 783 784 760 
530 652 679 504 
531 376 710 708 
532 696 732 695 
533 736 738 533 
534 368 748 358 
535 437 723 650 
536 382 696 377 
537 654 821 519 
538 370 706 366 
539 835 840 651 
540 472 694 693 
541 302 828 655 
542 291 829 656 
543 294 830 657 
544 373 697 380 
545 706 707 704 
546 392 690 398 
547 559 896 734 
548 552 897 735 
549 659 660 658 
550 314 769 313 
551 620 810 510 
552 510 713 476 
553 693 698 361 
554 472 693 371 
555 360 748 718 
556 378 716 386 
557 638 769 537 
558 619 852 642 
559 372 716 378 
560 366 706 703 
561 814 823 655 
562 499 691 442 
563 430 677 429 
564 689 690 392 
565 698 699 374 
566 844 866 570 
567 604 834 711 
568 766 844 570 
569 649 827 612 
570 426 686 469 
571 513 671 511 
572 782 891 602 
573 405 684 395 
574 316 629 611 
575 328 610 609 
576 322 623 622 
577 318 633 632 
578 334 647 605 
579 604 817 603 
580 766 891 782 
581 579 765 764 
582 369 697 373 
583 476 713 435 
584 448 702 425 
585 691 776 514 
586 645 806 776 
587 497 727 676 
588 379 701 384 
589 703 706 704 
590 710 711 708 
591 676 742 458 
592 385 689 392 
593 472 695 694 
594 720 774 416 
595 462 726 461 
596 488 691 514 
597 764 765 701 
598 671 733 511 
599 648 818 800 
600 699 700 374 
601 504 679 493 
602 581 724 475 
603 414 720 412 
604 454 676 452 
605 427 767 670 
606 705 756 716 
607 732 751 695 
608 479 725 421 
609 407 678 422 
610 688 702 448 
611 496 500 476 
612 426 469 443 
613 438 493 428 
614 683 685 684 
615 389 725 689 
616 473 494 475 
617 468 502 501 
618 385 392 382 
619 437 476 435 
620 420 426 421 
621 664 665 585 
622 396 723 418 
623 417 428 400 
624 514 643 507 
625 378 382 377 
626 649 876 827 
627 788 804 330 
628 391 402 396 
629 384 391 387 
630 483 531 485 
631 379 384 381 
632 429 468 446 
633 529 585 499 
634 373 379 375 
635 475 724 424 
636 391 396 387 
637 371 693 363 
638 384 387 381 
639 372 377 371 
640 502 592 501 
641 529 664 585 
642 468 501 446 
643 379 381 375 
644 690 750 417 
645 527 528 526 
646 467 483 466 
647 378 385 382 
648 439 686 426 
649 701 739 384 
650 463 498 497 
651 496 662 500 
652 445 697 369 
653 373 375 370 
654 369 373 370 
655 525 526 516 
656 493 512 511 
657 437 496 476 
658 524 652 504 
659 488 507 489 
660 398 400 399 
661 521 530 498 
662 683 684 405 
663 461 721 457 
664 463 497 454 
665 422 434 432 
666 372 378 377 
667 421 725 394 
668 412 416 410 
669 395 420 394 
670 494 506 475 
671 518 519 492 
672 441 529 499 
673 389 689 385 
674 495 644 494 
675 429 446 414 
676 686 851 469 
677 380 701 379 
678 438 504 493 
679 452 458 450 
680 401 444 407 
681 500 620 510 
682 392 398 393 
683 426 443 421 
684 418 437 435 
685 518 534 519 
686 738 747 533 
687 417 438 428 
688 603 817 779 
689 425 473 424 
690 473 475 424 
691 458 836 688 
692 390 394 389 
693 689 715 690 
694 418 435 419 
695 704 705 474 
696 366 703 364 
697 461 726 682 
698 420 421 394 
699 442 691 471 
700 493 679 512 
701 452 676 458 
702 718 719 445 
703 683 692 685 
704 403 424 402 
705 398 417 400 
706 531 586 485 
707 450 688 448 
708 488 514 507 
709 444 678 407 
710 526 663 516 
711 471 691 488 
712 465 466 462 
713 367 372 371 
714 377 696 472 
715 396 418 397 
716 295 788 330 
717 289 785 334 
718 296 787 322 
719 297 791 332 
720 292 786 308 
721 293 789 336 
722 300 793 306 
723 304 795 314 
724 298 794 312 
725 483 485 466 
726 509 516 430 
727 386 389 385 
728 367 371 363 
729 410 683 405 
730 415 429 414 
731 522 651 521 
732 471 488 487 
733 441 499 442 
734 435 713 436 
735 369 370 366 
736 416 692 683 
737 360 718 362 
738 527 532 528 
739 467 484 483 
740 736 754 482 
741 402 724 723 
742 520 521 498 
743 704 761 705 
744 509 722 525 
745 525 527 526 
746 472 696 695 
747 507 508 489 
748 400 401 399 
749 432 441 433 
750 413 414 412 
751 474 716 372 
752 199 283 198 
753 229 589 228 
754 156 639 155 
755 83 568 82 
756 169 588 168 
757 188 638 187 
758 109 275 108 
759 184 279 183 
760 171 287 170 
761 34 281 33 
762 139 278 138 
763 40 256 39 
764 231 284 230 
765 160 250 159 
766 190 249 189 
767 51 288 50 
768 94 273 93 
769 218 251 217 
770 25 247 24 
771 68 557 67 
772 158 250 157 
773 100 255 99 
774 96 273 95 
775 130 254 129 
776 220 251 219 
777 214 276 213 
778 19 274 18 
779 53 242 52 
780 141 539 140 
781 98 551 97 
782 8 556 7 
783 49 288 48 
784 115 244 114 
785 70 252 69 
786 85 248 84 
787 128 543 127 
788 145 246 144 
789 203 245 202 
790 6 556 5 
791 10 253 9 
792 143 246 142 
793 154 280 153 
794 233 243 232 
795 173 241 172 
796 124 285 123 
797 126 543 125 
798 64 286 63 
799 23 247 22 
800 4 282 3 
801 66 557 65 
802 79 277 78 
803 111 275 110 
804 55 242 54 
805 205 245 204 
806 38 256 37 
807 235 243 234 
808 175 241 174 
809 186 638 185 
810 21 558 20 
811 201 637 200 
812 36 571 35 
813 167 588 166 
814 81 568 80 
815 216 566 215 
816 113 636 112 
817 227 589 226 
818 412 720 416 
819 512 513 511 
820 420 439 426 
821 465 467 466 
822 377 472 371 
823 458 688 450 
824 365 445 369 
825 627 628 524 
826 460 461 457 
827 493 511 428 
828 533 754 736 
829 509 525 516 
830 400 733 401 
831 705 716 474 
832 398 399 393 
833 455 463 454 
834 488 489 487 
835 473 495 494 
836 523 524 504 
837 316 655 629 
838 328 656 610 
839 318 657 633 
840 443 480 479 
841 390 395 394 
842 422 432 423 
843 435 436 419 
844 500 510 476 
845 365 369 366 
846 373 380 379 
847 411 412 410 
848 392 393 382 
849 416 683 410 
850 694 698 693 
851 402 723 396 
852 403 425 424 
853 362 718 365 
854 453 454 452 
855 682 726 646 
856 468 503 502 
857 613 846 626 
858 511 733 428 
859 418 419 397 
860 375 376 370 
861 386 390 389 
862 391 403 402 
863 517 518 492 
864 407 422 408 
865 463 721 520 
866 460 462 461 
867 666 755 687 
868 415 430 429 
869 714 717 515 
870 648 800 554 
871 681 797 680 
872 516 677 430 
873 396 397 387 
874 522 667 651 
875 466 726 462 
876 363 693 361 
877 409 410 405 
878 424 724 402 
879 501 714 515 
880 491 492 484 
881 607 631 532 
882 378 386 385 
883 451 452 450 
884 583 728 670 
885 365 718 445 
886 529 666 664 
887 401 407 406 
888 592 714 501 
889 501 515 446 
890 728 729 427 
891 791 807 332 
892 789 809 336 
893 794 808 312 
894 367 474 372 
895 520 522 521 
896 413 415 414 
897 394 725 389 
898 463 520 498 
899 508 583 582 
900 441 442 433 
901 336 811 335 
902 485 726 466 
903 627 658 628 
904 700 746 374 
905 404 405 395 
906 437 650 496 
907 703 704 474 
908 785 843 334 
909 787 842 322 
910 449 450 448 
911 455 721 463 
912 506 581 475 
913 432 433 423 
914 737 738 736 
915 393 732 696 
916 411 413 412 
917 432 755 441 
918 469 851 757 
919 786 835 308 
920 523 627 524 
921 438 523 504 
922 391 739 403 
923 443 479 421 
924 646 726 485 
925 447 448 425 
926 603 722 509 
927 464 465 462 
928 453 455 454 
929 403 739 447 
930 397 741 387 
931 846 885 626 
932 674 863 666 
933 422 423 408 
934 663 677 516 
935 705 763 756 
936 440 509 430 
937 586 646 485 
938 517 635 518 
939 766 782 628 
940 660 866 844 
941 528 877 668 
942 431 753 348 
943 409 411 410 
944 359 374 357 
945 471 487 486 
946 722 730 525 
947 481 741 397 
948 365 366 364 
949 364 367 363 
950 451 453 452 
951 688 773 702 
952 491 517 492 
953 467 491 484 
954 527 607 532 
955 615 840 835 
956 407 408 406 
957 534 681 680 
958 428 733 400 
959 442 471 470 
960 457 721 455 
961 401 406 399 
962 508 582 489 
963 728 743 729 
964 583 670 582 
965 364 703 367 
966 529 755 666 
967 374 746 357 
968 353 388 351 
969 404 409 405 
970 585 776 499 
971 497 778 727 
972 593 595 594 
973 449 451 450 
974 349 427 347 
975 459 460 457 
976 390 404 395 
977 335 811 242 
978 345 641 343 
979 619 642 542 
980 634 784 671 
981 563 621 561 
982 456 457 455 
983 487 731 580 
984 562 593 564 
985 576 617 591 
986 447 449 448 
987 438 750 523 
988 384 739 391 
989 403 447 425 
990 464 482 465 
991 530 778 498 
992 367 703 474 
993 702 773 495 
994 460 464 462 
995 419 481 397 
996 503 777 502 
997 346 431 348 
998 562 735 593 
999 576 734 617 
1000 350 383 352 
1001 628 782 524 
1002 387 741 381 
1003 440 603 509 
1004 415 440 430 
1005 356 368 358 
1006 487 580 486 
1007 353 745 388 
1008 362 365 364 
1009 671 784 444 
1010 633 634 632 
1011 525 730 527 
1012 527 730 607 
1013 342 673 344 
1014 547 674 549 
1015 541 672 618 
1016 348 753 350 
1017 442 470 433 
1018 346 740 431 
1019 757 845 469 
1020 411 744 413 
1021 716 756 386 
1022 471 486 470 
1023 482 754 465 
1024 523 750 630 
1025 718 748 719 
1026 362 363 361 
1027 324 866 815 
1028 658 871 480 
1029 818 886 600 
1030 523 630 627 
1031 587 736 482 
1032 467 754 491 
1033 417 750 438 
1034 707 761 704 
1035 249 769 638 
1036 489 731 487 
1037 313 769 249 
1038 727 742 676 
1039 453 456 455 
1040 399 732 393 
1041 593 594 564 
1042 423 477 408 
1043 320 802 735 
1044 490 587 482 
1045 552 735 562 
1046 559 734 576 
1047 456 459 457 
1048 494 800 506 
1049 409 478 411 
1050 460 752 464 
1051 587 737 736 
1052 355 746 745 
1053 738 771 383 
1054 673 740 344 
1055 441 755 529 
1056 491 533 517 
1057 388 767 351 
1058 386 756 390 
1059 517 747 635 
1060 362 364 363 
1061 360 361 359 
1062 350 753 383 
1063 531 762 586 
1064 406 732 399 
1065 582 731 489 
1066 449 579 451 
1067 748 847 719 
1068 465 754 467 
1069 596 774 717 
1070 640 877 809 
1071 358 359 357 
1072 357 746 355 
1073 464 490 482 
1074 701 765 739 
1075 390 756 404 
1076 459 752 460 
1077 440 604 603 
1078 356 357 355 
1079 456 505 459 
1080 354 355 353 
1081 480 845 659 
1082 486 578 470 
1083 352 353 351 
1084 491 754 533 
1085 350 351 349 
1086 348 349 347 
1087 346 347 345 
1088 505 535 459 
1089 349 767 427 
1090 355 745 353 
1091 490 606 587 
1092 628 844 766 
1093 505 597 535 
1094 597 616 535 
1095 564 596 563 
1096 562 564 563 
1097 576 591 590 
1098 388 781 767 
1099 346 348 347 
1100 348 350 349 
1101 350 352 351 
1102 413 758 415 
1103 352 354 353 
1104 354 356 355 
1105 576 590 575 
1106 562 563 561 
1107 360 362 361 
1108 356 358 357 
1109 358 360 359 
1110 665 857 585 
1111 433 759 423 
1112 672 757 618 
1113 344 346 345 
1114 819 889 599 
1115 415 758 440 
1116 478 744 411 
1117 344 345 343 
1118 618 619 542 
1119 549 550 548 
1120 464 752 490 
1121 344 740 346 
1122 451 749 453 
1123 436 779 419 
1124 744 758 413 
1125 408 751 406 
1126 552 562 561 
1127 559 576 575 
1128 735 802 593 
1129 767 781 670 
1130 470 759 433 
1131 651 840 521 
1132 526 832 663 
1133 815 866 660 
1134 533 747 517 
1135 624 645 340 
1136 643 885 507 
1137 423 759 477 
1138 306 797 673 
1139 737 771 738 
1140 380 764 701 
1141 685 858 594 
1142 404 763 409 
1143 453 749 456 
1144 847 854 719 
1145 445 893 697 
1146 739 765 447 
1147 477 751 408 
1148 535 752 459 
1149 667 861 651 
1150 506 870 581 
1151 440 758 604 
1152 447 765 449 
1153 383 771 352 
1154 648 886 818 
1155 579 749 451 
1156 342 344 343 
1157 541 618 542 
1158 547 549 548 
1159 443 845 480 
1160 409 763 478 
1161 633 760 634 
1162 406 751 732 
1163 578 759 470 
1164 668 824 528 
1165 713 855 607 
1166 456 749 505 
1167 717 774 515 
1168 559 575 574 
1169 552 561 560 
1170 697 826 380 
1171 537 769 614 
1172 756 763 404 
1173 678 783 434 
1174 622 818 600 
1175 550 783 760 
1176 519 848 492 
1177 330 805 734 
1178 338 814 589 
1179 340 588 287 
1180 338 589 284 
1181 515 774 720 
1182 553 648 554 
1183 565 668 640 
1184 544 654 653 
1185 572 675 573 
1186 555 649 612 
1187 577 661 584 
1188 444 784 678 
1189 499 776 691 
1190 616 768 535 
1191 629 772 611 
1192 324 815 672 
1193 649 889 819 
1194 340 825 588 
1195 632 819 599 
1196 762 814 338 
1197 449 765 579 
1198 351 767 349 
1199 356 798 368 
1200 792 825 665 
1201 337 625 338 
1202 339 624 340 
1203 816 867 575 
1204 734 805 617 
1205 714 822 717 
1206 697 893 841 
1207 569 766 570 
1208 490 768 606 
1209 532 877 528 
1210 439 775 686 
1211 314 882 743 
1212 659 815 660 
1213 582 781 731 
1214 498 778 497 
1215 90 879 89 
1216 617 773 591 
1217 352 771 354 
1218 326 822 803 
1219 711 834 708 
1220 752 768 490 
1221 656 867 816 
1222 530 833 778 
1223 737 798 771 
1224 299 866 324 
1225 595 775 594 
1226 731 799 580 
1227 182 536 271 
1228 2 567 262 
1229 62 565 261 
1230 92 560 264 
1231 197 341 258 
1232 122 569 259 
1233 137 555 267 
1234 152 546 269 
1235 32 553 263 
1236 212 544 260 
1237 77 577 270 
1238 17 574 272 
1239 107 540 266 
1240 47 572 268 
1241 611 821 598 
1242 837 894 548 
1243 483 831 531 
1244 821 887 598 
1245 505 801 597 
1246 729 882 641 
1247 535 768 752 
1248 596 858 692 
1249 547 548 546 
1250 541 542 540 
1251 342 343 341 
1252 672 864 324 
1253 673 859 306 
1254 657 894 837 
1255 524 782 652 
1256 692 858 685 
1257 801 826 597 
1258 606 813 587 
1259 680 797 306 
1260 310 874 863 
1261 419 779 481 
1262 627 871 658 
1263 681 898 797 
1264 623 870 622 
1265 670 781 582 
1266 675 869 620 
1267 700 820 746 
1268 863 874 664 
1269 621 856 561 
1270 790 866 299 
1271 719 854 616 
1272 771 798 354 
1273 301 874 310 
1274 654 887 821 
1275 477 839 712 
1276 514 806 643 
1277 743 873 614 
1278 743 882 729 
1279 781 799 731 
1280 799 820 580 
1281 642 881 542 
1282 641 880 343 
1283 290 780 326 
1284 486 838 578 
1285 757 815 659 
1286 838 875 578 
1287 798 813 368 
1288 757 851 618 
1289 564 858 596 
1290 644 800 494 
1291 807 827 679 
1292 605 824 601 
1293 832 878 663 
1294 590 816 575 
1295 742 836 458 
1296 673 797 740 
1297 770 870 623 
1298 728 873 743 
1299 592 803 714 
1300 633 837 760 
1301 593 802 595 
1302 354 798 356 
1303 579 801 749 
1304 609 833 608 
1305 745 799 388 
1306 764 801 579 
1307 760 784 634 
1308 760 837 550 
1309 231 337 284 
1310 171 339 287 
1311 51 545 288 
1312 616 893 719 
1313 626 808 538 
1314 642 895 881 
1315 510 855 713 
1316 495 872 644 
1317 289 334 333 
1318 291 328 327 
1319 297 332 331 
1320 294 318 317 
1321 296 322 321 
1322 295 330 329 
1323 301 310 309 
1324 302 316 315 
1325 304 314 313 
1326 303 320 319 
1327 290 326 325 
1328 293 336 335 
1329 298 312 311 
1330 299 324 323 
1331 292 308 307 
1332 300 306 305 
1333 590 836 742 
1334 536 538 271 
1335 567 615 262 
1336 553 554 263 
1337 569 570 259 
1338 565 640 261 
1339 544 653 260 
1340 555 612 267 
1341 572 573 268 
1342 577 584 270 
1343 792 874 301 
1344 812 892 833 
1345 303 895 320 
1346 764 826 801 
1347 778 833 609 
1348 802 895 642 
1349 606 847 813 
1350 644 805 804 
1351 388 799 781 
1352 697 841 826 
1353 759 839 477 
1354 591 836 590 
1355 531 823 762 
1356 655 828 814 
1357 644 872 805 
1358 624 806 645 
1359 780 856 621 
1360 656 816 610 
1361 700 838 820 
1362 322 842 623 
1363 334 843 647 
1364 550 837 548 
1365 339 340 287 
1366 337 338 284 
1367 708 834 709 
1368 679 827 512 
1369 749 801 505 
1370 758 884 604 
1371 745 820 799 
1372 773 872 495 
1373 664 874 665 
1374 587 813 737 
1375 659 845 757 
1376 672 815 757 
1377 310 863 862 
1378 737 813 798 
1379 289 333 71 
1380 297 331 131 
1381 295 329 26 
1382 293 335 56 
1383 291 327 11 
1384 301 309 161 
1385 296 321 41 
1386 304 313 191 
1387 294 317 146 
1388 299 323 116 
1389 302 315 221 
1390 298 311 176 
1391 292 307 236 
1392 300 305 206 
1393 303 319 101 
1394 290 325 86 
1395 660 844 658 
1396 531 831 823 
1397 595 852 775 
1398 746 820 745 
1399 337 860 625 
1400 655 823 629 
1401 528 832 526 
1402 665 874 792 
1403 862 863 674 
1404 521 840 530 
1405 567 812 615 
1406 616 854 768 
1407 779 817 481 
1408 469 845 443 
1409 242 811 545 
1410 775 852 686 
1411 814 828 257 
1412 73 785 289 
1413 28 788 295 
1414 208 793 300 
1415 133 791 297 
1416 118 790 299 
1417 43 787 296 
1418 238 786 292 
1419 163 792 301 
1420 103 796 303 
1421 58 789 293 
1422 193 795 304 
1423 178 794 298 
1424 666 863 664 
1425 846 873 583 
1426 658 844 628 
1427 508 846 583 
1428 265 825 792 
1429 699 875 700 
1430 508 885 846 
1431 796 895 303 
1432 657 837 633 
1433 507 885 508 
1434 512 876 513 
1435 740 898 431 
1436 824 888 601 
1437 827 876 512 
1438 777 843 584 
1439 719 893 445 
1440 583 873 728 
1441 554 804 788 
1442 833 892 608 
1443 668 888 824 
1444 810 811 336 
1445 339 850 624 
1446 762 883 586 
1447 320 895 802 
1448 368 847 748 
1449 700 875 838 
1450 812 833 530 
1451 647 843 777 
1452 709 884 744 
1453 607 855 631 
1454 580 838 486 
1455 620 811 810 
1456 804 805 330 
1457 266 796 105 
1458 258 795 195 
1459 267 791 135 
1460 265 792 165 
1461 259 790 120 
1462 270 785 75 
1463 271 794 180 
1464 260 793 210 
1465 261 789 60 
1466 268 787 45 
1467 262 786 240 
1468 263 788 30 
1469 823 831 629 
1470 275 636 541 
1471 283 637 342 
1472 280 639 547 
1473 279 638 537 
1474 617 872 773 
1475 561 856 560 
1476 223 828 302 
1477 13 829 291 
1478 148 830 294 
1479 597 841 616 
1480 380 826 764 
1481 735 897 320 
1482 734 896 330 
1483 629 831 772 
1484 647 878 605 
1485 559 574 274 
1486 552 560 273 
1487 824 832 528 
1488 813 847 368 
1489 618 851 619 
1490 630 871 627 
1491 544 887 654 
1492 553 886 648 
1493 555 889 649 
1494 565 888 668 
1495 577 890 661 
1496 578 839 759 
1497 820 838 580 
1498 645 857 340 
1499 594 858 564 
1500 343 880 341 
1501 542 881 540 
1502 604 884 834 
1503 338 883 762 
1504 575 867 574 
1505 881 895 796 
1506 312 850 311 
1507 538 794 271 
1508 640 789 261 
1509 615 786 262 
1510 570 790 259 
1511 612 791 267 
1512 573 787 268 
1513 653 793 260 
1514 584 785 270 
1515 554 788 263 
1516 569 891 766 
1517 602 868 782 
1518 548 894 546 
1519 640 809 789 
1520 612 807 791 
1521 538 808 794 
1522 88 879 290 
1523 806 849 643 
1524 772 848 611 
1525 744 884 758 
1526 668 877 640 
1527 251 598 566 
1528 256 600 571 
1529 248 669 568 
1530 246 599 539 
1531 254 602 543 
1532 558 559 274 
1533 253 608 556 
1534 252 601 557 
1535 551 552 273 
1536 275 541 540 
1537 283 342 341 
1538 280 547 546 
1539 279 537 536 
1540 606 854 847 
1541 768 854 606 
1542 625 883 338 
1543 605 832 824 
1544 782 868 652 
1545 803 822 714 
1546 826 841 597 
1547 615 835 786 
1548 812 840 615 
1549 306 859 305 
1550 308 860 307 
1551 324 864 323 
1552 310 862 309 
1553 570 866 790 
1554 624 849 806 
1555 320 897 319 
1556 330 896 329 
1557 581 870 770 
1558 860 861 625 
1559 530 840 812 
1560 612 827 807 
1561 600 886 571 
1562 599 889 539 
1563 601 888 557 
1564 598 887 566 
1565 669 890 568 
1566 602 891 543 
1567 608 892 556 
1568 861 865 625 
1569 797 898 740 
1570 308 861 860 
1571 578 875 839 
1572 257 828 225 
1573 272 829 15 
1574 269 830 150 
1575 611 848 821 
1576 667 865 861 
1577 290 879 780 
1578 589 814 257 
1579 573 842 787 
1580 584 843 785 
1581 560 856 264 
1582 849 850 312 
1583 811 869 545 
1584 821 848 519 
1585 620 869 811 
1586 624 850 849 
1587 586 883 865 
1588 567 892 812 
1589 341 880 258 
1590 540 881 266 
1591 283 341 198 
1592 279 536 183 
1593 281 553 33 
1594 275 540 108 
1595 278 555 138 
1596 282 567 3 
1597 274 574 18 
1598 277 577 78 
1599 286 565 63 
1600 276 544 213 
1601 288 572 48 
1602 273 560 93 
1603 280 546 153 
1604 242 545 52 
1605 285 569 123 
1606 241 339 172 
1607 243 337 232 
1608 605 878 832 
1609 431 898 853 
1610 340 857 825 
1611 588 825 265 
1612 805 872 617 
1613 546 894 269 
1614 574 867 272 
1615 819 876 649 
1616 220 315 251 
1617 100 319 255 
1618 115 323 244 
1619 190 313 249 
1620 235 307 243 
1621 40 321 256 
1622 160 309 250 
1623 145 317 246 
1624 205 305 245 
1625 175 311 241 
1626 25 329 247 
1627 55 335 242 
1628 85 325 248 
1629 10 327 253 
1630 70 333 252 
1631 226 589 257 
1632 130 331 254 
1633 166 588 265 
1634 243 860 337 
1635 825 857 665 
1636 241 850 339 
1637 513 876 819 
1638 311 850 241 
1639 834 884 709 
1640 272 867 829 
1641 841 893 616 
1642 571 886 281 
1643 539 889 278 
1644 557 888 286 
1645 566 887 276 
1646 568 890 277 
1647 543 891 285 
1648 829 867 656 
1649 556 892 282 
1650 865 883 625 
1651 305 859 245 
1652 307 860 243 
1653 309 862 250 
1654 323 864 244 
1655 853 898 681 
1656 856 879 264 
1657 264 879 90 
1658 282 892 567 
1659 285 891 569 
1660 277 890 577 
1661 278 889 555 
1662 276 887 544 
1663 281 886 553 
1664 286 888 565 
1665 258 880 795 
1666 266 881 796 
1667 780 879 856 
1668 251 566 217 
1669 284 589 229 
1670 155 639 280 
1671 248 568 83 
1672 249 638 188 
1673 111 636 275 
1674 245 637 202 
1675 287 588 169 
1676 254 543 128 
1677 247 558 22 
1678 252 557 68 
1679 256 571 37 
1680 246 539 142 
1681 96 551 273 
1682 253 556 8 
1683 5 556 282 
1684 125 543 285 
1685 255 551 98 
1686 140 539 278 
1687 65 557 286 
1688 250 639 157 
1689 20 558 274 
1690 200 637 283 
1691 185 638 279 
1692 80 568 277 
1693 35 571 281 
1694 215 566 276 
1695 244 636 113 
1696 269 894 830 
1697 830 894 657 
1698 329 896 247 
1699 319 897 255 
1700 1 262 240 
1701 31 263 30 
1702 41 321 40 
1703 61 261 60 
1704 166 265 165 
1705 46 268 45 
1706 16 272 15 
1707 11 327 10 
1708 26 329 25 
1709 211 260 210 
1710 86 325 85 
1711 196 258 195 
1712 91 264 90 
1713 56 335 55 
1714 146 317 145 
1715 206 305 205 
1716 181 271 180 
1717 71 333 70 
1718 191 313 190 
1719 106 266 105 
1720 131 331 130 
1721 136 267 135 
1722 121 259 120 
1723 151 269 150 
1724 221 315 220 
1725 161 309 160 
1726 236 307 235 
1727 176 311 175 
1728 101 319 100 
1729 76 270 75 
1730 226 257 225 
1731 116 323 115 
1732 133 297 132 
1733 208 300 207 
1734 88 290 87 
1735 103 303 102 
1736 28 295 27 
1737 13 291 12 
1738 178 298 177 
1739 193 304 192 
1740 238 292 237 
1741 43 296 42 
1742 223 302 222 
1743 58 293 57 
1744 148 294 147 
1745 73 289 72 
1746 118 299 117 
1747 163 301 162 
1748 129 254 128 
1749 37 571 36 
1750 39 256 38 
1751 114 244 113 
1752 112 636 111 
1753 125 285 124 
1754 84 248 83 
1755 22 558 21 
1756 99 255 98 
1757 54 242 53 
1758 20 274 19 
1759 97 551 96 
1760 80 277 79 
1761 50 288 49 
1762 215 276 214 
1763 5 282 4 
1764 7 556 6 
1765 9 253 8 
1766 65 286 64 
1767 67 557 66 
1768 24 247 23 
1769 144 246 143 
1770 82 568 81 
1771 95 273 94 
1772 69 252 68 
1773 219 251 218 
1774 217 566 216 
1775 35 281 34 
1776 185 279 184 
1777 127 543 126 
1778 187 638 186 
1779 110 275 109 
1780 189 249 188 
1781 202 637 201 
1782 140 278 139 
1783 159 250 158 
1784 142 539 141 
1785 170 287 169 
1786 155 280 154 
1787 200 283 199 
1788 230 284 229 
1789 157 639 156 
1790 174 241 173 
1791 204 245 203 
1792 168 588 167 
1793 228 589 227 
1794 234 243 233 
$EndElements
